model,accuracy,f1_macro,precision_macro,recall_macro
SVM-rbf,0.9210526315789473,0.9206846045184757,0.9222776545947279,0.9198107448107448
