filename,label,frame_idx,rms,zcr,spectral_centroid,mfcc_1,mfcc_2,mfcc_3,mfcc_4,mfcc_5,mfcc_6,mfcc_7,mfcc_8,mfcc_9,mfcc_10,mfcc_11,mfcc_12,mfcc_13
Normal Conversation - Dataset 1.m4a,normal_conversation,0,0.0007303999154828489,0.16259765625,1496.2149362587124,-720.3588256835938,57.3159065246582,39.54615020751953,24.539897918701172,18.307985305786133,16.58454132080078,12.69842529296875,6.401999473571777,3.1327168941497803,5.82200813293457,10.29806900024414,10.040876388549805,3.925034761428833
Normal Conversation - Dataset 1.m4a,normal_conversation,1,0.0012619832996279001,0.16455078125,1314.9420904270478,-618.212890625,115.3309097290039,24.82693099975586,32.47137451171875,21.282981872558594,14.092249870300293,17.609437942504883,4.2086286544799805,-1.991365909576416,4.80305814743042,14.588369369506836,14.892341613769531,4.07196044921875
Normal Conversation - Dataset 1.m4a,normal_conversation,2,0.0017129330663010478,0.166015625,1165.0095065027358,-604.126220703125,123.4020004272461,29.119327545166016,34.59893035888672,27.70250701904297,16.30344581604004,14.621889114379883,4.092992305755615,-3.784877061843872,1.9845991134643555,10.203008651733398,13.798603057861328,3.7994368076324463
Normal Conversation - Dataset 1.m4a,normal_conversation,3,0.002146695274859667,0.0498046875,1159.3660549484493,-633.611572265625,117.88801574707031,50.32376480102539,25.946035385131836,38.6097412109375,23.177806854248047,9.376945495605469,2.4451537132263184,-3.679962635040283,-0.9706318974494934,8.735381126403809,12.231608390808105,5.576394081115723
Normal Conversation - Dataset 1.m4a,normal_conversation,4,0.0023430611472576857,0.01416015625,1438.1238765915564,-622.3692626953125,101.90474700927734,57.95469665527344,23.804645538330078,42.342498779296875,26.86460304260254,5.29576301574707,5.516350746154785,-2.797280788421631,2.599416732788086,5.982845306396484,11.790779113769531,11.347875595092773
Normal Conversation - Dataset 1.m4a,normal_conversation,5,0.0023780588526278734,0.01318359375,2025.7519035095147,-614.0931396484375,82.67111206054688,57.055389404296875,24.143089294433594,38.2327880859375,25.88269805908203,4.12351131439209,9.042238235473633,-0.5532451272010803,1.775075912475586,7.7391462326049805,14.289783477783203,9.431035995483398
Normal Conversation - Dataset 1.m4a,normal_conversation,6,0.0022972053848206997,0.01806640625,1962.331956875697,-611.4239501953125,82.96368408203125,56.462677001953125,23.632022857666016,37.900360107421875,25.67963218688965,8.16562557220459,11.321765899658203,-2.048186779022217,3.888160228729248,12.765558242797852,18.22556495666504,9.013373374938965
Normal Conversation - Dataset 1.m4a,normal_conversation,7,0.0021002457942813635,0.01806640625,1689.7929027409355,-618.9773559570312,94.60211944580078,46.81910705566406,15.892148971557617,40.62723159790039,30.006668090820312,9.353130340576172,15.53427791595459,4.234545707702637,3.1112794876098633,11.1015043258667,15.380863189697266,8.344961166381836
Normal Conversation - Dataset 1.m4a,normal_conversation,8,0.0018804651917889714,0.01904296875,1497.9014173023343,-628.2617797851562,102.89471435546875,43.00555419921875,18.659170150756836,40.276851654052734,28.262264251708984,6.261640548706055,12.787151336669922,6.100903511047363,2.9807300567626953,6.32456111907959,13.119664192199707,9.427358627319336
Normal Conversation - Dataset 1.m4a,normal_conversation,9,0.0017265069764107466,0.025390625,2310.216816923415,-628.0469970703125,82.164306640625,53.969764709472656,16.9270076751709,39.572898864746094,22.304302215576172,-1.9760355949401855,13.758014678955078,-2.9064598083496094,6.871209144592285,6.817017555236816,15.329007148742676,9.852733612060547
Normal Conversation - Dataset 1.m4a,normal_conversation,10,0.0016020386246964335,0.02294921875,2872.6604657582675,-617.3076782226562,68.56138610839844,63.39693832397461,17.29682731628418,44.68791961669922,21.91946029663086,-8.60987377166748,16.107994079589844,-5.852440357208252,9.640721321105957,10.20182991027832,14.674381256103516,7.962163925170898
Normal Conversation - Dataset 1.m4a,normal_conversation,11,0.0018968036165460944,0.02685546875,2478.3501663060533,-614.804931640625,75.19059753417969,63.551361083984375,21.56983184814453,46.40296173095703,29.15343475341797,-3.657209873199463,6.043851375579834,-9.589288711547852,6.760263442993164,9.423402786254883,18.421524047851562,6.958244323730469
Normal Conversation - Dataset 1.m4a,normal_conversation,12,0.0020093664061278105,0.02880859375,2621.6242495808056,-600.0254516601562,68.54981231689453,62.20256042480469,25.413803100585938,31.22567367553711,40.52945327758789,-1.5547997951507568,-1.5676422119140625,-8.634210586547852,11.203973770141602,-2.7098658084869385,27.14801025390625,5.0663251876831055
Normal Conversation - Dataset 1.m4a,normal_conversation,13,0.0019063609652221203,0.02783203125,2596.9704251167204,-594.7062377929688,60.60844421386719,59.58030700683594,27.7239990234375,23.983789443969727,47.22099304199219,2.289506673812866,0.16776007413864136,-2.3525679111480713,9.253379821777344,1.4932374954223633,25.979206085205078,3.5191445350646973
Normal Conversation - Dataset 1.m4a,normal_conversation,14,0.0018620432820171118,0.02978515625,2579.44541390365,-609.8590698242188,61.00708770751953,52.94232177734375,33.455177307128906,20.986238479614258,50.33197021484375,7.474603652954102,-3.826486587524414,1.3862966299057007,-3.2764368057250977,4.622446537017822,21.073715209960938,-2.5575850009918213
Normal Conversation - Dataset 1.m4a,normal_conversation,15,0.0016148093855008483,0.02197265625,2723.852987047727,-617.5408325195312,66.1163330078125,51.39443588256836,31.225875854492188,16.00940704345703,45.10282516479492,6.098481178283691,-7.281829833984375,9.274334907531738,-3.491957902908325,6.805660247802734,24.602649688720703,-0.600287675857544
Normal Conversation - Dataset 1.m4a,normal_conversation,16,0.001663496601395309,0.02001953125,1975.0427343369904,-625.9150390625,81.99397277832031,49.68739700317383,35.494407653808594,22.182641983032227,32.51512145996094,10.03629207611084,-2.583732843399048,10.34593677520752,-3.3471245765686035,6.809523105621338,25.041011810302734,-1.8406407833099365
Normal Conversation - Dataset 1.m4a,normal_conversation,17,0.0020434895996004343,0.01611328125,1209.4844059136421,-638.4641723632812,102.412841796875,45.04883575439453,36.23023223876953,32.64482879638672,27.843814849853516,13.965085983276367,0.6577417254447937,6.157190322875977,-0.42665091156959534,9.04353141784668,17.656627655029297,2.808892250061035
Normal Conversation - Dataset 1.m4a,normal_conversation,18,0.002050775336101651,0.01513671875,1028.8492207921358,-637.88525390625,110.33869171142578,38.36900329589844,33.782264709472656,36.220863342285156,27.767051696777344,10.523496627807617,-2.6535604000091553,-0.6847725510597229,3.1949050426483154,13.714683532714844,17.36396026611328,6.4320268630981445
Normal Conversation - Dataset 1.m4a,normal_conversation,19,0.0020389496348798275,0.01123046875,1090.2995211390307,-639.7755737304688,112.18611907958984,35.175506591796875,30.901906967163086,37.0459098815918,21.74346160888672,6.661377429962158,1.00484299659729,-1.8574106693267822,2.7104744911193848,13.556632995605469,17.599750518798828,9.262845039367676
Normal Conversation - Dataset 1.m4a,normal_conversation,20,0.002216869033873081,0.009765625,1231.362493910096,-648.491943359375,108.82981872558594,41.561702728271484,27.310405731201172,32.810455322265625,22.842388153076172,10.53005599975586,3.881175994873047,0.9676222801208496,-0.6299185156822205,10.555073738098145,17.836904525756836,6.683244705200195
Normal Conversation - Dataset 1.m4a,normal_conversation,21,0.0019347741035744548,0.01318359375,1008.728766511279,-641.3687744140625,112.497802734375,52.70349884033203,28.255537033081055,37.499088287353516,25.712696075439453,14.582202911376953,6.2292890548706055,2.7720069885253906,1.672485589981079,10.395668029785156,17.42313575744629,6.517037391662598
Normal Conversation - Dataset 1.m4a,normal_conversation,22,0.0020694134291261435,0.01220703125,1142.0899609543696,-640.0492553710938,110.73027038574219,49.979278564453125,24.251068115234375,36.868438720703125,24.128854751586914,12.654491424560547,7.410878658294678,6.979339599609375,2.9807989597320557,10.41349983215332,14.941582679748535,4.842435836791992
Normal Conversation - Dataset 1.m4a,normal_conversation,23,0.0020907996222376823,0.0166015625,1647.0659806468411,-624.9219360351562,95.47662353515625,42.129737854003906,27.479351043701172,26.777563095092773,23.45939826965332,15.882843017578125,-2.5775067806243896,12.298393249511719,6.818473815917969,5.294201850891113,20.070083618164062,5.464462757110596
Normal Conversation - Dataset 1.m4a,normal_conversation,24,0.0017288600793108344,0.01904296875,1756.0413190468817,-619.1649169921875,87.15927124023438,41.712615966796875,31.00760841369629,22.171188354492188,26.725339889526367,21.171449661254883,-6.708258152008057,10.554802894592285,5.883580207824707,5.57185173034668,21.48674201965332,7.4520158767700195
Normal Conversation - Dataset 1.m4a,normal_conversation,25,0.00208219513297081,0.01416015625,1587.9950878874154,-624.4833984375,95.17431640625,39.11811828613281,23.10706329345703,23.853981018066406,28.94121551513672,21.486324310302734,1.774137258529663,4.083644866943359,0.21778756380081177,7.291392803192139,20.436767578125,9.818645477294922
Normal Conversation - Dataset 1.m4a,normal_conversation,26,0.0021039550192654133,0.01123046875,1373.854738072769,-618.9641723632812,104.57389831542969,38.80400085449219,17.354461669921875,26.408912658691406,27.175209045410156,23.40290069580078,15.099896430969238,-0.3110785484313965,-2.2088701725006104,6.910207748413086,20.793041229248047,9.09510612487793
Normal Conversation - Dataset 1.m4a,normal_conversation,27,0.001957373460754752,0.02001953125,1374.8704466091774,-625.2808837890625,102.51007080078125,45.040771484375,22.313236236572266,33.89491271972656,23.947952270507812,19.01305389404297,16.919593811035156,2.4883809089660645,0.9134278893470764,6.349884510040283,22.301620483398438,9.173566818237305
Normal Conversation - Dataset 1.m4a,normal_conversation,28,0.0019368110224604607,0.01953125,1445.6764193428157,-632.292724609375,104.86924743652344,53.006103515625,25.70981216430664,38.15386962890625,18.391958236694336,9.514036178588867,12.795099258422852,5.405534744262695,4.975489616394043,6.332510471343994,20.517993927001953,4.354471683502197
Normal Conversation - Dataset 1.m4a,normal_conversation,29,0.0019017788581550121,0.02099609375,1594.0660742547107,-610.70849609375,113.53799438476562,48.45378112792969,18.43777847290039,29.233762741088867,19.997777938842773,0.3144489526748657,-8.773324012756348,-6.28995418548584,8.8812837600708,11.967100143432617,26.215923309326172,4.043159484863281
Normal Conversation - Dataset 1.m4a,normal_conversation,30,0.0017509591998532414,0.02197265625,1245.6163186983476,-600.4364624023438,119.5823974609375,46.70287322998047,25.716325759887695,30.401023864746094,25.73198699951172,-1.5309975147247314,-14.820301055908203,-6.8032073974609375,8.762901306152344,12.278435707092285,26.674192428588867,5.2947187423706055
Normal Conversation - Dataset 1.m4a,normal_conversation,31,0.0018280568765476346,0.009765625,1093.4152615680377,-617.9793090820312,123.2494125366211,40.462554931640625,29.170900344848633,36.769046783447266,25.526695251464844,1.432090401649475,-7.160125732421875,-7.821032524108887,0.34555888175964355,7.654387950897217,15.739683151245117,2.855452537536621
Normal Conversation - Dataset 1.m4a,normal_conversation,32,0.00211079022847116,0.0078125,1166.3412710258988,-623.1145629882812,125.63465881347656,35.19947052001953,25.19760513305664,34.051971435546875,19.150081634521484,-1.0353690385818481,-11.35215950012207,-9.478309631347656,2.8650636672973633,13.631203651428223,16.80267333984375,5.324891090393066
Normal Conversation - Dataset 1.m4a,normal_conversation,33,0.0022425721399486065,0.00732421875,1021.9517982051066,-615.6544189453125,127.17431640625,34.951236724853516,29.08110809326172,36.68803024291992,21.18671417236328,-0.5862225294113159,-15.08793830871582,-11.710294723510742,6.12940788269043,17.094276428222656,22.17452621459961,8.921300888061523
Normal Conversation - Dataset 1.m4a,normal_conversation,34,0.00249720667488873,0.0087890625,916.3879423315441,-620.1329956054688,126.74187469482422,32.674774169921875,32.2668571472168,39.34528732299805,22.10002899169922,4.106613636016846,-8.8016357421875,-5.909789085388184,5.9690117835998535,17.220195770263672,19.73189353942871,8.01607894897461
Normal Conversation - Dataset 1.m4a,normal_conversation,35,0.002707826439291239,0.0087890625,874.4121802095171,-618.7433471679688,126.58323669433594,29.933189392089844,33.48472595214844,40.86669921875,20.3779354095459,4.884439468383789,-3.208146333694458,-1.4326906204223633,4.348875045776367,14.374588966369629,19.339080810546875,8.753029823303223
Normal Conversation - Dataset 1.m4a,normal_conversation,36,0.0027815159410238266,0.00830078125,790.4452591086674,-616.927978515625,129.7996826171875,31.358579635620117,33.318321228027344,40.470985412597656,19.021760940551758,4.6176557540893555,-1.6229825019836426,0.6297205090522766,7.380336761474609,15.493853569030762,20.727540969848633,10.999029159545898
Normal Conversation - Dataset 1.m4a,normal_conversation,37,0.0025023987982422113,0.01171875,810.8383630720961,-613.1140747070312,127.67245483398438,26.058704376220703,36.041568756103516,44.642059326171875,20.788742065429688,6.273357391357422,-1.5861483812332153,2.0217599868774414,11.394960403442383,13.539020538330078,15.39516544342041,7.900323867797852
Normal Conversation - Dataset 1.m4a,normal_conversation,38,0.0022265894804149866,0.015625,925.7244993891395,-612.2371826171875,125.42535400390625,20.032806396484375,29.24154281616211,41.492942810058594,27.958871841430664,10.289167404174805,-11.689845085144043,-6.067429542541504,9.806787490844727,11.183012008666992,13.789261817932129,7.0646820068359375
Normal Conversation - Dataset 1.m4a,normal_conversation,39,0.0019367370987311006,0.01708984375,957.1066006711605,-613.5673217773438,128.82879638671875,23.215396881103516,27.22646713256836,45.238685607910156,33.640071868896484,8.215909004211426,-18.761737823486328,-13.90060806274414,3.2493062019348145,8.997198104858398,15.476106643676758,7.125462532043457
Normal Conversation - Dataset 1.m4a,normal_conversation,40,0.0019288130570203066,0.01708984375,958.1424753215869,-616.6315307617188,127.83544921875,25.18185806274414,26.99782943725586,43.663116455078125,32.948341369628906,8.424810409545898,-18.27682876586914,-15.47409439086914,0.8316884636878967,10.555377960205078,20.769630432128906,12.096256256103516
Normal Conversation - Dataset 1.m4a,normal_conversation,41,0.001851248787716031,0.0166015625,899.2187257111502,-615.7372436523438,126.33206176757812,23.74966812133789,27.91845703125,42.49832534790039,31.729793548583984,7.472907066345215,-19.592105865478516,-13.718099594116211,2.70035982131958,10.71706771850586,23.44459342956543,15.898120880126953
Normal Conversation - Dataset 1.m4a,normal_conversation,42,0.002530196448788047,0.0126953125,928.1105965583665,-620.4088745117188,121.25235748291016,18.535057067871094,24.471904754638672,44.06098937988281,31.021446228027344,3.3974335193634033,-22.094648361206055,-15.132427215576172,2.5553345680236816,11.597599029541016,23.652935028076172,17.165401458740234
Normal Conversation - Dataset 1.m4a,normal_conversation,43,0.002919853664934635,0.01123046875,822.6231686136061,-620.9142456054688,124.38308715820312,23.841995239257812,28.61859893798828,48.46942138671875,31.53087615966797,4.219473838806152,-16.32797622680664,-13.318687438964844,3.0694611072540283,15.254270553588867,20.499629974365234,11.468316078186035
Normal Conversation - Dataset 1.m4a,normal_conversation,44,0.0030107127968221903,0.01171875,687.3138346747826,-617.6196899414062,131.0430450439453,31.11326026916504,31.374034881591797,47.92090606689453,30.96855354309082,6.943123817443848,-8.970145225524902,-8.882678031921387,4.336370468139648,17.201248168945312,18.091875076293945,9.127015113830566
Normal Conversation - Dataset 1.m4a,normal_conversation,45,0.003054812317714095,0.01318359375,719.3826173966521,-627.2186279296875,123.74869537353516,32.18796920776367,30.923614501953125,42.784244537353516,29.233936309814453,13.376297950744629,0.10136866569519043,-4.686100006103516,2.228179454803467,14.364479064941406,18.525611877441406,11.222070693969727
Normal Conversation - Dataset 1.m4a,normal_conversation,46,0.002527219010517001,0.01416015625,739.8963740844224,-636.6401977539062,118.48460388183594,35.22041320800781,32.6512336730957,44.36104965209961,32.14768981933594,16.56856346130371,4.798406600952148,-0.8559018969535828,-0.2603217363357544,9.195306777954102,17.081279754638672,8.77486801147461
Normal Conversation - Dataset 1.m4a,normal_conversation,47,0.0022853268310427666,0.01318359375,903.7994317214202,-648.2937622070312,112.72036743164062,38.564876556396484,32.65810012817383,44.77400588989258,31.210346221923828,12.191515922546387,4.111464977264404,3.49369740486145,4.2608842849731445,7.682034492492676,9.094667434692383,1.4756585359573364
Normal Conversation - Dataset 1.m4a,normal_conversation,48,0.0021553460974246264,0.0126953125,811.1957796066107,-648.95947265625,113.7117919921875,40.988773345947266,33.27407455444336,44.07167053222656,32.440452575683594,16.876523971557617,7.47605562210083,2.268707752227783,3.3517227172851562,8.239398956298828,7.488160610198975,0.47119253873825073
Normal Conversation - Dataset 1.m4a,normal_conversation,49,0.002438717056065798,0.009765625,772.5826625869297,-647.955810546875,112.03327941894531,37.657474517822266,33.64004898071289,44.713844299316406,32.05707931518555,22.16529655456543,13.947527885437012,-1.4254369735717773,-2.047259569168091,12.326167106628418,12.33917236328125,2.1145575046539307
Normal Conversation - Dataset 1.m4a,normal_conversation,50,0.002663408638909459,0.01025390625,787.2686026933076,-649.3162231445312,107.04512023925781,32.446598052978516,35.265113830566406,48.49290466308594,31.0228271484375,18.164199829101562,10.224578857421875,-5.06303596496582,-3.512478828430176,15.29690933227539,15.860855102539062,3.6417574882507324
Normal Conversation - Dataset 1.m4a,normal_conversation,51,0.0025454319547861814,0.01123046875,742.1193859861049,-647.5208740234375,108.36520385742188,34.214351654052734,37.73768997192383,49.61553955078125,33.613834381103516,20.54090118408203,9.694770812988281,-5.9028425216674805,-6.006443023681641,12.228344917297363,16.83751106262207,4.712257385253906
Normal Conversation - Dataset 1.m4a,normal_conversation,52,0.0029247316997498274,0.01123046875,773.2330966184644,-649.1722412109375,110.54928588867188,36.618709564208984,34.633575439453125,48.15374755859375,33.011016845703125,17.80495834350586,7.8285040855407715,-7.731839179992676,-8.321548461914062,12.370542526245117,20.200626373291016,6.319360733032227
Normal Conversation - Dataset 1.m4a,normal_conversation,53,0.0032090297900140285,0.00927734375,708.3753338057791,-641.165283203125,116.02745056152344,35.239013671875,31.790231704711914,43.963478088378906,29.999881744384766,17.780031204223633,9.807960510253906,-3.930187702178955,-7.076116561889648,8.838924407958984,17.009899139404297,5.827620029449463
Normal Conversation - Dataset 1.m4a,normal_conversation,54,0.003589604515582323,0.00537109375,634.9471784038042,-632.0419921875,122.88225555419922,36.00543212890625,30.973644256591797,40.043800354003906,26.93690299987793,18.335708618164062,12.855558395385742,0.8161958456039429,-2.364685297012329,11.54562759399414,16.332996368408203,5.895857334136963
Normal Conversation - Dataset 1.m4a,normal_conversation,55,0.0036719164345413446,0.00439453125,635.2070914030551,-634.6974487304688,119.50526428222656,35.74810791015625,32.997314453125,41.855308532714844,30.193878173828125,19.175559997558594,9.263385772705078,-1.2132818698883057,-1.6654102802276611,14.768842697143555,22.418548583984375,10.436806678771973
Normal Conversation - Dataset 1.m4a,normal_conversation,56,0.0032992868218570948,0.0048828125,701.0712880292035,-641.4315795898438,113.13969421386719,32.32013702392578,32.2368278503418,44.42909240722656,31.72015953063965,21.26915740966797,11.397687911987305,-2.115227222442627,-1.49607515335083,16.356468200683594,22.73269271850586,8.504870414733887
Normal Conversation - Dataset 1.m4a,normal_conversation,57,0.00308336247690022,0.00537109375,754.9683395642523,-643.5269775390625,112.84228515625,32.8848876953125,33.21617126464844,46.589134216308594,28.466371536254883,18.77337646484375,16.31060791015625,1.2479114532470703,-3.012333869934082,12.165224075317383,17.816696166992188,5.845424175262451
Normal Conversation - Dataset 1.m4a,normal_conversation,58,0.002862658817321062,0.00537109375,714.7563730145453,-643.0088500976562,114.58122253417969,35.411407470703125,33.93354034423828,44.73705291748047,24.507080078125,14.710209846496582,17.033658981323242,5.58778190612793,-0.6689451932907104,13.80453872680664,20.69573974609375,7.646735191345215
Normal Conversation - Dataset 1.m4a,normal_conversation,59,0.0029501053504645824,0.00634765625,641.5777358270716,-638.4134521484375,119.15312194824219,36.37189865112305,30.77639389038086,39.63866424560547,22.16145896911621,12.633819580078125,12.523571968078613,5.015514373779297,3.9915294647216797,16.975669860839844,22.111679077148438,9.6431884765625
Normal Conversation - Dataset 1.m4a,normal_conversation,60,0.00336350966244936,0.00634765625,726.549827775345,-637.7026977539062,119.10494995117188,34.15132141113281,30.111021041870117,43.344642639160156,24.51488494873047,9.593427658081055,7.5960798263549805,1.144761323928833,0.583922266960144,13.62708568572998,19.164409637451172,7.379992961883545
Normal Conversation - Dataset 1.m4a,normal_conversation,61,0.0035357982851564884,0.00537109375,639.4334057695232,-635.2966918945312,124.87718200683594,40.980690002441406,34.014801025390625,45.60539627075195,24.909090042114258,7.454794883728027,6.799651145935059,3.012147903442383,1.7717580795288086,12.422513961791992,16.892425537109375,6.153757095336914
Normal Conversation - Dataset 1.m4a,normal_conversation,62,0.003402586095035076,0.00537109375,614.6077800397654,-631.46240234375,128.22457885742188,42.55091094970703,35.73699951171875,43.604183197021484,19.504222869873047,6.041405200958252,8.072072982788086,0.46458977460861206,-2.5079822540283203,11.108177185058594,19.323318481445312,10.199630737304688
Normal Conversation - Dataset 1.m4a,normal_conversation,63,0.0036218040622770786,0.0048828125,712.1257271912586,-633.57861328125,125.27183532714844,41.84581756591797,35.62018585205078,42.227691650390625,20.835142135620117,7.139215469360352,2.706479787826538,-9.402225494384766,-9.368609428405762,11.21835708618164,22.174869537353516,12.349861145019531
Normal Conversation - Dataset 1.m4a,normal_conversation,64,0.0033270716667175293,0.00439453125,735.641476277101,-628.0308837890625,126.35258483886719,36.4039421081543,29.18072509765625,35.72225570678711,21.724727630615234,12.292976379394531,3.880521059036255,-9.893278121948242,-10.817819595336914,9.740943908691406,20.695755004882812,9.17200756072998
Normal Conversation - Dataset 1.m4a,normal_conversation,65,0.003120818641036749,0.00927734375,726.8929786977585,-627.4805297851562,124.97671508789062,32.095916748046875,27.10576629638672,37.07526397705078,21.243013381958008,11.34605598449707,8.744091987609863,-1.5181522369384766,-6.757778167724609,9.790184020996094,20.21546745300293,7.0001654624938965
Normal Conversation - Dataset 1.m4a,normal_conversation,66,0.012484772130846977,0.01806640625,944.7501832314854,-536.3331909179688,164.06076049804688,42.70384216308594,31.319026947021484,-20.206096649169922,-1.4043573141098022,12.85074234008789,-6.576045989990234,1.255797028541565,-0.8431422114372253,8.902107238769531,20.940418243408203,1.2626497745513916
Normal Conversation - Dataset 1.m4a,normal_conversation,67,0.0219529177993536,0.02783203125,839.0422859255088,-399.80328369140625,199.2545166015625,31.255029678344727,19.29823112487793,-37.905181884765625,-9.461935997009277,27.773204803466797,-18.969863891601562,-3.338880777359009,6.889028549194336,-2.585010051727295,19.91429901123047,-12.367070198059082
Normal Conversation - Dataset 1.m4a,normal_conversation,68,0.029978416860103607,0.04150390625,924.8310145981704,-333.9255065917969,191.01351928710938,15.993571281433105,19.04571533203125,-35.252132415771484,-12.385029792785645,32.069541931152344,-20.650264739990234,5.455144882202148,8.144845962524414,-6.646267890930176,21.872379302978516,-16.555633544921875
Normal Conversation - Dataset 1.m4a,normal_conversation,69,0.03234094753861427,0.04296875,1104.2373124553155,-299.0486755371094,161.42140197753906,17.566728591918945,21.358489990234375,-38.42023468017578,-2.7009341716766357,20.700878143310547,-7.701068878173828,7.087144374847412,5.452377796173096,-1.9229241609573364,5.137423992156982,-11.600236892700195
Normal Conversation - Dataset 1.m4a,normal_conversation,70,0.030328849330544472,0.04248046875,1336.6134849345008,-293.5216369628906,144.9851531982422,33.78783416748047,16.7149600982666,-37.80632781982422,-5.520097732543945,15.467676162719727,-7.513390064239502,7.234414100646973,-2.802386522293091,-0.6518164873123169,-4.903928279876709,-10.384363174438477
Normal Conversation - Dataset 1.m4a,normal_conversation,71,0.024380270391702652,0.04345703125,1632.9871358867795,-340.7002258300781,130.73727416992188,48.74287033081055,15.345821380615234,-31.698530197143555,-5.013864517211914,17.982908248901367,-4.13718318939209,11.312353134155273,-11.725704193115234,1.9883729219436646,-4.009463310241699,1.2758961915969849
Normal Conversation - Dataset 1.m4a,normal_conversation,72,0.01329682394862175,0.04150390625,1931.1757895954415,-414.6235046386719,114.15608978271484,49.37150955200195,16.827285766601562,-24.34668731689453,3.3523833751678467,24.14164924621582,6.35660457611084,13.792166709899902,-9.701852798461914,-4.468313694000244,2.220515489578247,7.693653106689453
Normal Conversation - Dataset 1.m4a,normal_conversation,73,0.0053522707894444466,0.06103515625,1659.0297095622677,-480.74163818359375,124.89527893066406,31.40275001525879,11.652350425720215,-19.188289642333984,14.358657836914062,18.012645721435547,6.008161544799805,13.213966369628906,1.1020917892456055,-0.8116076588630676,5.6363630294799805,-0.9712225198745728
Normal Conversation - Dataset 1.m4a,normal_conversation,74,0.01013397891074419,0.07568359375,2444.8941513447285,-433.8800964355469,100.52243041992188,12.111088752746582,11.313343048095703,-10.900190353393555,24.896142959594727,-15.074108123779297,-13.947285652160645,7.68147087097168,20.115768432617188,1.1241614818572998,4.555739879608154,-10.282669067382812
Normal Conversation - Dataset 1.m4a,normal_conversation,75,0.02151675894856453,0.08154296875,1806.3125758872422,-319.9048156738281,114.56160736083984,10.055915832519531,37.3005256652832,14.667729377746582,9.928903579711914,-46.30188751220703,-28.877025604248047,4.425169944763184,4.231710910797119,-11.23910903930664,9.497036933898926,-19.132625579833984
Normal Conversation - Dataset 1.m4a,normal_conversation,76,0.027744265273213387,0.08349609375,1405.8794616037255,-271.0293273925781,133.2463836669922,1.0187772512435913,46.693878173828125,28.733442306518555,-3.1406338214874268,-44.63651657104492,-29.93354034423828,10.655146598815918,0.7242558002471924,-17.45730209350586,17.303485870361328,-25.459548950195312
Normal Conversation - Dataset 1.m4a,normal_conversation,77,0.034273263067007065,0.06787109375,1537.630360746769,-257.8409729003906,132.44186401367188,-11.384133338928223,45.12432861328125,25.054676055908203,-10.676090240478516,-32.35007095336914,-33.42605209350586,16.52667999267578,-3.7904741764068604,-20.4266357421875,27.836956024169922,-30.521766662597656
Normal Conversation - Dataset 1.m4a,normal_conversation,78,0.03679899498820305,0.0615234375,1707.2911770644143,-251.1190643310547,125.70698547363281,-17.32056427001953,44.361427307128906,14.845398902893066,-13.810302734375,-30.554113388061523,-35.163551330566406,14.03399658203125,1.7514302730560303,-18.878196716308594,32.1051025390625,-31.760032653808594
Normal Conversation - Dataset 1.m4a,normal_conversation,79,0.037166062742471695,0.0576171875,1772.11033127717,-248.03172302246094,122.47421264648438,-19.38091278076172,42.444725036621094,16.513507843017578,-13.088922500610352,-33.01116180419922,-42.17345428466797,10.212441444396973,9.051876068115234,-9.802324295043945,32.916656494140625,-37.84508514404297
Normal Conversation - Dataset 1.m4a,normal_conversation,80,0.03647995740175247,0.0546875,1649.2957479704316,-246.08416748046875,132.10452270507812,-16.532243728637695,28.24591064453125,13.852249145507812,-4.550418853759766,-25.569244384765625,-44.7661018371582,4.855379104614258,5.712122917175293,-1.5163226127624512,28.542644500732422,-39.01240539550781
Normal Conversation - Dataset 1.m4a,normal_conversation,81,0.03440607339143753,0.05029296875,1432.388972737314,-270.6011657714844,144.42999267578125,-10.93214225769043,21.464557647705078,10.739136695861816,1.1342873573303223,-15.770378112792969,-42.13976287841797,-5.079728603363037,1.1320806741714478,3.4072253704071045,32.98777389526367,-34.52910232543945
Normal Conversation - Dataset 1.m4a,normal_conversation,82,0.03307230770587921,0.037109375,1197.1745519135973,-303.1434020996094,153.77659606933594,4.568686485290527,21.24543571472168,11.268763542175293,1.1413995027542114,-8.93757438659668,-32.22482681274414,-16.569114685058594,-2.8517961502075195,-1.2133548259735107,29.58198356628418,-30.33127212524414
Normal Conversation - Dataset 1.m4a,normal_conversation,83,0.029335398226976395,0.03076171875,1010.4293064381571,-343.306884765625,159.69039916992188,17.309778213500977,27.994056701660156,12.758040428161621,4.873015403747559,-8.792112350463867,-29.798784255981445,-16.396377563476562,-3.972421884536743,-9.148920059204102,22.536239624023438,-35.118011474609375
Normal Conversation - Dataset 1.m4a,normal_conversation,84,0.025822605937719345,0.0244140625,769.3748442708904,-392.8916015625,170.22607421875,20.101600646972656,33.66426086425781,22.317989349365234,9.85932731628418,-9.101129531860352,-28.251256942749023,-16.01852798461914,-8.617944717407227,-5.242931365966797,15.618583679199219,-32.161685943603516
Normal Conversation - Dataset 1.m4a,normal_conversation,85,0.02083824761211872,0.02978515625,696.2619968108161,-430.9308166503906,172.86770629882812,28.024974822998047,32.19794464111328,21.035274505615234,10.302591323852539,-8.874067306518555,-22.837345123291016,-14.727033615112305,-12.673646926879883,-2.519296169281006,12.158507347106934,-22.565296173095703
Normal Conversation - Dataset 1.m4a,normal_conversation,86,0.02002565748989582,0.03271484375,1417.7629563811831,-377.26922607421875,128.60275268554688,47.382083892822266,31.42616081237793,-0.6938651204109192,24.89764976501465,-9.357067108154297,-26.750476837158203,-4.8523125648498535,-13.995770454406738,4.823233604431152,11.422414779663086,-20.76312255859375
Normal Conversation - Dataset 1.m4a,normal_conversation,87,0.017019489780068398,0.03564453125,1533.7573694737948,-311.280029296875,131.50186157226562,39.20914077758789,24.29401397705078,-11.49576187133789,20.379196166992188,-0.48122188448905945,-29.464433670043945,-9.803396224975586,-13.857757568359375,6.877193927764893,18.23543357849121,-17.877809524536133
Normal Conversation - Dataset 1.m4a,normal_conversation,88,0.015398728661239147,0.0390625,1314.3285487476269,-322.0722961425781,144.8255615234375,34.03494644165039,27.31281280517578,-19.022544860839844,12.892032623291016,10.662549018859863,-24.91360855102539,-13.111420631408691,-11.247907638549805,8.068807601928711,18.617189407348633,-14.704071044921875
Normal Conversation - Dataset 1.m4a,normal_conversation,89,0.014636856503784657,0.0390625,1242.6219777348867,-389.80450439453125,143.23741149902344,34.38731384277344,35.8128776550293,-17.707441329956055,12.932945251464844,15.03929328918457,-12.895318984985352,-16.8696231842041,-6.895050048828125,7.452240943908691,12.27613639831543,-5.641486644744873
Normal Conversation - Dataset 1.m4a,normal_conversation,90,0.008664722554385662,0.04052734375,1248.0073163597485,-447.2040710449219,141.7001953125,21.32569122314453,28.306289672851562,-0.2491704225540161,18.833927154541016,5.598156929016113,-3.4914016723632812,-5.8687005043029785,-0.7364771366119385,7.496194839477539,6.496089935302734,-3.4596495628356934
Normal Conversation - Dataset 1.m4a,normal_conversation,91,0.014940633438527584,0.03759765625,923.0460234706279,-452.1997985839844,166.4830322265625,29.594745635986328,19.639209747314453,8.054824829101562,13.492212295532227,-6.765158653259277,-5.55590295791626,-4.3967390060424805,-4.412148475646973,-0.6696460843086243,-0.3064754009246826,-10.301238059997559
Normal Conversation - Dataset 1.m4a,normal_conversation,92,0.02021799236536026,0.03955078125,668.396402936418,-393.8524169921875,201.22044372558594,35.9332389831543,22.563215255737305,-1.1530892848968506,-12.299102783203125,-7.65861701965332,-6.925230026245117,-11.707165718078613,1.045170545578003,-0.9705676436424255,4.834786891937256,-19.812318801879883
Normal Conversation - Dataset 1.m4a,normal_conversation,93,0.02694440260529518,0.03857421875,770.7320998896064,-336.70849609375,209.198974609375,14.767364501953125,16.27287483215332,-17.999114990234375,-20.9376163482666,-2.2075624465942383,-6.089748382568359,-7.875803470611572,0.9310834407806396,-4.177936553955078,5.1031413078308105,-24.484668731689453
Normal Conversation - Dataset 1.m4a,normal_conversation,94,0.029507910832762718,0.04150390625,936.9997144271376,-311.783203125,199.86216735839844,-3.024883508682251,11.629408836364746,-27.935319900512695,-15.076751708984375,14.448537826538086,-14.871574401855469,-7.057001113891602,-5.689302921295166,-7.380043983459473,11.958486557006836,-20.424373626708984
Normal Conversation - Dataset 1.m4a,normal_conversation,95,0.02720130793750286,0.046875,1169.9263872999743,-303.4402160644531,175.3519287109375,-6.424914360046387,12.924072265625,-30.603084564208984,-2.3152244091033936,25.864089965820312,-25.695575714111328,-7.640938758850098,-8.764171600341797,-3.5342793464660645,24.470905303955078,-19.059829711914062
Normal Conversation - Dataset 1.m4a,normal_conversation,96,0.023529408499598503,0.04638671875,1392.6282795616007,-305.5833435058594,151.97006225585938,7.986582279205322,10.155338287353516,-32.606388092041016,8.953433990478516,22.999588012695312,-25.2230167388916,-10.305366516113281,-5.674339294433594,0.15261507034301758,26.109115600585938,-17.039920806884766
Normal Conversation - Dataset 1.m4a,normal_conversation,97,0.015486424788832664,0.041015625,1632.2634082150685,-347.6605224609375,137.43319702148438,28.443073272705078,6.576918601989746,-29.087739944458008,12.591419219970703,21.482004165649414,-16.808578491210938,-10.971660614013672,-1.1270052194595337,2.3911988735198975,25.594619750976562,-14.725177764892578
Normal Conversation - Dataset 1.m4a,normal_conversation,98,0.009321432560682297,0.02978515625,1527.5102520630971,-427.4557189941406,137.68252563476562,32.77175521850586,8.007650375366211,-9.87784194946289,13.321208953857422,20.631938934326172,-2.334508180618286,-5.924068450927734,1.0656375885009766,3.7685794830322266,21.9049129486084,-5.950311660766602
Normal Conversation - Dataset 1.m4a,normal_conversation,99,0.0062394412234425545,0.037109375,1412.4394530535178,-463.2503967285156,132.24166870117188,17.478736877441406,16.86944580078125,-0.04519312083721161,25.398860931396484,3.7158901691436768,-1.7735264301300049,5.083420753479004,3.2708957195281982,5.5043840408325195,13.84565258026123,2.2126777172088623
Normal Conversation - Dataset 1.m4a,normal_conversation,100,0.017014842480421066,0.0400390625,1723.555232596165,-359.1001281738281,124.30049133300781,18.072444915771484,25.413192749023438,-1.9931672811508179,25.271045684814453,-15.248903274536133,-26.378005981445312,-0.23117488622665405,3.6721031665802,8.341069221496582,16.898902893066406,-5.972607612609863
Normal Conversation - Dataset 1.m4a,normal_conversation,101,0.024529125541448593,0.048828125,1495.7795320347295,-281.17633056640625,139.89682006835938,13.08641242980957,30.217498779296875,-17.93476104736328,13.773366928100586,-3.3964638710021973,-39.12646484375,-3.7768783569335938,-2.7010228633880615,14.227025985717773,24.06612777709961,-19.40411376953125
Normal Conversation - Dataset 1.m4a,normal_conversation,102,0.025825535878539085,0.05908203125,1431.640890066356,-265.394287109375,147.7589111328125,5.265158653259277,28.46975326538086,-30.413429260253906,8.479393005371094,8.091489791870117,-40.861236572265625,-5.522304534912109,-6.549692630767822,18.449817657470703,29.47315216064453,-22.43346405029297
Normal Conversation - Dataset 1.m4a,normal_conversation,103,0.02573092095553875,0.0517578125,1230.9556733071524,-297.166748046875,160.12496948242188,7.593330383300781,26.449026107788086,-34.74767303466797,10.113285064697266,10.521382331848145,-30.615997314453125,-10.198869705200195,-7.414000988006592,14.02955436706543,29.86630630493164,-17.576419830322266
Normal Conversation - Dataset 1.m4a,normal_conversation,104,0.020119840279221535,0.0458984375,1251.1064485593236,-357.8230285644531,153.82537841796875,30.06216812133789,17.72689437866211,-26.227529525756836,17.680545806884766,4.587070465087891,-15.276914596557617,-19.84389305114746,-2.8003008365631104,2.497767210006714,25.407846450805664,-11.67831802368164
Normal Conversation - Dataset 1.m4a,normal_conversation,105,0.009362089447677135,0.0380859375,1555.1394962927006,-429.0653076171875,135.58164978027344,45.14414978027344,12.586677551269531,-20.481956481933594,19.864145278930664,5.691226005554199,-14.53583812713623,-19.047168731689453,9.357110977172852,-3.4192545413970947,22.308116912841797,-4.50200891494751
Normal Conversation - Dataset 1.m4a,normal_conversation,106,0.004950926639139652,0.04296875,1332.4939546662622,-492.51202392578125,140.0412139892578,40.657901763916016,16.060138702392578,-7.857287406921387,19.695859909057617,5.852565765380859,-7.669398307800293,-10.013916969299316,7.423623085021973,3.1244850158691406,20.931079864501953,-2.4538755416870117
Normal Conversation - Dataset 1.m4a,normal_conversation,107,0.013030042871832848,0.0380859375,1181.0304746895222,-480.7866516113281,149.68777465820312,53.713958740234375,28.78113555908203,-25.58858871459961,1.6995131969451904,-2.9466681480407715,-19.86022186279297,-11.88207721710205,0.8789432048797607,3.4762356281280518,20.455577850341797,3.7456839084625244
Normal Conversation - Dataset 1.m4a,normal_conversation,108,0.02501879446208477,0.0390625,811.2237010954279,-402.55633544921875,172.622802734375,67.5560302734375,37.14165115356445,-36.009071350097656,-11.443233489990234,-6.004185676574707,-10.258951187133789,-7.527085304260254,-11.159481048583984,-6.185069561004639,10.121068954467773,-24.513704299926758
Normal Conversation - Dataset 1.m4a,normal_conversation,109,0.0312611423432827,0.041015625,785.0792172400869,-340.0844421386719,186.0502166748047,45.323890686035156,20.618865966796875,-28.53083038330078,-3.47703218460083,-4.772732734680176,-3.573061943054199,-9.487439155578613,-28.125926971435547,-3.854816198348999,14.759992599487305,-32.116127014160156
Normal Conversation - Dataset 1.m4a,normal_conversation,110,0.03547702729701996,0.03125,776.0584164916766,-336.52508544921875,194.09732055664062,20.982860565185547,5.5802226066589355,-10.580446243286133,10.998905181884766,-0.9978119134902954,-3.598684787750244,-21.7457332611084,-36.43959045410156,3.6558406352996826,16.263673782348633,-33.145729064941406
Normal Conversation - Dataset 1.m4a,normal_conversation,111,0.03768407553434372,0.0302734375,725.419015215528,-370.4657287597656,197.91195678710938,1.1219903230667114,13.882974624633789,14.592092514038086,17.156932830810547,4.1092634201049805,-3.6729352474212646,-27.928434371948242,-41.30047607421875,6.878401756286621,16.062702178955078,-35.41880416870117
Normal Conversation - Dataset 1.m4a,normal_conversation,112,0.03562071546912193,0.0302734375,875.607009391596,-368.1656799316406,164.87525939941406,1.6612943410873413,25.119977951049805,38.646949768066406,10.937535285949707,-7.960958957672119,6.841901779174805,-23.515979766845703,-28.79922103881836,-2.4492504596710205,16.00479507446289,-30.895343780517578
Normal Conversation - Dataset 1.m4a,normal_conversation,113,0.036446116864681244,0.03173828125,1040.6246781881541,-349.9137878417969,140.73516845703125,9.59577751159668,44.18231964111328,36.52478790283203,5.773209571838379,-23.245569229125977,-2.9985880851745605,-11.50990104675293,-22.026508331298828,-15.80548095703125,18.151905059814453,-27.552520751953125
Normal Conversation - Dataset 1.m4a,normal_conversation,114,0.03732920065522194,0.0322265625,1145.4085669565238,-348.3780517578125,127.06982421875,8.33047866821289,65.646484375,22.66275405883789,7.546665191650391,-23.333843231201172,-13.213789939880371,-6.093608379364014,-13.668573379516602,-30.006017684936523,24.973705291748047,-26.577770233154297
Normal Conversation - Dataset 1.m4a,normal_conversation,115,0.03629280626773834,0.03369140625,1421.0985084708286,-334.1734619140625,106.33036041259766,3.7005763053894043,81.86444091796875,22.803701400756836,3.715130090713501,-25.578575134277344,-13.26501178741455,-5.933962345123291,-10.009653091430664,-30.141056060791016,27.41938018798828,-27.902423858642578
Normal Conversation - Dataset 1.m4a,normal_conversation,116,0.037404466420412064,0.0400390625,1715.3680928229392,-313.6112060546875,93.54963684082031,5.4620561599731445,82.12005615234375,25.82986068725586,-3.2177000045776367,-31.70797348022461,-15.53892993927002,-2.119960069656372,-2.9584646224975586,-26.595203399658203,30.70230484008789,-26.037090301513672
Normal Conversation - Dataset 1.m4a,normal_conversation,117,0.03586411848664284,0.046875,1870.9092276596944,-283.4023742675781,93.82646942138672,3.4331047534942627,63.34637451171875,26.156938552856445,-8.029452323913574,-38.169681549072266,-26.41415023803711,-1.4106050729751587,5.819536209106445,-21.00545310974121,29.039390563964844,-24.132217407226562
Normal Conversation - Dataset 1.m4a,normal_conversation,118,0.03481625020503998,0.05029296875,1817.8156908136916,-263.84918212890625,105.076416015625,-7.714151859283447,49.53955841064453,18.951641082763672,-14.4766845703125,-33.859825134277344,-34.84620666503906,-1.9009140729904175,13.760106086730957,-11.849559783935547,27.118986129760742,-25.41650390625
Normal Conversation - Dataset 1.m4a,normal_conversation,119,0.035335514694452286,0.05712890625,1817.7053114645405,-260.9809265136719,112.70619201660156,-21.631637573242188,50.12197494506836,12.139816284179688,-14.589606285095215,-20.90416717529297,-40.26252746582031,3.1701836585998535,15.8644437789917,-2.2581071853637695,25.698766708374023,-32.0506591796875
Normal Conversation - Dataset 1.m4a,normal_conversation,120,0.033190056681632996,0.0537109375,1852.2057423351785,-263.41778564453125,115.55928039550781,-32.005069732666016,49.02238845825195,7.025936126708984,-8.564729690551758,-11.677377700805664,-39.935577392578125,9.167440414428711,14.321422576904297,1.1618579626083374,24.144004821777344,-29.552745819091797
Normal Conversation - Dataset 1.m4a,normal_conversation,121,0.035050906240940094,0.0498046875,1732.7202921007552,-256.5558166503906,120.98995971679688,-25.835342407226562,53.860076904296875,7.531536102294922,-10.499505043029785,-22.452022552490234,-41.68427276611328,3.6501686573028564,7.692176342010498,-8.569849014282227,15.154549598693848,-25.93739891052246
Normal Conversation - Dataset 1.m4a,normal_conversation,122,0.03474753722548485,0.0458984375,1437.640743180547,-262.0818786621094,129.16983032226562,-14.174612045288086,62.67914581298828,14.946733474731445,-15.342668533325195,-35.23923873901367,-41.333499908447266,-2.956362724304199,0.0009476244449615479,-19.110595703125,12.674736022949219,-24.950475692749023
Normal Conversation - Dataset 1.m4a,normal_conversation,123,0.03352991119027138,0.044921875,1189.076958317305,-297.9904479980469,136.5234375,-6.491196632385254,70.70683288574219,21.751998901367188,-16.576000213623047,-37.253814697265625,-34.521949768066406,-9.62199592590332,-5.832642078399658,-28.755752563476562,16.241926193237305,-18.452342987060547
Normal Conversation - Dataset 1.m4a,normal_conversation,124,0.030274201184511185,0.04248046875,1255.7801897066547,-324.2035827636719,133.24351501464844,2.669193744659424,80.5762710571289,16.340055465698242,-14.52344036102295,-25.722951889038086,-25.716285705566406,-12.020772933959961,-4.910933494567871,-29.851642608642578,18.951801300048828,-21.09916877746582
Normal Conversation - Dataset 1.m4a,normal_conversation,125,0.02286614291369915,0.03662109375,1381.0668372477967,-355.7575378417969,125.1280517578125,7.852651596069336,84.51335144042969,20.482261657714844,-9.683879852294922,-16.648578643798828,-17.16655921936035,-11.067375183105469,-4.651513576507568,-28.139183044433594,20.784679412841797,-22.039161682128906
Normal Conversation - Dataset 1.m4a,normal_conversation,126,0.018571335822343826,0.03369140625,1106.552081745317,-408.92938232421875,139.44686889648438,11.639516830444336,74.78861236572266,28.441638946533203,1.0981451272964478,-17.442691802978516,-11.474383354187012,-9.43954086303711,-4.166383266448975,-23.949230194091797,16.92641830444336,-19.9945068359375
Normal Conversation - Dataset 1.m4a,normal_conversation,127,0.01836232654750347,0.0263671875,786.8002582804734,-433.34130859375,160.57191467285156,23.561307907104492,58.49565887451172,29.08517837524414,2.493360757827759,-20.78746223449707,-6.608723163604736,-9.191347122192383,-2.6179916858673096,-17.916410446166992,17.86260986328125,-18.188270568847656
Normal Conversation - Dataset 1.m4a,normal_conversation,128,0.02403428964316845,0.02490234375,779.8397902783615,-419.3945007324219,161.54110717773438,26.164966583251953,67.36542510986328,23.613733291625977,-9.11347484588623,-20.947158813476562,3.231417655944824,-9.696491241455078,1.818727970123291,-25.23540496826172,21.958538055419922,-20.228958129882812
Normal Conversation - Dataset 1.m4a,normal_conversation,129,0.02871835231781006,0.0244140625,1056.3154870063458,-375.9770812988281,137.02963256835938,20.23001480102539,96.01528930664062,8.640921592712402,-21.582292556762695,-14.413283348083496,11.68509292602539,-12.519927978515625,1.6565133333206177,-30.068706512451172,24.166215896606445,-18.05162239074707
Normal Conversation - Dataset 1.m4a,normal_conversation,130,0.03342365100979805,0.02880859375,1377.016282172317,-352.92919921875,112.08256530761719,18.900745391845703,108.07106018066406,0.36677032709121704,-21.078609466552734,-12.473398208618164,10.541961669921875,-18.512069702148438,3.635586738586426,-24.624374389648438,24.49937629699707,-15.698942184448242
Normal Conversation - Dataset 1.m4a,normal_conversation,131,0.03422224894165993,0.0361328125,1592.5294263239975,-344.0548400878906,96.30816650390625,19.163619995117188,110.65736389160156,-1.4412741661071777,-15.464273452758789,-12.005447387695312,11.216740608215332,-25.504684448242188,3.7595059871673584,-19.679290771484375,25.41574478149414,-18.277997970581055
Normal Conversation - Dataset 1.m4a,normal_conversation,132,0.031201958656311035,0.0400390625,1628.8492308728523,-353.2908935546875,92.26058959960938,20.696094512939453,109.80509948730469,-2.8650717735290527,-14.554555892944336,-9.778254508972168,14.013638496398926,-26.265911102294922,1.7166041135787964,-17.913349151611328,23.843185424804688,-25.04534339904785
Normal Conversation - Dataset 1.m4a,normal_conversation,133,0.02648862637579441,0.04345703125,1600.1500140899961,-383.29974365234375,99.73932647705078,23.118587493896484,105.0384521484375,-7.615314483642578,-16.061321258544922,-12.233978271484375,11.069449424743652,-22.72264289855957,0.5712530612945557,-12.763357162475586,26.050634384155273,-25.970348358154297
Normal Conversation - Dataset 1.m4a,normal_conversation,134,0.01831907220184803,0.0439453125,1433.5427452664171,-429.0126037597656,107.49330139160156,27.180953979492188,94.35256958007812,-7.39784049987793,-10.09295654296875,-12.120254516601562,7.494073867797852,-14.859489440917969,-8.599512100219727,-5.563976287841797,24.1577205657959,-24.07415771484375
Normal Conversation - Dataset 1.m4a,normal_conversation,135,0.009842212311923504,0.04150390625,1397.7972914944987,-487.9066467285156,103.14494323730469,34.57521057128906,89.91423034667969,4.636483192443848,4.237922668457031,-9.337733268737793,8.425960540771484,-6.2039947509765625,-9.119403839111328,-1.0562498569488525,15.459336280822754,-13.094362258911133
Normal Conversation - Dataset 1.m4a,normal_conversation,136,0.005824316758662462,0.0361328125,1357.61471450121,-521.6655883789062,103.54209899902344,31.830190658569336,89.62532806396484,13.666172981262207,7.908904552459717,-8.33358383178711,4.896106719970703,0.4700270891189575,-10.626500129699707,0.7994722723960876,19.421829223632812,-8.760580062866211
Normal Conversation - Dataset 1.m4a,normal_conversation,137,0.017930030822753906,0.03759765625,1110.4561464189565,-459.02130126953125,124.18882751464844,26.274677276611328,103.271484375,26.815227508544922,7.796542644500732,-36.00843048095703,-12.086618423461914,-7.367155075073242,-16.447467803955078,-12.589462280273438,16.3231201171875,-13.233221054077148
Normal Conversation - Dataset 1.m4a,normal_conversation,138,0.019006647169589996,0.0361328125,1104.2724687131422,-376.4515686035156,122.68330383300781,25.258853912353516,97.97935485839844,38.08580017089844,1.3714438676834106,-42.90118408203125,-16.07148551940918,-13.920631408691406,-7.816984176635742,-28.467716217041016,15.066144943237305,-21.871044158935547
Normal Conversation - Dataset 1.m4a,normal_conversation,139,0.01948614791035652,0.033203125,1247.295413077119,-367.4627380371094,116.94676971435547,29.94754409790039,82.45404052734375,39.41147994995117,4.940685749053955,-34.95612335205078,-18.17227554321289,-10.371183395385742,-5.3938751220703125,-25.505096435546875,16.536314010620117,-26.158079147338867
Normal Conversation - Dataset 1.m4a,normal_conversation,140,0.019277896732091904,0.0517578125,1251.8712838983042,-428.4034729003906,116.43319702148438,33.110076904296875,68.34708404541016,44.45892333984375,16.580434799194336,-22.734590530395508,-14.415775299072266,-3.2391676902770996,-5.210908889770508,-19.140117645263672,17.702556610107422,-17.70781707763672
Normal Conversation - Dataset 1.m4a,normal_conversation,141,0.011845113709568977,0.0498046875,1997.6603202446954,-455.37322998046875,79.5920639038086,48.773353576660156,60.70388412475586,40.58135986328125,38.8485107421875,-26.806137084960938,-5.231440544128418,-7.042342185974121,0.159964919090271,-9.676529884338379,19.614822387695312,-4.989904403686523
Normal Conversation - Dataset 1.m4a,normal_conversation,142,0.020404385402798653,0.0556640625,1687.2054141845788,-343.5779724121094,124.22377014160156,26.959701538085938,39.68701934814453,-2.0529415607452393,13.994767189025879,-35.22627258300781,-34.08110046386719,-11.881685256958008,26.74982452392578,1.1278600692749023,22.65997314453125,-24.157554626464844
Normal Conversation - Dataset 1.m4a,normal_conversation,143,0.025612179189920425,0.0595703125,1399.1450804428187,-278.1292724609375,150.33352661132812,-4.856073379516602,34.34477996826172,-4.477292537689209,-1.461771011352539,-26.445415496826172,-44.773780822753906,-14.258708953857422,21.636112213134766,4.220217227935791,28.186626434326172,-26.500568389892578
Normal Conversation - Dataset 1.m4a,normal_conversation,144,0.029764840379357338,0.05078125,1380.0795588458009,-269.9985046386719,155.77468872070312,-22.611309051513672,27.23019027709961,-7.586703300476074,-5.430871486663818,-12.124614715576172,-41.366737365722656,-13.7040433883667,21.79083251953125,11.525809288024902,28.55232048034668,-23.43963623046875
Normal Conversation - Dataset 1.m4a,normal_conversation,145,0.030563924461603165,0.05029296875,1384.4894144087739,-283.1866455078125,156.1072998046875,-37.0544548034668,19.191913604736328,-17.493144989013672,-2.6258225440979004,4.827484607696533,-28.62030792236328,-10.044513702392578,16.140050888061523,15.503108024597168,30.277549743652344,-21.109230041503906
Normal Conversation - Dataset 1.m4a,normal_conversation,146,0.02585417963564396,0.03857421875,1203.130690644424,-314.0362548828125,167.8965301513672,-33.739349365234375,21.612489700317383,-22.97894859313965,-4.343955039978027,10.457786560058594,-21.15731430053711,-12.806737899780273,5.495635032653809,14.405719757080078,29.729116439819336,-16.06926727294922
Normal Conversation - Dataset 1.m4a,normal_conversation,147,0.020962608978152275,0.03173828125,1010.121946519465,-370.85028076171875,174.93411254882812,-17.191387176513672,22.370372772216797,-16.1137638092041,-3.1951847076416016,12.210700035095215,-14.864202499389648,-15.788436889648438,4.703490257263184,13.137149810791016,26.96398162841797,-14.418951034545898
Normal Conversation - Dataset 1.m4a,normal_conversation,148,0.019651945680379868,0.02783203125,951.9660658535623,-400.17401123046875,179.69598388671875,-2.944883108139038,19.365108489990234,-15.061784744262695,0.22867506742477417,8.838022232055664,-12.589740753173828,-11.120037078857422,4.242183208465576,9.413331985473633,23.93752098083496,-15.734153747558594
Normal Conversation - Dataset 1.m4a,normal_conversation,149,0.022188015282154083,0.029296875,970.8863611340719,-345.2253723144531,201.15310668945312,-19.983930587768555,20.817180633544922,-20.067811965942383,-9.836679458618164,7.0284552574157715,-26.51654052734375,-0.7343878149986267,1.962691307067871,10.114653587341309,31.15996551513672,-26.084814071655273
Normal Conversation - Dataset 1.m4a,normal_conversation,150,0.026069410145282745,0.037109375,1126.3926040528875,-318.04827880859375,184.85003662109375,-24.127029418945312,20.47661781311035,-11.570274353027344,-12.822290420532227,14.669087409973145,-28.448471069335938,-2.1506056785583496,10.984790802001953,6.580545425415039,39.62127685546875,-35.011409759521484
Normal Conversation - Dataset 1.m4a,normal_conversation,151,0.028733056038618088,0.03857421875,1220.514219081626,-323.23095703125,168.96353149414062,-20.649564743041992,19.679943084716797,-4.587277412414551,-7.697238922119141,19.630390167236328,-31.014041900634766,-7.492954730987549,16.295907974243164,0.36830705404281616,41.67475891113281,-41.021995544433594
Normal Conversation - Dataset 1.m4a,normal_conversation,152,0.02740376442670822,0.0361328125,1042.280245946532,-346.49530029296875,172.34812927246094,-6.48175048828125,21.89723777770996,-0.3636932969093323,2.0902740955352783,17.469257354736328,-24.836164474487305,-11.560577392578125,15.762287139892578,-3.376615524291992,35.34741973876953,-33.91357421875
Normal Conversation - Dataset 1.m4a,normal_conversation,153,0.024650517851114273,0.03271484375,960.3341170799345,-371.1152038574219,170.60311889648438,7.479564666748047,24.33431625366211,-2.964545726776123,10.369270324707031,10.173149108886719,-16.102373123168945,-12.485818862915039,12.596113204956055,-12.318952560424805,30.67868423461914,-22.15545654296875
Normal Conversation - Dataset 1.m4a,normal_conversation,154,0.021353403106331825,0.02783203125,933.4585473536207,-385.7922668457031,170.20956420898438,12.138216018676758,27.130420684814453,-2.1069753170013428,13.465238571166992,2.3234291076660156,-15.642321586608887,-14.834657669067383,13.22571849822998,-18.22454261779785,28.847442626953125,-17.28133773803711
Normal Conversation - Dataset 1.m4a,normal_conversation,155,0.02008470892906189,0.02734375,782.2836029083367,-416.5241394042969,175.07870483398438,10.406721115112305,30.729515075683594,7.45931339263916,12.653646469116211,-1.4501646757125854,-11.244491577148438,-21.48259735107422,9.789466857910156,-11.029203414916992,20.395790100097656,-8.200864791870117
Normal Conversation - Dataset 1.m4a,normal_conversation,156,0.02101314254105091,0.02294921875,632.3473847832918,-442.13043212890625,180.69711303710938,11.521808624267578,35.56068801879883,18.340896606445312,10.235398292541504,-0.17887943983078003,0.6435966491699219,-18.499189376831055,6.311616897583008,-5.345109462738037,9.278534889221191,-3.5565505027770996
Normal Conversation - Dataset 1.m4a,normal_conversation,157,0.022033128887414932,0.02197265625,547.8717724939534,-459.06298828125,186.48977661132812,15.306690216064453,34.406219482421875,23.482460021972656,5.4971466064453125,-1.9792520999908447,6.910490036010742,-12.174467086791992,8.937307357788086,-0.2534317970275879,7.255000114440918,-6.305979251861572
Normal Conversation - Dataset 1.m4a,normal_conversation,158,0.02199622057378292,0.02392578125,503.2922723285917,-476.6344909667969,192.7538604736328,22.949562072753906,32.98915481567383,28.39431381225586,7.179129600524902,-8.856134414672852,5.571364402770996,-13.360456466674805,3.8229753971099854,3.787065029144287,9.941974639892578,-6.1461968421936035
Normal Conversation - Dataset 1.m4a,normal_conversation,159,0.02309698797762394,0.0244140625,490.05858644611305,-484.1009826660156,205.50401306152344,35.112342834472656,26.84256362915039,22.098690032958984,3.5121045112609863,-15.938033103942871,-3.397533893585205,-16.492984771728516,-3.3615589141845703,5.119208335876465,6.576044082641602,-8.503417015075684
Normal Conversation - Dataset 1.m4a,normal_conversation,160,0.023934226483106613,0.029296875,478.1118660053712,-489.4217224121094,216.5064239501953,48.420467376708984,25.269237518310547,13.996936798095703,-7.126438617706299,-22.321781158447266,-11.707876205444336,-12.876898765563965,3.0558223724365234,6.371861457824707,4.684293746948242,-15.60740852355957
Normal Conversation - Dataset 1.m4a,normal_conversation,161,0.024330247193574905,0.03125,508.3600362406023,-479.7435302734375,226.564453125,53.75718688964844,14.1470947265625,-2.518977403640747,-12.549722671508789,-19.295124053955078,-2.2300539016723633,-4.937753200531006,5.548596382141113,2.6742663383483887,-4.034036159515381,-21.834579467773438
Normal Conversation - Dataset 1.m4a,normal_conversation,162,0.02614065259695053,0.03271484375,528.8788044082304,-458.05377197265625,238.97003173828125,42.67708206176758,-7.8575439453125,-1.3247867822647095,5.967948913574219,-5.783852577209473,-2.289898633956909,-13.73550033569336,-1.3982620239257812,-2.33139967918396,-9.501280784606934,-18.51610565185547
Normal Conversation - Dataset 1.m4a,normal_conversation,163,0.02965681254863739,0.03662109375,570.3163763010801,-446.20758056640625,239.46261596679688,26.3592529296875,-21.833412170410156,22.637847900390625,14.56037425994873,-11.78689193725586,-10.7467622756958,-19.054454803466797,-2.773196220397949,-11.685733795166016,-7.245880126953125,-9.813907623291016
Normal Conversation - Dataset 1.m4a,normal_conversation,164,0.031978003680706024,0.0400390625,648.344712041607,-414.9731750488281,227.64657592773438,5.481371879577637,-18.981876373291016,29.19131088256836,7.089411735534668,-22.147653579711914,-4.395015239715576,-21.639286041259766,-14.480243682861328,-4.096292495727539,14.480327606201172,-5.6884870529174805
Normal Conversation - Dataset 1.m4a,normal_conversation,165,0.03484269231557846,0.04443359375,809.6251942166823,-355.28961181640625,202.78269958496094,-7.417658805847168,-2.886967182159424,9.252362251281738,13.444250106811523,-21.671836853027344,-19.45502471923828,-20.475292205810547,-7.702963829040527,0.5029932260513306,34.081443786621094,-15.452136993408203
Normal Conversation - Dataset 1.m4a,normal_conversation,166,0.03740112856030464,0.04443359375,1091.5884926425924,-304.03973388671875,170.86822509765625,-17.50225830078125,14.134733200073242,6.378178596496582,9.837814331054688,-19.015892028808594,-23.69708251953125,-18.041305541992188,17.573667526245117,1.9263367652893066,26.207950592041016,-17.859325408935547
Normal Conversation - Dataset 1.m4a,normal_conversation,167,0.03793900087475777,0.0419921875,1319.212886269817,-278.8418273925781,145.5541229248047,-19.567829132080078,26.282695770263672,13.486409187316895,2.401797294616699,-20.327571868896484,-19.763656616210938,-14.8335542678833,27.9114990234375,-8.962543487548828,22.02910614013672,-15.079620361328125
Normal Conversation - Dataset 1.m4a,normal_conversation,168,0.03935690224170685,0.0361328125,1458.7086596233855,-270.2369079589844,128.07748413085938,-18.356250762939453,42.92988967895508,20.692855834960938,0.10520000755786896,-20.255367279052734,-16.25849151611328,-14.085198402404785,21.894187927246094,-16.850919723510742,23.112749099731445,-10.445714950561523
Normal Conversation - Dataset 1.m4a,normal_conversation,169,0.0398092158138752,0.03564453125,1510.2969777645458,-274.6597900390625,118.50425720214844,-11.324850082397461,58.79048156738281,21.10912322998047,-5.34157657623291,-23.446823120117188,-10.358757019042969,-11.086657524108887,16.286266326904297,-23.445682525634766,20.314361572265625,-7.142719268798828
Normal Conversation - Dataset 1.m4a,normal_conversation,170,0.03910570219159126,0.03369140625,1602.695181359765,-291.1697692871094,103.25045776367188,-1.8362233638763428,72.3126220703125,21.205623626708984,-7.039153099060059,-27.88284683227539,-8.993847846984863,-15.232355117797852,11.851829528808594,-23.174293518066406,22.538959503173828,-7.097082614898682
Normal Conversation - Dataset 1.m4a,normal_conversation,171,0.036243319511413574,0.03369140625,1511.4251445096304,-322.3208923339844,102.22628784179688,3.2828774452209473,81.26517486572266,21.810314178466797,-9.466358184814453,-31.533477783203125,-9.925466537475586,-17.361469268798828,5.44240665435791,-25.481178283691406,22.62506103515625,-9.024250984191895
Normal Conversation - Dataset 1.m4a,normal_conversation,172,0.03025810793042183,0.03466796875,1177.1168614859334,-364.9393310546875,112.62042236328125,6.7931060791015625,82.48858642578125,27.041900634765625,-7.889473915100098,-28.732053756713867,-15.982804298400879,-19.42230224609375,-2.033719778060913,-25.026174545288086,20.537464141845703,-10.113228797912598
Normal Conversation - Dataset 1.m4a,normal_conversation,173,0.023670602589845657,0.02978515625,1084.4246785275045,-413.4544372558594,119.43777465820312,18.929214477539062,79.11930847167969,26.7005558013916,-4.936674118041992,-22.770183563232422,-9.730507850646973,-17.30768585205078,-4.168334484100342,-20.5492000579834,18.001720428466797,-11.996700286865234
Normal Conversation - Dataset 1.m4a,normal_conversation,174,0.016069894656538963,0.02734375,1063.5444577541512,-464.6192932128906,124.9259033203125,23.678577423095703,72.92562866210938,29.236045837402344,1.9606223106384277,-17.274951934814453,-6.6019287109375,-11.108311653137207,-6.515219688415527,-17.923095703125,13.840181350708008,-8.30820083618164
Normal Conversation - Dataset 1.m4a,normal_conversation,175,0.008107217028737068,0.029296875,956.0389111973357,-512.7304077148438,129.23382568359375,18.754520416259766,65.65571594238281,45.86219024658203,13.48619270324707,-11.162559509277344,-8.703596115112305,-9.867053985595703,-5.672207355499268,-12.8955078125,12.56356143951416,-1.346469759941101
Normal Conversation - Dataset 1.m4a,normal_conversation,176,0.005079071503132582,0.02587890625,917.8405166717325,-525.9510498046875,134.52206420898438,11.08199691772461,52.668190002441406,49.204627990722656,27.37579345703125,-8.31881046295166,-20.08668327331543,-10.024653434753418,4.874678611755371,-1.880750060081482,14.922921180725098,-1.7452300786972046
Normal Conversation - Dataset 1.m4a,normal_conversation,177,0.00650209141895175,0.0244140625,919.9362628966466,-534.5142211914062,141.7537078857422,21.850059509277344,45.810455322265625,45.16907501220703,36.08061218261719,-4.038590908050537,-25.476730346679688,-16.363174438476562,-3.174570083618164,-3.2516560554504395,15.489757537841797,-4.777534484863281
Normal Conversation - Dataset 1.m4a,normal_conversation,178,0.0098232077434659,0.0263671875,546.7970105093862,-531.3766479492188,181.26361083984375,50.48277282714844,49.045928955078125,29.522939682006836,12.213794708251953,-9.849052429199219,-28.232959747314453,-18.83716583251953,-8.730728149414062,-6.119065284729004,9.35936164855957,-9.682808876037598
Normal Conversation - Dataset 1.m4a,normal_conversation,179,0.01900136098265648,0.02197265625,525.6839030888623,-492.4840393066406,207.43203735351562,54.26206588745117,39.10066223144531,2.809506416320801,-6.512863636016846,-6.246068954467773,-21.378681182861328,-8.063270568847656,-4.4174628257751465,-13.80795669555664,6.437406063079834,-15.381417274475098
Normal Conversation - Dataset 1.m4a,normal_conversation,180,0.027413297444581985,0.0244140625,566.3943427497318,-421.1534729003906,206.35134887695312,42.94697952270508,32.62842559814453,-3.3589930534362793,-1.3879845142364502,-8.100799560546875,-10.707314491271973,-12.579535484313965,-1.319090485572815,-24.586380004882812,8.006903648376465,-16.190547943115234
Normal Conversation - Dataset 1.m4a,normal_conversation,181,0.029090505093336105,0.02587890625,613.7607928102738,-387.3836364746094,195.609130859375,28.595947265625,23.807462692260742,7.481597900390625,9.070877075195312,-7.833702564239502,-0.9648219347000122,-25.62423324584961,-3.268129348754883,-29.007755279541016,10.911341667175293,-7.96051025390625
Normal Conversation - Dataset 1.m4a,normal_conversation,182,0.02859247662127018,0.02392578125,621.4339226681266,-394.29052734375,195.1719970703125,20.461177825927734,23.70691680908203,26.941082000732422,8.169501304626465,-15.464451789855957,10.52609920501709,-29.661203384399414,-5.518953323364258,-23.935413360595703,12.66004753112793,-2.8767666816711426
Normal Conversation - Dataset 1.m4a,normal_conversation,183,0.023511873558163643,0.02490234375,634.942916949787,-445.1180725097656,190.99063110351562,25.38812255859375,28.069639205932617,32.05552673339844,3.421381950378418,-18.894729614257812,15.226318359375,-22.164342880249023,-9.98589038848877,-15.182357788085938,14.061634063720703,-1.6593356132507324
Normal Conversation - Dataset 1.m4a,normal_conversation,184,0.012769119814038277,0.04052734375,708.9021062196974,-501.31365966796875,173.0281982421875,39.631744384765625,28.189552307128906,33.67290496826172,5.987673282623291,-9.757220268249512,10.046693801879883,-20.507328033447266,-8.098564147949219,-17.865690231323242,18.167877197265625,0.15829098224639893
Normal Conversation - Dataset 1.m4a,normal_conversation,185,0.006918937899172306,0.109375,2716.9284263105974,-447.5076904296875,63.796417236328125,31.915891647338867,78.8936767578125,0.7824894189834595,18.782291412353516,5.718050956726074,-2.492980480194092,-16.937715530395508,3.7076570987701416,-18.273338317871094,19.510997772216797,-10.399556159973145
Normal Conversation - Dataset 1.m4a,normal_conversation,186,0.01611575111746788,0.11474609375,3407.800182107595,-385.8099060058594,26.680858612060547,24.232744216918945,99.09259033203125,19.25763702392578,27.53335952758789,-8.4375,-21.083866119384766,-23.42641830444336,2.5448575019836426,-16.173974990844727,9.464895248413086,-9.370759010314941
Normal Conversation - Dataset 1.m4a,normal_conversation,187,0.02424774318933487,0.1181640625,1835.739757754151,-318.7817077636719,76.45162963867188,14.592350006103516,88.95259094238281,35.67878723144531,24.442840576171875,-37.94517135620117,-36.205474853515625,-21.710296630859375,2.688277006149292,-18.974781036376953,-2.9015631675720215,-16.854734420776367
Normal Conversation - Dataset 1.m4a,normal_conversation,188,0.029010513797402382,0.10400390625,1312.0058468654452,-298.0270690917969,112.14118957519531,3.1158013343811035,67.5018081665039,38.122554779052734,16.79936981201172,-44.76918029785156,-33.42324447631836,-25.96537971496582,4.929155349731445,-22.456764221191406,-1.0707998275756836,-12.44958209991455
Normal Conversation - Dataset 1.m4a,normal_conversation,189,0.03333159163594246,0.0400390625,1312.4330269157188,-307.1866760253906,120.59639739990234,1.2220815420150757,59.47449493408203,37.2696533203125,12.097338676452637,-42.326114654541016,-32.848304748535156,-23.774993896484375,13.027383804321289,-24.008071899414062,7.771771430969238,-15.080659866333008
Normal Conversation - Dataset 1.m4a,normal_conversation,190,0.031670551747083664,0.03857421875,1243.862539724135,-333.679443359375,129.9654541015625,7.504652976989746,57.80248260498047,32.606178283691406,12.903583526611328,-41.418636322021484,-24.89958953857422,-17.92281723022461,13.81620979309082,-26.06785774230957,7.261528015136719,-16.069366455078125
Normal Conversation - Dataset 1.m4a,normal_conversation,191,0.0283729936927557,0.0380859375,1013.6817653658128,-376.701171875,136.95068359375,14.262080192565918,58.33989715576172,29.918811798095703,16.961898803710938,-33.3383674621582,-19.684391021728516,-17.06682777404785,6.881112098693848,-29.392099380493164,3.0544657707214355,-11.23254680633545
Normal Conversation - Dataset 1.m4a,normal_conversation,192,0.025745902210474014,0.04052734375,969.0136333412291,-399.4998779296875,141.5552520751953,21.41739273071289,59.50498962402344,22.777729034423828,11.651127815246582,-28.035722732543945,-20.17129135131836,-15.346078872680664,7.079109191894531,-32.22261047363281,1.5771080255508423,-12.257143020629883
Normal Conversation - Dataset 1.m4a,normal_conversation,193,0.02363942749798298,0.03759765625,1221.4709038684448,-387.68267822265625,128.39389038085938,26.726707458496094,63.32878875732422,14.905309677124023,13.168875694274902,-29.380966186523438,-21.098369598388672,-14.673215866088867,15.633699417114258,-38.5693473815918,1.8419501781463623,-7.303861618041992
Normal Conversation - Dataset 1.m4a,normal_conversation,194,0.02486652508378029,0.04150390625,1452.5074858980786,-363.42254638671875,116.53971862792969,28.08080291748047,63.51829528808594,20.055715560913086,12.212937355041504,-29.729602813720703,-27.63970947265625,-16.7016658782959,24.90988540649414,-39.296409606933594,4.379697322845459,-3.6017022132873535
Normal Conversation - Dataset 1.m4a,normal_conversation,195,0.026408830657601357,0.041015625,1507.4777771314368,-352.2535705566406,112.94292449951172,22.01448631286621,63.47954559326172,25.771190643310547,9.493792533874512,-26.281381607055664,-27.54922103881836,-15.98788833618164,33.44772720336914,-36.960655212402344,6.150376319885254,-3.9798669815063477
Normal Conversation - Dataset 1.m4a,normal_conversation,196,0.02837110310792923,0.03564453125,1468.8371814085604,-357.3186950683594,114.27253723144531,11.060799598693848,63.2630615234375,26.35530662536621,12.219888687133789,-19.315210342407227,-24.585708618164062,-15.330520629882812,30.736385345458984,-33.36767578125,4.855739593505859,-6.26260232925415
Normal Conversation - Dataset 1.m4a,normal_conversation,197,0.028531253337860107,0.033203125,1184.828009721695,-377.13653564453125,128.2606201171875,6.977743148803711,60.062774658203125,27.93529510498047,12.520573616027832,-13.674243927001953,-25.561567306518555,-13.509862899780273,21.852764129638672,-33.26481628417969,7.25733757019043,-4.126718521118164
Normal Conversation - Dataset 1.m4a,normal_conversation,198,0.02712072804570198,0.025390625,884.2645049898849,-419.7054138183594,139.9744873046875,14.842806816101074,57.92513656616211,34.130855560302734,13.469489097595215,-10.1953706741333,-27.450119018554688,-10.2322359085083,19.949779510498047,-30.318620681762695,8.715631484985352,-7.6561713218688965
Normal Conversation - Dataset 1.m4a,normal_conversation,199,0.024854853749275208,0.02392578125,731.7565392536078,-446.21868896484375,150.00711059570312,24.915721893310547,56.19452667236328,31.560413360595703,15.743122100830078,-11.765390396118164,-19.048526763916016,-13.646637916564941,17.999439239501953,-18.28049087524414,11.16168212890625,-15.68780517578125
Normal Conversation - Dataset 1.m4a,normal_conversation,200,0.02564948983490467,0.0302734375,1102.4332072332897,-412.1321716308594,126.28353881835938,30.468841552734375,66.53973388671875,20.828563690185547,20.022390365600586,-10.74233627319336,-20.31658172607422,-24.668941497802734,17.26142692565918,-10.553224563598633,12.630326271057129,-23.390819549560547
Normal Conversation - Dataset 1.m4a,normal_conversation,201,0.028865346685051918,0.0380859375,1383.3178850545853,-338.8006286621094,127.39729309082031,20.377086639404297,61.032405853271484,11.459817886352539,20.486125946044922,-31.257213592529297,-43.56275939941406,-27.486351013183594,28.325332641601562,-13.989707946777344,8.714151382446289,-20.98968505859375
Normal Conversation - Dataset 1.m4a,normal_conversation,202,0.031239895150065422,0.0458984375,1376.790122538796,-290.5792236328125,135.91635131835938,2.1073033809661865,46.102577209472656,5.452754020690918,11.9266357421875,-40.24267578125,-48.278804779052734,-28.780773162841797,30.51568031311035,-15.686284065246582,12.262884140014648,-21.294788360595703
Normal Conversation - Dataset 1.m4a,normal_conversation,203,0.034983642399311066,0.04736328125,1337.3663900639021,-289.7134094238281,140.45245361328125,-3.1961095333099365,38.14279556274414,4.178224086761475,8.831890106201172,-43.479557037353516,-50.854881286621094,-24.29788589477539,22.09859275817871,-12.357975959777832,12.744338989257812,-25.501489639282227
Normal Conversation - Dataset 1.m4a,normal_conversation,204,0.034043774008750916,0.046875,1183.2771515575446,-312.77325439453125,144.7051239013672,0.20749306678771973,39.89373016357422,13.756793975830078,7.50045108795166,-36.26874542236328,-44.8741455078125,-27.24612045288086,9.86910343170166,-4.013043403625488,16.161624908447266,-34.65104675292969
Normal Conversation - Dataset 1.m4a,normal_conversation,205,0.03127523139119148,0.04248046875,1167.737669575493,-317.4470520019531,154.7187042236328,-6.525188446044922,28.559816360473633,14.872316360473633,1.0189810991287231,-21.192235946655273,-44.005714416503906,-27.767498016357422,13.325274467468262,-1.8927948474884033,28.319984436035156,-36.286781311035156
Normal Conversation - Dataset 1.m4a,normal_conversation,206,0.02945532836019993,0.03564453125,1114.3754800289717,-328.2898864746094,168.56466674804688,-5.631093978881836,11.547016143798828,6.382350921630859,6.181775093078613,-9.941455841064453,-38.26365280151367,-28.785789489746094,8.215592384338379,-10.62728500366211,36.064205169677734,-27.683162689208984
Normal Conversation - Dataset 1.m4a,normal_conversation,207,0.025024425238370895,0.03271484375,896.8354317991173,-366.0180358886719,182.4747314453125,0.6035916805267334,7.523563385009766,5.9698967933654785,9.731590270996094,-3.516495943069458,-28.39004898071289,-31.9741268157959,-1.7512456178665161,-19.603939056396484,29.37915802001953,-19.80386734008789
Normal Conversation - Dataset 1.m4a,normal_conversation,208,0.024010803550481796,0.02880859375,723.6741928075276,-413.88543701171875,189.89041137695312,5.399532318115234,14.961421012878418,16.122251510620117,8.803394317626953,-0.5054492950439453,-19.45035171508789,-26.965110778808594,-5.32399320602417,-23.23882293701172,12.318511962890625,-12.50007438659668
Normal Conversation - Dataset 1.m4a,normal_conversation,209,0.023516956716775894,0.02734375,644.9281681655368,-446.8857727050781,187.23834228515625,10.179255485534668,23.61273193359375,22.854572296142578,14.393226623535156,-3.3580098152160645,-17.8726806640625,-25.569486618041992,-4.035590171813965,-22.34593391418457,6.154280662536621,-9.195196151733398
Normal Conversation - Dataset 1.m4a,normal_conversation,210,0.024586306884884834,0.03125,579.3362575025785,-455.7643127441406,196.54229736328125,15.037182807922363,20.47930908203125,18.14462661743164,12.063770294189453,0.04079174995422363,-17.56529998779297,-24.420948028564453,-3.786910057067871,-26.967609405517578,-2.738374710083008,-12.57708740234375
Normal Conversation - Dataset 1.m4a,normal_conversation,211,0.025043439120054245,0.03515625,563.5800519921556,-455.228515625,208.30142211914062,24.98457908630371,6.239254474639893,9.752357482910156,-0.9276361465454102,-0.994978666305542,-14.024412155151367,-23.04640007019043,-7.060152053833008,-25.12530517578125,-4.494448661804199,-10.89790153503418
Normal Conversation - Dataset 1.m4a,normal_conversation,212,0.022404106333851814,0.03759765625,602.5495808068863,-450.96044921875,219.02294921875,34.68282699584961,-2.621861696243286,-3.488950490951538,-23.052228927612305,-4.168492317199707,-18.284507751464844,-11.922744750976562,-4.746140480041504,-13.99271011352539,-0.13706189393997192,-9.048952102661133
Normal Conversation - Dataset 1.m4a,normal_conversation,213,0.01877232827246189,0.03857421875,670.2638965103022,-455.1326599121094,221.51170349121094,31.462940216064453,-4.823042869567871,-12.418188095092773,-29.580902099609375,-3.799008369445801,-20.71566390991211,-6.500627517700195,-0.7768464088439941,-4.491739273071289,2.3992927074432373,-13.204315185546875
Normal Conversation - Dataset 1.m4a,normal_conversation,214,0.012221802026033401,0.0322265625,771.9247740975093,-485.6650085449219,203.43646240234375,29.71175765991211,0.6668530702590942,-14.003389358520508,-23.264652252197266,-1.8556816577911377,-10.335811614990234,-4.134178638458252,4.100033283233643,-0.9983282685279846,3.4206128120422363,-11.2445068359375
Normal Conversation - Dataset 1.m4a,normal_conversation,215,0.0050247362814843655,0.0224609375,1231.1661786605064,-523.8386840820312,153.4202117919922,31.217866897583008,5.284950256347656,-8.603187561035156,-15.453926086425781,-3.7309415340423584,0.04088367521762848,-4.64716911315918,-3.056257486343384,-0.8477970957756042,0.8989061117172241,-1.5225512981414795
Normal Conversation - Dataset 2.m4a,normal_conversation,0,0.0009681806550361216,0.08837890625,1580.2521165296355,-657.8833618164062,12.23359489440918,11.328838348388672,10.149574279785156,8.749618530273438,7.044351577758789,5.151839256286621,3.4311861991882324,2.133636951446533,1.197056770324707,0.4906548261642456,0.10863176733255386,0.24076318740844727
Normal Conversation - Dataset 2.m4a,normal_conversation,1,0.00197858945466578,0.08935546875,966.6226356722987,-588.2900390625,85.57344055175781,40.61848449707031,22.517459869384766,27.946807861328125,22.785690307617188,2.2203073501586914,-7.812264442443848,2.1748392581939697,12.747447967529297,9.298916816711426,1.0488793849945068,1.7789701223373413
Normal Conversation - Dataset 2.m4a,normal_conversation,2,0.002352905459702015,0.09716796875,800.4747953143404,-556.5014038085938,114.4811019897461,42.726226806640625,17.090862274169922,30.028602600097656,26.142391204833984,-0.6370668411254883,-12.025689125061035,2.099936008453369,15.010638236999512,12.086289405822754,5.038093566894531,4.927449703216553
Normal Conversation - Dataset 2.m4a,normal_conversation,3,0.002742531942203641,0.05712890625,739.8058690210825,-556.3267822265625,114.82786560058594,43.32992935180664,18.162464141845703,32.01812744140625,29.23668670654297,2.650845527648926,-9.702030181884766,3.8837738037109375,17.165630340576172,13.180776596069336,2.8499903678894043,0.5438351035118103
Normal Conversation - Dataset 2.m4a,normal_conversation,4,0.0030936789698898792,0.02099609375,814.1567845409705,-559.3304443359375,109.85231018066406,38.97663116455078,18.10220718383789,36.28758239746094,34.585811614990234,7.574991226196289,-5.430637359619141,5.324190139770508,13.88153076171875,7.305689334869385,-1.5570518970489502,-0.922356367111206
Normal Conversation - Dataset 2.m4a,normal_conversation,5,0.0031407128553837538,0.02099609375,797.4481575733465,-556.1869506835938,111.27951049804688,37.099449157714844,18.519489288330078,40.06159591674805,37.67811584472656,8.011356353759766,-6.742323875427246,3.3124592304229736,11.884025573730469,5.184108734130859,-3.7771542072296143,-0.7947490215301514
Normal Conversation - Dataset 2.m4a,normal_conversation,6,0.003349672071635723,0.01708984375,902.9519380544116,-558.40380859375,109.22245788574219,37.09567642211914,18.51559829711914,37.06591033935547,32.92731857299805,5.911649227142334,-5.484169006347656,4.725244522094727,12.627717971801758,7.242704391479492,-0.44420889019966125,1.7859857082366943
Normal Conversation - Dataset 2.m4a,normal_conversation,7,0.0031924741342663765,0.01611328125,993.2831630673106,-558.9102172851562,109.67036437988281,39.178802490234375,19.758312225341797,35.616355895996094,30.243322372436523,3.90822696685791,-6.644923210144043,5.016122817993164,15.183561325073242,10.430220603942871,1.2420200109481812,2.030778408050537
Normal Conversation - Dataset 2.m4a,normal_conversation,8,0.0028647969011217356,0.01953125,1201.0989805337388,-557.6846313476562,111.21493530273438,38.6302604675293,15.904006958007812,32.540470123291016,31.185035705566406,3.5927271842956543,-12.675043106079102,-0.26056092977523804,17.332483291625977,16.628368377685547,6.010268211364746,3.3130693435668945
Normal Conversation - Dataset 2.m4a,normal_conversation,9,0.002373678144067526,0.02490234375,1545.4931494803393,-557.2243041992188,108.57661437988281,34.94948959350586,11.834212303161621,33.230491638183594,36.10560607910156,7.478185653686523,-12.8331937789917,-5.678075790405273,10.13351821899414,10.488645553588867,4.118629455566406,4.292181015014648
Normal Conversation - Dataset 2.m4a,normal_conversation,10,0.0018827189924195409,0.02880859375,1543.5614456922724,-562.4540405273438,105.21263122558594,35.47529602050781,12.43897819519043,32.43257522583008,35.504661560058594,8.831634521484375,-13.314004898071289,-7.767271995544434,8.24311637878418,8.72867202758789,1.8482050895690918,3.1675572395324707
Normal Conversation - Dataset 2.m4a,normal_conversation,11,0.0020566906314343214,0.0244140625,1221.1483678724571,-561.41796875,107.1059341430664,35.13570022583008,12.16846752166748,31.938045501708984,34.256080627441406,5.452273368835449,-14.37352180480957,-4.060482025146484,12.431394577026367,11.936651229858398,3.826239824295044,4.457070350646973
Normal Conversation - Dataset 2.m4a,normal_conversation,12,0.002291760640218854,0.0205078125,955.563665829486,-560.9075927734375,106.72822570800781,33.87310028076172,13.044981002807617,35.45525360107422,37.197330474853516,7.084949493408203,-10.950244903564453,0.9550401568412781,14.750604629516602,11.134084701538086,3.624481678009033,4.8931660652160645
Normal Conversation - Dataset 2.m4a,normal_conversation,13,0.002473635831847787,0.01611328125,888.9713342535897,-561.6477661132812,106.21075439453125,34.082481384277344,12.802959442138672,33.99236297607422,35.892494201660156,7.703601837158203,-9.673733711242676,-0.42807209491729736,10.432332992553711,7.835737228393555,4.498686790466309,9.076272964477539
Normal Conversation - Dataset 2.m4a,normal_conversation,14,0.0025858539156615734,0.01220703125,896.8201341724762,-567.6729125976562,100.20861053466797,31.937450408935547,12.29100513458252,35.268028259277344,39.199806213378906,8.777363777160645,-13.731351852416992,-4.8154377937316895,11.623086929321289,13.156925201416016,9.106344223022461,12.262860298156738
Normal Conversation - Dataset 2.m4a,normal_conversation,15,0.0025342795997858047,0.01416015625,911.1299887003486,-567.98193359375,101.71939849853516,34.27676010131836,10.009557723999023,29.53313446044922,37.05402374267578,11.201467514038086,-12.598115921020508,-6.7127814292907715,10.603008270263672,13.42776870727539,6.672895431518555,6.735929489135742
Normal Conversation - Dataset 2.m4a,normal_conversation,16,0.0025848608929663897,0.0126953125,849.0306137823566,-563.6682739257812,107.38504791259766,38.16759490966797,10.725099563598633,27.512292861938477,34.8475456237793,10.85632038116455,-11.83702564239502,-7.130837440490723,8.29332160949707,10.580852508544922,4.300625801086426,4.562329292297363
Normal Conversation - Dataset 2.m4a,normal_conversation,17,0.0026999765541404486,0.01318359375,737.9649503417027,-562.77783203125,108.52154541015625,39.85542297363281,13.719606399536133,30.223369598388672,35.276336669921875,10.222594261169434,-10.952730178833008,-5.060601234436035,9.57441234588623,11.488580703735352,6.505927085876465,7.186832904815674
Normal Conversation - Dataset 2.m4a,normal_conversation,18,0.0026766399387270212,0.01416015625,772.4440899794427,-560.699951171875,107.37179565429688,36.0753173828125,16.592689514160156,37.03958511352539,35.45957946777344,5.5044355392456055,-10.777759552001953,-0.7342967391014099,10.166675567626953,8.549544334411621,5.829414367675781,9.322769165039062
Normal Conversation - Dataset 2.m4a,normal_conversation,19,0.002774043707177043,0.01416015625,784.9088785093387,-556.7479248046875,109.35357666015625,33.008689880371094,14.207281112670898,38.18778610229492,37.315460205078125,6.4743733406066895,-9.506149291992188,0.24754786491394043,9.36489486694336,6.984025955200195,4.290944576263428,6.5307393074035645
Normal Conversation - Dataset 2.m4a,normal_conversation,20,0.002579347463324666,0.0146484375,831.7588313852636,-555.4917602539062,110.24349212646484,31.491451263427734,10.253509521484375,34.43377685546875,37.29835510253906,10.588786125183105,-5.147639274597168,0.8972338438034058,6.671521186828613,4.088087558746338,2.3027665615081787,4.15246057510376
Normal Conversation - Dataset 2.m4a,normal_conversation,21,0.002582583110779524,0.01806640625,847.5632483803738,-559.1976318359375,107.08709716796875,31.85889434814453,11.44918441772461,34.21636199951172,37.19021987915039,12.864627838134766,-1.5070781707763672,3.050488233566284,6.788837432861328,4.190372943878174,3.538379669189453,5.058351993560791
Normal Conversation - Dataset 2.m4a,normal_conversation,22,0.0026285219937562943,0.017578125,799.5658544141752,-555.4318237304688,111.22441864013672,33.658443450927734,12.08364486694336,34.92233657836914,36.42510986328125,8.630607604980469,-6.9130859375,1.268326759338379,9.29822826385498,6.7486748695373535,2.9719581604003906,2.786691427230835
Normal Conversation - Dataset 2.m4a,normal_conversation,23,0.002328722272068262,0.02392578125,780.9286701475885,-559.0703735351562,107.83843994140625,33.83414077758789,15.082788467407227,38.86233139038086,38.32281494140625,6.010070323944092,-11.99323844909668,-1.0814273357391357,10.939620971679688,9.081365585327148,4.955488204956055,6.207914352416992
Normal Conversation - Dataset 2.m4a,normal_conversation,24,0.002381375525146723,0.02880859375,889.5839640208626,-566.1747436523438,101.06718444824219,31.894428253173828,13.33841323852539,35.07655334472656,34.83062744140625,3.7566637992858887,-14.203815460205078,-2.0807108879089355,13.115882873535156,12.31043529510498,5.836337089538574,5.748685836791992
Normal Conversation - Dataset 2.m4a,normal_conversation,25,0.002326175570487976,0.02734375,883.9700529888128,-565.3353881835938,103.21821594238281,33.436180114746094,10.994535446166992,32.221248626708984,37.704811096191406,10.829273223876953,-9.385748863220215,-0.4021812677383423,14.549948692321777,12.192312240600586,2.0276036262512207,2.1280508041381836
Normal Conversation - Dataset 2.m4a,normal_conversation,26,0.002391111571341753,0.02490234375,769.6818233459971,-560.6348266601562,110.1386489868164,39.62482452392578,13.646522521972656,30.748199462890625,36.02052307128906,12.773832321166992,-5.908705711364746,-0.8087292909622192,9.88001537322998,8.896770477294922,3.520460605621338,5.547588348388672
Normal Conversation - Dataset 2.m4a,normal_conversation,27,0.0028845721390098333,0.01708984375,805.8333405912477,-560.1397094726562,110.54588317871094,40.72931671142578,16.06464958190918,31.367599487304688,32.82249450683594,8.886029243469238,-6.797908306121826,1.3403384685516357,12.813962936401367,10.434232711791992,2.8253109455108643,3.179067611694336
Normal Conversation - Dataset 2.m4a,normal_conversation,28,0.0031356450635939837,0.0107421875,928.3337731860533,-557.809814453125,111.57530212402344,38.64398193359375,13.74269962310791,30.061275482177734,31.898832321166992,8.29934310913086,-6.253425598144531,2.726693630218506,14.785873413085938,14.282233238220215,7.390848159790039,4.706470012664795
Normal Conversation - Dataset 2.m4a,normal_conversation,29,0.003184370696544647,0.03076171875,1456.8442704530275,-540.3518676757812,98.34819030761719,29.741657257080078,25.78854751586914,21.104305267333984,39.879051208496094,11.007501602172852,-14.818611145019531,9.796547889709473,16.198684692382812,16.41132354736328,16.887958526611328,0.16290397942066193
Normal Conversation - Dataset 2.m4a,normal_conversation,30,0.0032799954060465097,0.04248046875,3145.0384068767144,-460.3896484375,45.9405403137207,5.727136611938477,46.53532791137695,11.843545913696289,62.11878204345703,11.611294746398926,-14.617178916931152,-1.279167652130127,18.949867248535156,17.419599533081055,14.599576950073242,-19.03113555908203
Normal Conversation - Dataset 2.m4a,normal_conversation,31,0.0032887228298932314,0.04248046875,3380.2891187962596,-449.33587646484375,39.225364685058594,6.267034530639648,41.63669204711914,11.731813430786133,59.799400329589844,11.244966506958008,-13.847160339355469,-0.26820114254951477,15.170295715332031,15.94493579864502,12.501457214355469,-23.361099243164062
Normal Conversation - Dataset 2.m4a,normal_conversation,32,0.003488746238872409,0.04541015625,2437.068061872128,-496.66943359375,69.83047485351562,21.7941837310791,38.192996978759766,16.007434844970703,50.8662109375,8.260379791259766,-12.291522026062012,1.9271529912948608,9.182785034179688,17.24347686767578,14.630889892578125,-17.580440521240234
Normal Conversation - Dataset 2.m4a,normal_conversation,33,0.0035266433842480183,0.02490234375,1562.1638286250284,-524.6947631835938,96.54617309570312,23.237056732177734,34.52198028564453,21.394973754882812,42.71495056152344,15.31229305267334,-15.708786964416504,1.7453465461730957,5.456484794616699,22.91402816772461,14.793964385986328,-12.099178314208984
Normal Conversation - Dataset 2.m4a,normal_conversation,34,0.003292698413133621,0.01611328125,1288.1621526687377,-539.77490234375,100.12800598144531,25.41555404663086,25.604419708251953,23.688039779663086,38.85811996459961,14.499637603759766,-13.749194145202637,4.913234233856201,7.301250457763672,17.377037048339844,15.86789608001709,-5.598852157592773
Normal Conversation - Dataset 2.m4a,normal_conversation,35,0.002944328123703599,0.02001953125,1264.4792767979984,-553.1279907226562,100.4871826171875,28.26668930053711,17.59049415588379,26.556116104125977,34.90458297729492,7.575003147125244,-13.652689933776855,5.60338020324707,12.213102340698242,11.83293342590332,10.027697563171387,2.7002387046813965
Normal Conversation - Dataset 2.m4a,normal_conversation,36,0.002224223455414176,0.02197265625,1111.0274443762808,-558.4306030273438,107.08219909667969,32.820926666259766,12.151487350463867,30.55585479736328,31.290611267089844,5.1695404052734375,-8.031490325927734,3.755139112472534,14.134147644042969,10.928986549377441,2.949347972869873,2.0967514514923096
Normal Conversation - Dataset 2.m4a,normal_conversation,37,0.0018726667622104287,0.02392578125,1008.8421626081697,-561.13134765625,106.81968688964844,35.009971618652344,13.877740859985352,33.65410614013672,34.63715362548828,7.113563537597656,-11.368197441101074,-4.183568954467773,9.300710678100586,11.129270553588867,4.589348316192627,0.4883592426776886
Normal Conversation - Dataset 2.m4a,normal_conversation,38,0.002196837915107608,0.02294921875,916.5002576762291,-559.926513671875,107.91688537597656,35.23988342285156,14.66458511352539,35.77447509765625,36.234519958496094,6.734697341918945,-12.575176239013672,-5.653618812561035,7.275357246398926,10.600873947143555,6.904711723327637,2.929001569747925
Normal Conversation - Dataset 2.m4a,normal_conversation,39,0.0022280970588326454,0.0283203125,827.6474115986341,-559.75390625,107.74446105957031,34.565975189208984,14.426401138305664,36.709232330322266,38.20374298095703,9.327413558959961,-9.301742553710938,-1.543277621269226,11.182647705078125,12.298376083374023,6.27448844909668,2.8070268630981445
Normal Conversation - Dataset 2.m4a,normal_conversation,40,0.0023115959484130144,0.02490234375,837.2600392983155,-558.3259887695312,109.80384063720703,35.33193588256836,12.016552925109863,31.966171264648438,33.466896057128906,5.913209915161133,-10.200664520263672,0.7384454011917114,14.40755844116211,13.839107513427734,7.176508903503418,4.641922950744629
Normal Conversation - Dataset 2.m4a,normal_conversation,41,0.002754293382167816,0.02099609375,918.5179351971041,-560.9387817382812,107.34353637695312,35.501129150390625,13.5006103515625,31.66735076904297,30.01966094970703,1.0921216011047363,-13.984476089477539,-0.8474344611167908,15.344389915466309,16.41557502746582,9.11197280883789,4.8786115646362305
Normal Conversation - Dataset 2.m4a,normal_conversation,42,0.002747204154729843,0.01904296875,803.4659073740604,-562.9641723632812,105.916748046875,37.41001892089844,17.894779205322266,35.798892974853516,32.82262420654297,3.2543787956237793,-13.663915634155273,-4.072597503662109,11.537372589111328,17.052766799926758,13.641592025756836,8.83557415008545
Normal Conversation - Dataset 2.m4a,normal_conversation,43,0.0029616316314786673,0.01025390625,790.316584545969,-558.7030639648438,107.80718994140625,33.581233978271484,15.552328109741211,39.18379211425781,38.14344024658203,6.419194221496582,-12.32485580444336,-3.881957530975342,10.23490047454834,16.335447311401367,16.007343292236328,11.812108993530273
Normal Conversation - Dataset 2.m4a,normal_conversation,44,0.0031804798636585474,0.01025390625,878.0693056768126,-555.8963623046875,109.4234848022461,31.803503036499023,13.724114418029785,38.4969482421875,36.47703170776367,3.9699552059173584,-12.237220764160156,-0.6535830497741699,12.661693572998047,14.546371459960938,10.707656860351562,6.121829986572266
Normal Conversation - Dataset 2.m4a,normal_conversation,45,0.0031887637451291084,0.00927734375,805.1816030502256,-556.4227905273438,111.06808471679688,36.892799377441406,18.411550521850586,40.718536376953125,38.68394470214844,7.691415309906006,-9.717458724975586,-1.6435214281082153,10.15903377532959,13.008464813232422,8.796425819396973,1.6725871562957764
Normal Conversation - Dataset 2.m4a,normal_conversation,46,0.0032373431604355574,0.00927734375,718.8389775085197,-556.3660888671875,113.16015625,40.18293380737305,18.11935043334961,38.632423400878906,41.17687225341797,13.550230979919434,-7.540966987609863,-3.7793710231781006,8.289826393127441,11.85812759399414,7.3517374992370605,2.6463375091552734
Normal Conversation - Dataset 2.m4a,normal_conversation,47,0.0034624161198735237,0.00732421875,699.7103998583033,-560.1707153320312,110.51270294189453,41.289955139160156,18.900394439697266,37.396610260009766,39.67334747314453,12.520113945007324,-8.077340126037598,-2.723093032836914,10.316298484802246,11.609368324279785,4.304742336273193,0.8932247757911682
Normal Conversation - Dataset 2.m4a,normal_conversation,48,0.00347465300001204,0.00537109375,726.7771790486215,-561.4520263671875,110.37864685058594,42.904754638671875,18.867141723632812,35.06241226196289,37.47046661376953,10.904747009277344,-10.247706413269043,-4.448355674743652,10.445589065551758,12.555635452270508,4.8665289878845215,1.1108428239822388
Normal Conversation - Dataset 2.m4a,normal_conversation,49,0.0032160708215087652,0.01318359375,740.1628875796744,-560.5432739257812,109.0362319946289,38.536720275878906,17.502782821655273,39.573692321777344,42.663124084472656,11.49599552154541,-12.625934600830078,-5.620718955993652,11.620794296264648,15.180355072021484,7.155379295349121,0.2475079894065857
Normal Conversation - Dataset 2.m4a,normal_conversation,50,0.0028609505388885736,0.02490234375,791.276493657866,-551.843994140625,115.75859069824219,35.82521057128906,12.11419677734375,37.50792694091797,42.569236755371094,10.379701614379883,-14.042169570922852,-5.092761516571045,14.458696365356445,18.679706573486328,9.147876739501953,0.1687251478433609
Normal Conversation - Dataset 2.m4a,normal_conversation,51,0.00235479767434299,0.02880859375,984.5152205578815,-549.8955688476562,115.85527801513672,32.24171829223633,6.2844343185424805,28.90314483642578,33.52888488769531,4.928963661193848,-15.40599250793457,-5.2321271896362305,13.295755386352539,18.364730834960938,9.98884105682373,-1.5159327983856201
Normal Conversation - Dataset 2.m4a,normal_conversation,52,0.002174981636926532,0.03369140625,972.9348002489717,-553.923095703125,111.89887237548828,31.64183807373047,8.118377685546875,29.476654052734375,29.782323837280273,1.3459224700927734,-14.58232307434082,-4.566732406616211,10.498291015625,15.927142143249512,11.76523208618164,3.3287124633789062
Normal Conversation - Dataset 2.m4a,normal_conversation,53,0.0022854760754853487,0.03076171875,886.5349945038923,-554.8109130859375,112.35932922363281,34.79399108886719,11.829631805419922,32.358802795410156,32.353424072265625,4.523863792419434,-9.901206970214844,1.1053239107131958,13.575479507446289,13.913110733032227,8.594810485839844,4.395620346069336
Normal Conversation - Dataset 2.m4a,normal_conversation,54,0.0024592976551502943,0.02392578125,840.602867524174,-554.1788940429688,114.01382446289062,36.59333038330078,10.991292953491211,29.165340423583984,31.259449005126953,8.11422348022461,-3.5755362510681152,7.906307697296143,19.29922103881836,15.418539047241211,4.728611946105957,-0.5754724740982056
Normal Conversation - Dataset 2.m4a,normal_conversation,55,0.002336854115128517,0.02978515625,855.2578557124144,-550.8463745117188,116.45526123046875,35.739410400390625,10.017346382141113,29.37859344482422,30.849411010742188,6.410623073577881,-5.288792610168457,6.592672348022461,17.954788208007812,15.068276405334473,6.855919361114502,2.5540804862976074
Normal Conversation - Dataset 2.m4a,normal_conversation,56,0.002391718327999115,0.02783203125,977.3983814745045,-551.7083740234375,115.90709686279297,35.78227233886719,9.032235145568848,26.432109832763672,26.01917266845703,0.3541623055934906,-11.02550983428955,2.9885354042053223,17.550357818603516,17.63782501220703,10.159797668457031,3.555419683456421
Normal Conversation - Dataset 2.m4a,normal_conversation,57,0.0025591885205358267,0.02587890625,1028.5266465289208,-552.0994873046875,117.06828308105469,38.13233947753906,8.874444007873535,24.20484733581543,24.195934295654297,-1.7141313552856445,-13.252232551574707,3.907876491546631,21.490806579589844,19.189617156982422,7.15678071975708,0.8417659997940063
Normal Conversation - Dataset 2.m4a,normal_conversation,58,0.0025366321206092834,0.02880859375,952.4494247314772,-545.7996215820312,122.62496948242188,40.12651062011719,12.915688514709473,30.533008575439453,27.78839874267578,-1.631592035293579,-11.84442138671875,6.340860366821289,19.507793426513672,13.446714401245117,3.822528600692749,2.6358747482299805
Normal Conversation - Dataset 2.m4a,normal_conversation,59,0.0027442192658782005,0.021484375,1006.9742535949026,-542.9188842773438,122.13753509521484,36.30990219116211,12.946310043334961,32.84358215332031,30.428136825561523,2.3499388694763184,-8.874346733093262,4.030969142913818,12.217098236083984,8.49182415008545,5.457093238830566,6.033269882202148
Normal Conversation - Dataset 2.m4a,normal_conversation,60,0.0026406862307339907,0.02490234375,1083.652740954163,-548.2101440429688,116.48049926757812,34.126487731933594,14.236062049865723,36.346046447753906,32.143348693847656,-1.0499184131622314,-15.64827823638916,-0.6772838234901428,11.29627799987793,9.808135986328125,8.911297798156738,8.809245109558105
Normal Conversation - Dataset 2.m4a,normal_conversation,61,0.002406773855909705,0.02783203125,936.5676962838941,-548.1766967773438,117.69255065917969,35.64173889160156,14.15599536895752,36.533912658691406,32.58245849609375,-3.9581220149993896,-20.960025787353516,-2.0020031929016113,15.834318161010742,14.06710433959961,9.065061569213867,9.107081413269043
Normal Conversation - Dataset 2.m4a,normal_conversation,62,0.0025942197535187006,0.0205078125,953.7141755195887,-543.6262817382812,120.94425964355469,33.72739791870117,10.619604110717773,32.849369049072266,28.311782836914062,-6.401589393615723,-20.772232055664062,-0.6072598695755005,18.204683303833008,14.335653305053711,5.248598575592041,6.036794185638428
Normal Conversation - Dataset 2.m4a,normal_conversation,63,0.0030728376004844904,0.01904296875,875.5668649003861,-539.5004272460938,122.55537414550781,33.179542541503906,15.002989768981934,37.47853469848633,28.968873977661133,-5.956220626831055,-19.438907623291016,0.26494449377059937,18.945213317871094,14.03732681274414,3.5149424076080322,5.611519813537598
Normal Conversation - Dataset 2.m4a,normal_conversation,64,0.003569308202713728,0.01416015625,908.9419979730653,-536.5775756835938,119.43880462646484,25.65468406677246,14.100618362426758,40.16472625732422,33.298805236816406,-2.149198055267334,-20.502117156982422,-1.3327358961105347,18.345130920410156,12.17692756652832,2.7284646034240723,4.8036699295043945
Normal Conversation - Dataset 2.m4a,normal_conversation,65,0.0036354821640998125,0.0146484375,905.6869072398003,-531.6231079101562,121.97286224365234,22.767009735107422,10.172589302062988,37.661460876464844,35.007080078125,0.704744815826416,-19.1500301361084,0.6417386531829834,16.457674026489258,6.4770684242248535,1.7696460485458374,6.15970516204834
Normal Conversation - Dataset 2.m4a,normal_conversation,66,0.003490045201033354,0.01611328125,942.7474574974165,-530.99072265625,120.46420288085938,23.235713958740234,13.639869689941406,34.70233154296875,29.74481964111328,0.6525999307632446,-16.292383193969727,3.244502544403076,15.13676643371582,4.321413993835449,5.108240604400635,9.214749336242676
Normal Conversation - Dataset 2.m4a,normal_conversation,67,0.0029748750384896994,0.01611328125,1010.2687295382561,-534.0615234375,119.93894958496094,24.422794342041016,12.045854568481445,31.813644409179688,24.07977867126465,-2.483950138092041,-12.956053733825684,4.565329551696777,14.0174560546875,4.905213356018066,3.9339346885681152,6.690742015838623
Normal Conversation - Dataset 2.m4a,normal_conversation,68,0.00267681828700006,0.01806640625,1018.7566814053494,-542.342529296875,114.53257751464844,25.79359245300293,12.58966064453125,31.436050415039062,23.187490463256836,-2.869910717010498,-11.480535507202148,4.222138404846191,13.213785171508789,7.3592529296875,5.871601581573486,7.277892112731934
Normal Conversation - Dataset 2.m4a,normal_conversation,69,0.0029751283582299948,0.01416015625,881.6713098984859,-539.52978515625,118.75131225585938,28.22820281982422,12.960835456848145,33.096763610839844,24.97742462158203,-3.280897855758667,-12.590557098388672,3.730619192123413,13.501545906066895,7.408685684204102,5.255868434906006,10.108414649963379
Normal Conversation - Dataset 2.m4a,normal_conversation,70,0.003685174509882927,0.01220703125,774.0988713030969,-530.9305419921875,127.41651916503906,31.166852951049805,14.575721740722656,34.506439208984375,23.420270919799805,-3.7519845962524414,-9.000513076782227,4.694568157196045,10.175012588500977,4.330306053161621,2.2620866298675537,8.807433128356934
Normal Conversation - Dataset 2.m4a,normal_conversation,71,0.0038152907509356737,0.01416015625,779.1216117852891,-529.7108154296875,127.99772644042969,31.334983825683594,14.547618865966797,32.901458740234375,23.40985107421875,-1.8917628526687622,-8.184258460998535,6.6066789627075195,13.119180679321289,6.762119293212891,5.5479021072387695,7.935884475708008
Normal Conversation - Dataset 2.m4a,normal_conversation,72,0.0036200194153934717,0.01318359375,807.0346486003049,-534.10986328125,123.71996307373047,30.006568908691406,12.791337966918945,30.446941375732422,23.375629425048828,-2.549663543701172,-11.196310997009277,7.38410758972168,17.808063507080078,10.745645523071289,9.34199047088623,9.852466583251953
Normal Conversation - Dataset 2.m4a,normal_conversation,73,0.0032501895911991596,0.01708984375,935.716517572019,-539.8885498046875,120.25708770751953,30.068004608154297,9.873753547668457,27.426668167114258,21.973819732666016,-4.227700710296631,-12.554773330688477,6.158501625061035,16.779024124145508,10.689813613891602,9.530076026916504,9.511689186096191
Normal Conversation - Dataset 2.m4a,normal_conversation,74,0.0027083642780780792,0.02197265625,991.6748583496264,-543.7764282226562,117.24830627441406,28.8576602935791,7.355081081390381,26.249290466308594,22.844802856445312,-3.538269281387329,-10.824756622314453,8.094762802124023,15.759549140930176,8.014213562011719,6.747498512268066,6.618350982666016
Normal Conversation - Dataset 2.m4a,normal_conversation,75,0.002512782346457243,0.02294921875,899.1242386510673,-542.5717163085938,117.5472412109375,27.34976577758789,8.169897079467773,30.55986785888672,26.876399993896484,0.36434274911880493,-8.106902122497559,6.747401714324951,15.959729194641113,10.911890029907227,4.764606952667236,3.273998260498047
Normal Conversation - Dataset 2.m4a,normal_conversation,76,0.0024610934779047966,0.02880859375,854.3377519403381,-549.6177368164062,115.82098388671875,33.870445251464844,11.603848457336426,31.914196014404297,29.03059196472168,1.2636499404907227,-8.70637321472168,5.391808032989502,14.974967956542969,10.288471221923828,3.8657917976379395,2.928368330001831
Normal Conversation - Dataset 2.m4a,normal_conversation,77,0.0026242027524858713,0.02783203125,893.1750498579026,-560.0174560546875,107.43759155273438,34.680992126464844,14.675004005432129,35.17359161376953,33.744903564453125,4.542037010192871,-10.39796257019043,1.066227674484253,13.12362003326416,10.708806991577148,3.5862646102905273,2.6926331520080566
Normal Conversation - Dataset 2.m4a,normal_conversation,78,0.0023805228993296623,0.02685546875,872.7546739119958,-557.4417114257812,108.54804992675781,31.968788146972656,12.46370792388916,36.546546936035156,35.6063232421875,2.9090206623077393,-13.491395950317383,1.017521858215332,15.472530364990234,11.959419250488281,4.730554103851318,6.738396167755127
Normal Conversation - Dataset 2.m4a,normal_conversation,79,0.0024450302589684725,0.02734375,815.7085969086785,-559.58935546875,108.33316802978516,35.434814453125,15.119417190551758,36.692840576171875,35.022666931152344,1.8197696208953857,-15.388425827026367,0.060022175312042236,16.21587371826172,12.711945533752441,4.8346967697143555,7.0856475830078125
Normal Conversation - Dataset 2.m4a,normal_conversation,80,0.0023685013875365257,0.02587890625,852.5808233085409,-563.9196166992188,107.08177185058594,41.64298629760742,20.41961669921875,34.817047119140625,31.18610382080078,2.2159180641174316,-14.34525203704834,-2.817779064178467,12.91351318359375,12.154426574707031,3.1475679874420166,1.6203746795654297
Normal Conversation - Dataset 2.m4a,normal_conversation,81,0.0021422470454126596,0.02490234375,820.0051862329519,-563.5873413085938,107.97607421875,42.67513656616211,20.419429779052734,33.73157501220703,30.22075843811035,3.252175807952881,-10.50550651550293,1.3884590864181519,14.862165451049805,13.100471496582031,4.207529067993164,-0.19716572761535645
Normal Conversation - Dataset 2.m4a,normal_conversation,82,0.0025464207865297794,0.02001953125,825.7468851762889,-557.7059936523438,111.23857116699219,39.00202941894531,16.87078285217285,32.291324615478516,27.627056121826172,0.5133911967277527,-10.752704620361328,1.7648571729660034,14.5227689743042,14.894935607910156,8.783865928649902,3.4202568531036377
Normal Conversation - Dataset 2.m4a,normal_conversation,83,0.002947782166302204,0.017578125,794.7193445875978,-558.3751831054688,108.8895263671875,36.428245544433594,18.466135025024414,36.80849075317383,29.357616424560547,-0.7432366609573364,-9.997106552124023,5.009517192840576,15.789052963256836,13.38403034210205,8.413448333740234,6.020115852355957
Normal Conversation - Dataset 2.m4a,normal_conversation,84,0.0032297265715897083,0.01708984375,748.0893434104873,-556.9606323242188,108.1883544921875,33.858421325683594,20.325794219970703,42.352699279785156,32.14282989501953,-1.5812358856201172,-10.846054077148438,4.305077075958252,13.593301773071289,10.453083038330078,5.4980621337890625,3.392855167388916
Normal Conversation - Dataset 2.m4a,normal_conversation,85,0.003412506077438593,0.01416015625,736.8778676147949,-559.4208984375,106.98858642578125,35.56125259399414,20.894489288330078,42.13453674316406,35.482418060302734,3.026362419128418,-11.3902006149292,-0.7586054801940918,11.485384941101074,13.763931274414062,8.382686614990234,2.8455710411071777
Normal Conversation - Dataset 2.m4a,normal_conversation,86,0.0031775350216776133,0.01806640625,751.4532151999367,-557.5728759765625,108.10842895507812,33.054412841796875,16.149927139282227,39.84564971923828,37.70093536376953,6.575725555419922,-9.911785125732422,-1.6536695957183838,9.386409759521484,12.461423873901367,9.98703384399414,6.35636568069458
Normal Conversation - Dataset 2.m4a,normal_conversation,87,0.0027150684036314487,0.01904296875,858.4835659766974,-557.5186157226562,105.45130920410156,27.86252212524414,14.753853797912598,42.50727844238281,38.666664123535156,5.324974060058594,-10.202569007873535,-1.161460518836975,8.325170516967773,9.980536460876465,7.95314884185791,4.041497230529785
Normal Conversation - Dataset 2.m4a,normal_conversation,88,0.002614452736452222,0.0166015625,825.5411020470317,-557.3748779296875,106.21565246582031,29.93464469909668,17.879682540893555,45.23904037475586,39.24800109863281,3.8259758949279785,-11.08393383026123,0.5176573395729065,10.382646560668945,9.537042617797852,6.502507209777832,4.010226726531982
Normal Conversation - Dataset 2.m4a,normal_conversation,89,0.0024885814636945724,0.01708984375,792.9134667321462,-557.2330932617188,106.37998962402344,28.976512908935547,14.828569412231445,41.74485397338867,37.749717712402344,5.403556823730469,-6.186091423034668,7.115655899047852,14.889291763305664,10.579176902770996,7.009770393371582,5.735987663269043
Normal Conversation - Dataset 2.m4a,normal_conversation,90,0.002376050688326359,0.0224609375,804.2520478270368,-561.696533203125,104.42359924316406,32.0885009765625,15.289640426635742,38.54688262939453,37.17414093017578,7.820661544799805,-5.883266925811768,5.504999160766602,14.818161964416504,10.93096923828125,6.017818450927734,5.766539573669434
Normal Conversation - Dataset 2.m4a,normal_conversation,91,0.0024470279458910227,0.025390625,778.9808989870742,-565.3408203125,102.87409973144531,36.09492492675781,19.993587493896484,40.56440734863281,37.55739974975586,7.90204381942749,-6.702776908874512,2.8695011138916016,11.216076850891113,8.634110450744629,5.646442413330078,5.521675109863281
Normal Conversation - Dataset 2.m4a,normal_conversation,92,0.0020693433471024036,0.03173828125,785.0526377097049,-566.7554931640625,101.48040771484375,36.478370666503906,23.030452728271484,45.679527282714844,41.65199661254883,7.797178268432617,-9.688824653625488,1.8776865005493164,13.415924072265625,8.976947784423828,0.09866106510162354,-2.9389541149139404
Normal Conversation - Dataset 2.m4a,normal_conversation,93,0.0017030298477038741,0.03662109375,878.8115595074014,-567.4392700195312,99.60845947265625,33.451725006103516,20.40561294555664,44.08390808105469,40.17045593261719,5.755837440490723,-12.031761169433594,-0.33995914459228516,11.48857593536377,7.712045192718506,0.41262900829315186,-0.9215918779373169
Normal Conversation - Dataset 2.m4a,normal_conversation,94,0.0017235311679542065,0.03076171875,1003.5900364718316,-571.2772216796875,95.36483764648438,32.539527893066406,21.948205947875977,43.499454498291016,35.81847381591797,1.413375735282898,-14.447169303894043,-3.3354954719543457,7.603837966918945,6.365640640258789,2.4886250495910645,1.1420748233795166
Normal Conversation - Dataset 2.m4a,normal_conversation,95,0.0017071941401809454,0.02490234375,931.5747683444073,-567.9299926757812,98.63108825683594,32.594764709472656,19.186647415161133,39.888275146484375,33.795101165771484,1.7416287660598755,-13.130590438842773,-1.7200545072555542,10.255342483520508,9.468034744262695,4.078014373779297,1.0720634460449219
Normal Conversation - Dataset 2.m4a,normal_conversation,96,0.0025691555347293615,0.01513671875,883.721198910782,-566.1751098632812,101.66175842285156,34.13500213623047,16.236499786376953,35.99344253540039,34.92853546142578,7.235472679138184,-8.808780670166016,-1.0951753854751587,9.908269882202148,11.804001808166504,8.647418022155762,4.553199768066406
Normal Conversation - Dataset 2.m4a,normal_conversation,97,0.0029627347830682993,0.0087890625,736.4062634852379,-558.3687133789062,110.26701354980469,38.1372184753418,17.37459373474121,36.08595275878906,34.82114791870117,9.023626327514648,-4.086319923400879,2.8174524307250977,9.628401756286621,10.710296630859375,10.57929801940918,5.860650062561035
Normal Conversation - Dataset 2.m4a,normal_conversation,98,0.002934777643531561,0.00732421875,731.9494011156662,-550.1034545898438,114.71841430664062,33.142398834228516,14.72752571105957,39.25774383544922,35.63405227661133,5.835247039794922,-3.9759936332702637,7.186770439147949,11.03782844543457,6.96792459487915,7.710753440856934,8.101360321044922
Normal Conversation - Dataset 2.m4a,normal_conversation,99,0.0029185721650719643,0.01025390625,815.85336492326,-551.8582153320312,111.79643249511719,29.93944549560547,12.270329475402832,37.36933898925781,33.30994415283203,3.1877684593200684,-6.018054008483887,5.851332664489746,9.527324676513672,4.637641906738281,5.47696590423584,8.208024978637695
Normal Conversation - Dataset 2.m4a,normal_conversation,100,0.0022899291943758726,0.01611328125,882.0794424288258,-556.1817016601562,108.62825012207031,30.473472595214844,11.992462158203125,35.94899368286133,34.07421112060547,4.8715057373046875,-7.159790992736816,3.255930185317993,8.47592544555664,3.1073570251464844,1.6387975215911865,6.273543357849121
Normal Conversation - Dataset 2.m4a,normal_conversation,101,0.006347194779664278,0.0234375,950.1362119202386,-559.0255737304688,107.41593933105469,32.693721771240234,12.625020980834961,33.3336296081543,31.667308807373047,5.184751510620117,-4.452458381652832,7.28424072265625,12.447309494018555,5.924585342407227,3.240428924560547,5.976546287536621
Normal Conversation - Dataset 2.m4a,normal_conversation,102,0.03759366646409035,0.03125,660.1789805228744,-457.24334716796875,170.50103759765625,38.428131103515625,47.866580963134766,33.11827087402344,-1.7886052131652832,-26.124910354614258,-43.544822692871094,-8.322044372558594,9.668585777282715,-8.873735427856445,2.787189483642578,-1.0127239227294922
Normal Conversation - Dataset 2.m4a,normal_conversation,103,0.06799416244029999,0.0361328125,838.3010058204434,-325.6834411621094,175.87428283691406,6.2151031494140625,64.89073181152344,24.13736343383789,-15.517899513244629,-26.770599365234375,-50.344566345214844,-6.142852306365967,15.691295623779297,-7.32430362701416,0.7049864530563354,1.144193410873413
Normal Conversation - Dataset 2.m4a,normal_conversation,104,0.09138038009405136,0.0380859375,1144.6190348936789,-249.3040771484375,141.69793701171875,-0.2880547046661377,69.07084655761719,24.98430633544922,-16.205995559692383,-26.831233978271484,-41.66974639892578,-10.012747764587402,21.19683837890625,-19.432971954345703,8.08958625793457,2.0519587993621826
Normal Conversation - Dataset 2.m4a,normal_conversation,105,0.10821370035409927,0.04150390625,1329.068334563526,-221.64622497558594,112.66307830810547,-0.6105847358703613,73.29852294921875,27.638530731201172,-18.38851547241211,-27.42540740966797,-30.837657928466797,-12.709280014038086,19.149433135986328,-27.915443420410156,13.830547332763672,5.6860809326171875
Normal Conversation - Dataset 2.m4a,normal_conversation,106,0.11618265509605408,0.03759765625,1440.063740817522,-221.03965759277344,98.21562194824219,-0.04185950756072998,83.37916564941406,32.931785583496094,-24.0361328125,-27.912935256958008,-18.03617286682129,-9.759481430053711,17.20315170288086,-33.144981384277344,13.785284996032715,1.0822771787643433
Normal Conversation - Dataset 2.m4a,normal_conversation,107,0.10539323836565018,0.033203125,1405.7905082878121,-235.81028747558594,99.66670989990234,4.972790718078613,89.89697265625,38.63345718383789,-26.96226692199707,-24.93115234375,-7.015673637390137,-6.650093078613281,11.8864164352417,-45.18109893798828,10.57194709777832,-8.688698768615723
Normal Conversation - Dataset 2.m4a,normal_conversation,108,0.08679186552762985,0.03173828125,1185.3932629968094,-264.7212219238281,112.5407943725586,18.454448699951172,90.84617614746094,41.830116271972656,-20.90312957763672,-25.445735931396484,-4.819738388061523,-6.065906524658203,2.8669629096984863,-48.793025970458984,10.955399513244629,-11.817806243896484
Normal Conversation - Dataset 2.m4a,normal_conversation,109,0.06482616066932678,0.02880859375,1024.5998163369943,-331.0995788574219,121.48260498046875,29.991382598876953,77.59230041503906,47.23500061035156,-9.041315078735352,-19.85233497619629,2.571031332015991,-5.832960605621338,-6.929184913635254,-41.46604537963867,10.213521957397461,-5.673875331878662
Normal Conversation - Dataset 2.m4a,normal_conversation,110,0.03307154402136803,0.06396484375,1448.105795419889,-358.84661865234375,100.62171936035156,27.106840133666992,65.64732360839844,37.75233459472656,15.32707405090332,-20.754627227783203,-1.7014625072479248,-0.9698371887207031,-2.0409364700317383,-19.406450271606445,1.9788801670074463,-3.1460394859313965
Normal Conversation - Dataset 2.m4a,normal_conversation,111,0.01833626814186573,0.15234375,3356.305581828016,-292.2950744628906,43.826194763183594,24.121437072753906,54.93984603881836,25.95257568359375,16.737808227539062,-30.442813873291016,-0.0066735148429870605,3.845670223236084,9.25749397277832,-14.205020904541016,5.942554473876953,-2.173161268234253
Normal Conversation - Dataset 2.m4a,normal_conversation,112,0.01585724577307701,0.26513671875,4713.1768517344735,-259.3330993652344,3.118460178375244,30.866409301757812,51.15335464477539,24.785030364990234,21.96199607849121,-32.147560119628906,0.05422389507293701,3.2883472442626953,4.211123943328857,-16.32703399658203,6.013444900512695,0.8701388835906982
Normal Conversation - Dataset 2.m4a,normal_conversation,113,0.014721355400979519,0.35302734375,5400.75323750891,-259.8441162109375,-18.663101196289062,40.19447708129883,43.73704528808594,12.397344589233398,24.389188766479492,-26.25136947631836,-2.272888660430908,8.973163604736328,6.025949954986572,-15.898269653320312,1.5522006750106812,1.2569056749343872
Normal Conversation - Dataset 2.m4a,normal_conversation,114,0.018051933497190475,0.33203125,5438.673041155427,-268.08001708984375,-14.044397354125977,41.98111343383789,37.497955322265625,4.2245306968688965,19.050846099853516,-25.07712173461914,-1.0797734260559082,14.242086410522461,13.204981803894043,-5.732888221740723,-1.813391923904419,-4.333691596984863
Normal Conversation - Dataset 2.m4a,normal_conversation,115,0.026570597663521767,0.24365234375,3544.677921158083,-269.10760498046875,51.187408447265625,51.70510482788086,39.571075439453125,17.053951263427734,24.048730850219727,-27.43991470336914,-12.112581253051758,-1.4185243844985962,2.7993087768554688,-4.239138126373291,-5.670424938201904,-19.62511444091797
Normal Conversation - Dataset 2.m4a,normal_conversation,116,0.03285231813788414,0.126953125,1263.0540343398407,-298.5785827636719,125.8031005859375,44.21418762207031,27.74406623840332,18.640907287597656,25.740089416503906,-22.003978729248047,-7.801295757293701,-9.527782440185547,-4.9559326171875,-4.680548667907715,0.14206337928771973,-20.380985260009766
Normal Conversation - Dataset 2.m4a,normal_conversation,117,0.03636705502867699,0.0361328125,862.8823973827245,-343.5379638671875,142.1841278076172,48.15333557128906,27.715965270996094,20.281925201416016,31.677471160888672,-15.285442352294922,-2.1253747940063477,-8.708600044250488,-5.703323841094971,-4.974303245544434,-0.6859656572341919,-11.92462158203125
Normal Conversation - Dataset 2.m4a,normal_conversation,118,0.0404139868915081,0.0224609375,680.0097396040183,-378.20855712890625,154.09487915039062,54.35570526123047,32.47169494628906,25.143115997314453,32.78871154785156,-15.929409980773926,-8.387811660766602,-10.843122482299805,-5.412775993347168,-9.252535820007324,-1.0978596210479736,-10.608963012695312
Normal Conversation - Dataset 2.m4a,normal_conversation,119,0.03744731470942497,0.0244140625,748.8425928839549,-368.2875671386719,157.83560180664062,53.215431213378906,37.020957946777344,23.364349365234375,21.060365676879883,-15.253995895385742,-33.394683837890625,-13.697746276855469,1.2653287649154663,-13.193537712097168,0.1844121217727661,-17.61034393310547
Normal Conversation - Dataset 2.m4a,normal_conversation,120,0.03384390100836754,0.02490234375,734.7162262029182,-380.10992431640625,156.77996826171875,52.68698501586914,39.86024856567383,27.872474670410156,20.691450119018555,-9.790985107421875,-33.949649810791016,-15.507274627685547,2.2452797889709473,-14.517009735107422,-0.06873655319213867,-20.74569320678711
Normal Conversation - Dataset 2.m4a,normal_conversation,121,0.03224848583340645,0.02685546875,647.0738668418642,-423.38092041015625,159.48883056640625,50.60914993286133,37.42206573486328,34.65447235107422,21.74916648864746,-3.3797049522399902,-12.951593399047852,-17.144792556762695,-4.06151008605957,-12.628963470458984,1.1736164093017578,-21.090740203857422
Normal Conversation - Dataset 2.m4a,normal_conversation,122,0.03193381428718567,0.02978515625,717.7090612835478,-421.1449279785156,160.54470825195312,53.69141387939453,32.47507858276367,29.242216110229492,11.46348762512207,-8.544022560119629,-26.233991622924805,-7.472395896911621,7.784936904907227,-9.089251518249512,7.512454509735107,-17.721033096313477
Normal Conversation - Dataset 2.m4a,normal_conversation,123,0.03836037963628769,0.03466796875,1098.382595195103,-318.14373779296875,151.55056762695312,23.16855239868164,31.51498794555664,4.124712944030762,7.5326056480407715,-18.78267478942871,-42.86014938354492,8.345682144165039,21.609180450439453,-12.009166717529297,10.819634437561035,-24.59628677368164
Normal Conversation - Dataset 2.m4a,normal_conversation,124,0.042025282979011536,0.04345703125,1346.9478122868827,-253.5140838623047,144.4468994140625,7.122811317443848,26.559772491455078,-5.237072944641113,1.5263012647628784,-18.602317810058594,-43.144371032714844,9.729785919189453,23.23313331604004,-4.831230163574219,11.724411010742188,-27.34368896484375
Normal Conversation - Dataset 2.m4a,normal_conversation,125,0.04769616946578026,0.04541015625,1274.3983093020624,-249.3917694091797,149.5096435546875,1.2798442840576172,21.230133056640625,-1.9798129796981812,-4.0543413162231445,-13.547459602355957,-34.30366516113281,-0.775780200958252,18.274398803710938,4.447589874267578,13.646544456481934,-28.513134002685547
Normal Conversation - Dataset 2.m4a,normal_conversation,126,0.04754914715886116,0.0458984375,1079.1372632711366,-260.9506530761719,168.609130859375,-9.745928764343262,11.87011432647705,6.18750524520874,-12.917354583740234,-12.404979705810547,-20.083221435546875,-12.319784164428711,18.025146484375,4.5143513679504395,12.233323097229004,-28.010059356689453
Normal Conversation - Dataset 2.m4a,normal_conversation,127,0.045046184211969376,0.04638671875,1198.9547366763145,-255.2398681640625,158.20005798339844,-15.839788436889648,27.89446258544922,1.6264151334762573,-0.67393958568573,-21.832477569580078,-25.618938446044922,-1.000989317893982,22.891813278198242,-5.91692590713501,20.533288955688477,-33.26783752441406
Normal Conversation - Dataset 2.m4a,normal_conversation,128,0.04574538767337799,0.04052734375,1401.81462666924,-262.6552429199219,140.64620971679688,-9.55253791809082,44.70387268066406,5.862072944641113,5.408883094787598,-19.314760208129883,-30.508647918701172,10.16057014465332,19.582725524902344,-10.81931209564209,22.963680267333984,-30.203994750976562
Normal Conversation - Dataset 2.m4a,normal_conversation,129,0.04453190043568611,0.0361328125,1320.100517114734,-290.0179748535156,134.10208129882812,2.4710373878479004,53.110252380371094,14.321985244750977,-1.4198222160339355,-17.946012496948242,-25.544200897216797,14.30762004852295,8.734440803527832,-21.108078002929688,23.415302276611328,-22.7543888092041
Normal Conversation - Dataset 2.m4a,normal_conversation,130,0.045888014137744904,0.03173828125,1074.6999069253447,-326.5928955078125,131.86383056640625,14.079645156860352,58.95701599121094,24.055824279785156,-6.249405384063721,-16.20684051513672,-20.45113754272461,9.636529922485352,2.447232961654663,-21.89183807373047,18.885562896728516,-16.75030517578125
Normal Conversation - Dataset 2.m4a,normal_conversation,131,0.047252558171749115,0.0244140625,901.1342678558112,-356.8697204589844,133.1630859375,23.03375244140625,58.015708923339844,30.488849639892578,-6.744979381561279,-13.614526748657227,-17.61085319519043,1.9295384883880615,-1.008837103843689,-24.753568649291992,13.51695728302002,-13.040814399719238
Normal Conversation - Dataset 2.m4a,normal_conversation,132,0.047293443232774734,0.02197265625,869.2524207475583,-382.0934143066406,126.00238037109375,29.91384506225586,62.5535888671875,36.374488830566406,-4.79012393951416,-12.26356315612793,-18.178421020507812,-0.37900733947753906,-0.8130762577056885,-30.066625595092773,14.945310592651367,-18.463109970092773
Normal Conversation - Dataset 2.m4a,normal_conversation,133,0.04454730823636055,0.025390625,902.0879979464427,-383.5281677246094,115.30613708496094,30.81820297241211,73.23619079589844,40.323883056640625,-5.229820251464844,-8.657608985900879,-12.957409858703613,-4.333574295043945,1.600184679031372,-23.180789947509766,16.447311401367188,-21.303401947021484
Normal Conversation - Dataset 2.m4a,normal_conversation,134,0.04176518693566322,0.0283203125,951.3062196323763,-384.78985595703125,111.35552978515625,34.526466369628906,75.32791137695312,35.13589096069336,-2.576643228530884,-7.064898490905762,-12.072996139526367,-2.94439959526062,0.01969832181930542,-17.19877815246582,15.704569816589355,-18.25224494934082
Normal Conversation - Dataset 2.m4a,normal_conversation,135,0.044045884162187576,0.02880859375,979.0757595790321,-380.5760192871094,117.08016967773438,31.34729766845703,73.6561279296875,39.44600296020508,-2.8412108421325684,-16.879512786865234,-10.117088317871094,2.5257277488708496,-1.740203619003296,-22.411502838134766,17.397628784179688,-20.97123908996582
Normal Conversation - Dataset 2.m4a,normal_conversation,136,0.0419534333050251,0.0263671875,1049.6013220440655,-352.69549560546875,119.97770690917969,16.153839111328125,65.92295837402344,55.211551666259766,-6.852025032043457,-29.37259292602539,-14.241113662719727,3.873650074005127,1.7213051319122314,-30.594717025756836,19.571197509765625,-23.418996810913086
Normal Conversation - Dataset 2.m4a,normal_conversation,137,0.03944876790046692,0.0205078125,942.6506019675734,-342.8683166503906,133.5283966064453,19.803768157958984,61.85179138183594,55.1954231262207,-5.481550216674805,-31.70659828186035,-15.398357391357422,4.579488754272461,3.5456199645996094,-31.566146850585938,11.985894203186035,-20.463237762451172
Normal Conversation - Dataset 2.m4a,normal_conversation,138,0.03537894785404205,0.021484375,809.9390646137688,-389.721923828125,141.45135498046875,21.732505798339844,59.34043502807617,48.2169075012207,8.109869003295898,-18.771564483642578,-8.894290924072266,6.677594184875488,-0.43846553564071655,-21.932987213134766,2.3795759677886963,-13.709815979003906
Normal Conversation - Dataset 2.m4a,normal_conversation,139,0.022386161610484123,0.02587890625,1091.133010828915,-440.457763671875,114.35234069824219,31.434341430664062,47.05255126953125,36.804832458496094,37.91033935546875,-16.046295166015625,6.392067909240723,8.497735977172852,-4.67415714263916,-3.4739561080932617,-2.5639843940734863,-8.232141494750977
Normal Conversation - Dataset 2.m4a,normal_conversation,140,0.01496700756251812,0.03173828125,1534.1483355296905,-424.6402587890625,120.40298461914062,49.303009033203125,34.48625946044922,11.063136100769043,20.39019775390625,-39.49873352050781,-7.4182586669921875,12.05150032043457,5.714041709899902,13.570028305053711,10.56884479522705,-5.6250691413879395
Normal Conversation - Dataset 2.m4a,normal_conversation,141,0.015166861936450005,0.0419921875,1006.8969325308053,-388.2608337402344,161.7873992919922,51.56513214111328,15.820484161376953,-7.7503790855407715,-0.6936362385749817,-26.31228256225586,-34.206298828125,5.050971984863281,12.824542045593262,12.559305191040039,12.102985382080078,-9.430486679077148
Normal Conversation - Dataset 2.m4a,normal_conversation,142,0.018831828609108925,0.0419921875,1006.7969480546213,-342.4798583984375,186.32931518554688,18.733577728271484,-7.252161502838135,-2.2704033851623535,-11.399279594421387,-3.25850248336792,-28.888870239257812,5.264214038848877,9.952478408813477,14.55914306640625,15.664865493774414,-16.23259735107422
Normal Conversation - Dataset 2.m4a,normal_conversation,143,0.021465105935931206,0.03662109375,928.4789691154516,-325.10546875,194.66360473632812,11.324372291564941,-3.436251163482666,2.4023311138153076,-11.944717407226562,4.4795942306518555,-19.07958984375,0.3322307765483856,12.329980850219727,17.145238876342773,10.98415470123291,-14.986411094665527
Normal Conversation - Dataset 2.m4a,normal_conversation,144,0.020201247185468674,0.03173828125,921.7973719381764,-349.4779052734375,179.67471313476562,17.61782455444336,8.530340194702148,-0.8155233263969421,-3.7726755142211914,7.993203639984131,-5.663636207580566,-7.1226067543029785,15.390454292297363,15.914741516113281,9.710834503173828,-8.671722412109375
Normal Conversation - Dataset 2.m4a,normal_conversation,145,0.01725034788250923,0.037109375,1152.5166814031215,-392.5669860839844,144.68685913085938,28.36115264892578,11.754018783569336,1.038910984992981,10.869972229003906,10.284828186035156,9.722227096557617,-8.089628219604492,18.80762481689453,12.106338500976562,15.582623481750488,-0.301296204328537
Normal Conversation - Dataset 2.m4a,normal_conversation,146,0.016018079593777657,0.03564453125,1788.1267720353208,-395.177490234375,120.173095703125,18.651935577392578,8.844797134399414,3.1951870918273926,17.289405822753906,4.812246322631836,17.163700103759766,-8.59465503692627,12.858738899230957,11.275312423706055,20.351770401000977,8.40133285522461
Normal Conversation - Dataset 2.m4a,normal_conversation,147,0.024353045970201492,0.03564453125,1307.3374867257485,-330.73870849609375,154.47161865234375,18.806846618652344,3.3778533935546875,-7.119760513305664,3.417982578277588,12.948196411132812,0.7070149183273315,-10.845175743103027,10.010271072387695,4.50201416015625,8.497308731079102,-2.8736276626586914
Normal Conversation - Dataset 2.m4a,normal_conversation,148,0.03267094865441322,0.03662109375,1137.96563060456,-288.5447998046875,169.55560302734375,16.248554229736328,1.9920017719268799,-6.0761637687683105,-6.3482985496521,23.046401977539062,-13.859235763549805,-5.984592437744141,13.329940795898438,-4.493346214294434,9.805631637573242,-8.854747772216797
Normal Conversation - Dataset 2.m4a,normal_conversation,149,0.03737906366586685,0.02294921875,919.972312775339,-309.7470397949219,178.64669799804688,16.888303756713867,7.146927833557129,4.845892906188965,-7.489706039428711,17.56015968322754,-9.171302795410156,-8.611841201782227,13.177363395690918,-8.770512580871582,11.708527565002441,-14.050000190734863
Normal Conversation - Dataset 2.m4a,normal_conversation,150,0.03913599252700806,0.02001953125,711.7184385994724,-362.693115234375,185.61163330078125,20.16571044921875,10.14846420288086,20.840532302856445,-0.04457792639732361,9.086214065551758,3.281083583831787,-14.51589584350586,5.141671657562256,-16.178852081298828,10.351036071777344,-13.101106643676758
Normal Conversation - Dataset 2.m4a,normal_conversation,151,0.03682832047343254,0.0224609375,697.4078834752704,-389.0625305175781,181.40982055664062,17.39879608154297,8.064899444580078,22.08294105529785,3.8197317123413086,10.459250450134277,7.598667144775391,-17.016685485839844,9.254701614379883,-18.761533737182617,1.802267074584961,-17.062822341918945
Normal Conversation - Dataset 2.m4a,normal_conversation,152,0.033331114798784256,0.0263671875,669.6932696145208,-382.5898742675781,196.72628784179688,34.085304260253906,7.11904239654541,17.07295036315918,-9.152225494384766,-0.4068165421485901,1.0018678903579712,-19.154922485351562,13.399469375610352,-15.848222732543945,-2.007136821746826,-18.914470672607422
Normal Conversation - Dataset 2.m4a,normal_conversation,153,0.032163213938474655,0.03173828125,752.4426387910003,-370.7293701171875,196.51126098632812,52.425758361816406,-4.854517936706543,7.611905097961426,-22.016204833984375,-3.9626150131225586,-2.2330899238586426,-19.24262237548828,16.480464935302734,-12.169174194335938,-5.93170166015625,-12.689492225646973
Normal Conversation - Dataset 2.m4a,normal_conversation,154,0.032882239669561386,0.03662109375,860.0815999481983,-369.23065185546875,185.44952392578125,46.40580749511719,-12.959003448486328,8.020185470581055,-17.123088836669922,-2.9244625568389893,2.12007999420166,-13.656352996826172,21.436542510986328,-6.099591255187988,-8.03868293762207,-10.177066802978516
Normal Conversation - Dataset 2.m4a,normal_conversation,155,0.03260015696287155,0.037109375,810.7118947680693,-377.5872497558594,187.38919067382812,44.893306732177734,-12.931509017944336,11.504247665405273,-13.30056381225586,-9.246431350708008,4.736446380615234,-6.81953239440918,24.10164451599121,-3.687103748321533,-3.924316883087158,-16.181781768798828
Normal Conversation - Dataset 2.m4a,normal_conversation,156,0.030309664085507393,0.03369140625,683.7027702999152,-393.516357421875,191.96182250976562,46.67375183105469,-2.653261184692383,15.421823501586914,-10.1568021774292,-18.40498161315918,3.468909502029419,-9.084030151367188,25.012611389160156,-4.679227828979492,-4.707592010498047,-17.538305282592773
Normal Conversation - Dataset 2.m4a,normal_conversation,157,0.02882949635386467,0.0283203125,638.8266718355384,-417.2176513671875,186.49179077148438,49.7551155090332,5.919289588928223,18.413299560546875,-3.9887475967407227,-14.469858169555664,8.557655334472656,-7.2971086502075195,20.460369110107422,-10.18628978729248,-9.885564804077148,-16.434175491333008
Normal Conversation - Dataset 2.m4a,normal_conversation,158,0.02707834541797638,0.02294921875,666.6201594750738,-438.12152099609375,172.614501953125,54.34777069091797,9.792017936706543,16.326107025146484,2.416628360748291,-7.538898944854736,11.43423080444336,-4.925098419189453,20.806751251220703,-9.864941596984863,-6.91390323638916,-10.266443252563477
Normal Conversation - Dataset 2.m4a,normal_conversation,159,0.026776719838380814,0.021484375,659.1484156533479,-450.3920593261719,162.33848571777344,56.18243408203125,16.73472023010254,20.88545799255371,9.940728187561035,-4.548000335693359,8.098154067993164,-12.64643383026123,16.59640121459961,-6.626579284667969,-4.730452537536621,-6.451581954956055
Normal Conversation - Dataset 2.m4a,normal_conversation,160,0.030484935268759727,0.02490234375,615.5223014175183,-439.8173828125,166.7413330078125,63.600921630859375,29.045867919921875,32.495079040527344,10.56304931640625,-13.210411071777344,-2.672957420349121,-23.564624786376953,11.478659629821777,-9.647805213928223,-6.941526889801025,-13.923145294189453
Normal Conversation - Dataset 2.m4a,normal_conversation,161,0.03212188929319382,0.0283203125,615.4195548156815,-436.70550537109375,169.99790954589844,66.73625183105469,28.94986343383789,38.29704284667969,5.851877212524414,-15.048517227172852,-4.889438152313232,-30.612041473388672,12.018277168273926,-9.423202514648438,-5.787957191467285,-14.649420738220215
Normal Conversation - Dataset 2.m4a,normal_conversation,162,0.035722702741622925,0.03076171875,802.9397488687341,-425.5179748535156,163.27142333984375,79.67807006835938,16.687389373779297,38.76066589355469,-6.436363220214844,-12.542024612426758,-1.1327791213989258,-27.814640045166016,24.143573760986328,-5.811562538146973,0.11015772819519043,-13.211546897888184
Normal Conversation - Dataset 2.m4a,normal_conversation,163,0.037448398768901825,0.03076171875,722.9019009731037,-414.47344970703125,171.11648559570312,78.73808288574219,15.097108840942383,28.178991317749023,-9.862730026245117,-11.81965446472168,-2.245944023132324,-15.698856353759766,28.542675018310547,-5.291718006134033,0.7765381336212158,-24.644027709960938
Normal Conversation - Dataset 2.m4a,normal_conversation,164,0.0364144891500473,0.029296875,646.4065357680445,-414.7637939453125,179.74154663085938,69.3711929321289,12.244216918945312,18.521970748901367,-3.9834821224212646,-9.128190994262695,2.6732168197631836,-6.477601051330566,14.292097091674805,-13.068819046020508,-3.2327980995178223,-28.930063247680664
Normal Conversation - Dataset 2.m4a,normal_conversation,165,0.037545982748270035,0.02587890625,679.782880066499,-418.3045349121094,177.04278564453125,58.92362976074219,4.062497138977051,23.33559799194336,7.554734230041504,-8.273762702941895,0.37915292382240295,-7.364325523376465,-1.5593669414520264,-14.897074699401855,1.0000102519989014,-22.676616668701172
Normal Conversation - Dataset 2.m4a,normal_conversation,166,0.03494469076395035,0.02294921875,736.3545557250727,-407.0592041015625,175.95932006835938,52.40925598144531,4.425548076629639,26.6180477142334,12.934612274169922,-12.815510749816895,-7.114217281341553,-10.343405723571777,-7.653135299682617,-8.881959915161133,9.293841361999512,-22.19738006591797
Normal Conversation - Dataset 2.m4a,normal_conversation,167,0.03293420001864433,0.02783203125,906.850662708668,-375.74407958984375,170.32217407226562,44.78974151611328,3.778601884841919,16.264976501464844,11.591415405273438,-10.778236389160156,-20.137859344482422,4.506159782409668,-13.857105255126953,-1.1108567714691162,26.305286407470703,-37.09775161743164
Normal Conversation - Dataset 2.m4a,normal_conversation,168,0.032455988228321075,0.03662109375,1190.510987116018,-342.9064636230469,155.49423217773438,37.59284591674805,1.2198305130004883,7.749316215515137,12.040719985961914,-4.3329691886901855,-35.279579162597656,8.894258499145508,1.1009445190429688,-3.679400682449341,31.600616455078125,-44.8857421875
Normal Conversation - Dataset 2.m4a,normal_conversation,169,0.0335400216281414,0.037109375,1479.608931468014,-313.88458251953125,138.65676879882812,26.712627410888672,9.83564567565918,7.195886611938477,-2.856523036956787,2.77292799949646,-35.57298278808594,2.3628039360046387,15.95742130279541,-3.1800918579101562,22.40749740600586,-42.26396942138672
Normal Conversation - Dataset 2.m4a,normal_conversation,170,0.03794427216053009,0.04150390625,1498.7282941402505,-296.3405456542969,132.18539428710938,19.20798110961914,21.589340209960938,15.04561996459961,-13.017742156982422,0.8016906976699829,-30.296892166137695,4.162102699279785,27.019100189208984,-4.652070999145508,14.502923965454102,-35.509727478027344
Normal Conversation - Dataset 2.m4a,normal_conversation,171,0.042509015649557114,0.03564453125,1432.925072033999,-296.3795166015625,130.5030059814453,16.13701629638672,29.592365264892578,21.800800323486328,-15.88924789428711,-4.186008453369141,-29.98287010192871,4.056255340576172,29.517162322998047,-7.931052207946777,11.285038948059082,-32.73799133300781
Normal Conversation - Dataset 2.m4a,normal_conversation,172,0.0452297180891037,0.0224609375,1293.3527644632559,-314.49932861328125,134.43109130859375,23.586631774902344,31.411399841308594,31.341115951538086,-14.793299674987793,-8.051201820373535,-26.32207679748535,1.4589180946350098,28.27655029296875,-10.388442039489746,10.753835678100586,-29.469951629638672
Normal Conversation - Dataset 2.m4a,normal_conversation,173,0.042678043246269226,0.0205078125,1022.8109914294288,-346.3893737792969,151.05227661132812,37.664764404296875,27.309856414794922,34.256103515625,-9.08079719543457,-9.465023040771484,-30.195457458496094,-2.9321463108062744,18.553272247314453,-5.274541854858398,14.852788925170898,-24.976375579833984
Normal Conversation - Dataset 2.m4a,normal_conversation,174,0.036141637712717056,0.02001953125,762.0671191649922,-372.7916564941406,176.45535278320312,46.10969161987305,24.208099365234375,27.047473907470703,-8.74555492401123,-3.059074640274048,-35.0898323059082,-13.8955078125,6.041719913482666,0.3224531412124634,12.54302978515625,-21.513622283935547
Normal Conversation - Dataset 2.m4a,normal_conversation,175,0.02764640562236309,0.01904296875,682.4775546487397,-414.4449157714844,180.52789306640625,47.16526794433594,22.504470825195312,28.342445373535156,-4.895203113555908,-3.2753589153289795,-34.063865661621094,-18.826738357543945,-0.822867214679718,0.4911515712738037,7.050075054168701,-14.143885612487793
Normal Conversation - Dataset 2.m4a,normal_conversation,176,0.02395390160381794,0.02197265625,679.1896493105747,-454.0453796386719,175.55242919921875,59.46540832519531,20.25537109375,35.640743255615234,5.279148101806641,-5.974874496459961,-31.78968048095703,-17.86585807800293,-5.105124473571777,-3.348278045654297,-2.342792272567749,-8.711788177490234
Normal Conversation - Dataset 2.m4a,normal_conversation,177,0.03302507847547531,0.02587890625,513.5934088625613,-445.1727294921875,189.98544311523438,77.22486877441406,26.474246978759766,32.49849319458008,4.658109664916992,-6.70697021484375,-28.165645599365234,-18.72624397277832,-0.44869089126586914,-12.801047325134277,-5.689164161682129,-15.615110397338867
Normal Conversation - Dataset 2.m4a,normal_conversation,178,0.04393070191144943,0.02587890625,545.3431034083303,-420.8101501464844,181.84799194335938,77.30902099609375,22.35987663269043,41.841651916503906,7.182941436767578,-6.889589309692383,-17.554691314697266,-27.736156463623047,7.024823188781738,-12.78588581085205,2.6141419410705566,-23.85406494140625
Normal Conversation - Dataset 2.m4a,normal_conversation,179,0.047847386449575424,0.02978515625,688.1365507267462,-386.2582092285156,155.55569458007812,51.57499694824219,28.56661605834961,54.74351119995117,0.7113857269287109,-11.967673301696777,-2.9322478771209717,-29.99811553955078,12.17187786102295,-14.450600624084473,6.544929504394531,-24.12744140625
Normal Conversation - Dataset 2.m4a,normal_conversation,180,0.04566773399710655,0.02880859375,925.3277104453389,-356.9344177246094,120.4736328125,42.036827087402344,52.700321197509766,40.2938346862793,0.4347314238548279,-5.009261131286621,-3.326709747314453,-17.666458129882812,6.805629730224609,-17.078201293945312,-5.758869171142578,-18.744115829467773
Normal Conversation - Dataset 2.m4a,normal_conversation,181,0.037021201103925705,0.02490234375,1161.417387960803,-379.7431335449219,105.03538513183594,40.12255096435547,66.23812866210938,30.956790924072266,1.6263456344604492,3.3948421478271484,-12.221185684204102,-11.768954277038574,5.5758256912231445,-10.158977508544922,-11.08346939086914,-11.896468162536621
Normal Conversation - Dataset 2.m4a,normal_conversation,182,0.022336481139063835,0.03271484375,1065.7551404901424,-444.5865173339844,119.1241455078125,30.934497833251953,63.738590240478516,29.954235076904297,7.954161643981934,6.3978271484375,-14.83956527709961,-6.768131256103516,6.7733869552612305,-4.661123752593994,-8.009175300598145,-8.69480037689209
Normal Conversation - Dataset 2.m4a,normal_conversation,183,0.009976949542760849,0.0869140625,1639.44259299826,-465.6492614746094,94.52230834960938,35.490234375,64.22520446777344,12.172538757324219,37.57269287109375,8.059024810791016,-19.406620025634766,-0.5585222244262695,4.5963826179504395,-6.9983906745910645,-1.5949329137802124,-6.511695861816406
Normal Conversation - Dataset 2.m4a,normal_conversation,184,0.009422902017831802,0.16259765625,4090.958392472723,-396.7059020996094,10.626867294311523,53.058067321777344,73.7593765258789,0.23985682427883148,37.61635208129883,9.70113754272461,-18.423507690429688,-1.0965328216552734,12.15410041809082,-5.451087951660156,4.017552375793457,-8.473207473754883
Normal Conversation - Dataset 2.m4a,normal_conversation,185,0.013438788242638111,0.1943359375,4600.419186283996,-330.36431884765625,-18.282546997070312,50.18144989013672,85.90388488769531,0.7565819621086121,28.27887725830078,8.478727340698242,-9.912633895874023,2.2425942420959473,15.982659339904785,-1.253509521484375,6.972688674926758,-6.891367435455322
Normal Conversation - Dataset 2.m4a,normal_conversation,186,0.023880252614617348,0.19287109375,3903.800828501612,-311.2916564941406,-2.172675371170044,51.99803161621094,94.18972778320312,7.362308502197266,29.822799682617188,7.517011642456055,-9.510452270507812,-6.581202983856201,5.6571807861328125,-10.114168167114258,-1.1028680801391602,-17.60238265991211
Normal Conversation - Dataset 2.m4a,normal_conversation,187,0.032396167516708374,0.1357421875,2390.860740062491,-327.8741455078125,43.678245544433594,47.959686279296875,87.35675048828125,6.990288734436035,26.684051513671875,-1.4184590578079224,-11.652588844299316,-11.70503044128418,2.554774761199951,-14.412124633789062,-4.89035701751709,-22.511594772338867
Normal Conversation - Dataset 2.m4a,normal_conversation,188,0.043740034103393555,0.06298828125,1386.7369193538277,-349.3424072265625,83.66334533691406,39.21269226074219,82.37104797363281,19.261886596679688,19.054290771484375,-11.19078254699707,-15.329669952392578,-10.856191635131836,2.5320305824279785,-18.675334930419922,-2.7304115295410156,-19.57099723815918
Normal Conversation - Dataset 2.m4a,normal_conversation,189,0.04735919460654259,0.0361328125,1071.4301076237934,-348.5911865234375,103.5361328125,33.08574676513672,81.62142181396484,34.93856430053711,7.537296295166016,-19.940227508544922,-22.303569793701172,-9.492103576660156,1.2919756174087524,-29.78033447265625,-4.672919273376465,-16.202199935913086
Normal Conversation - Dataset 2.m4a,normal_conversation,190,0.05013338848948479,0.0302734375,1052.8866205009144,-344.2009582519531,112.37757873535156,32.306724548339844,80.1821517944336,42.267234802246094,0.9459530711174011,-24.175735473632812,-33.31623077392578,-14.066816329956055,8.451729774475098,-37.541046142578125,-2.713974714279175,-17.458101272583008
Normal Conversation - Dataset 2.m4a,normal_conversation,191,0.04803694412112236,0.03564453125,1119.5020481523434,-341.7938537597656,119.34184265136719,35.79796600341797,71.88599395751953,39.5068473815918,-0.6572943329811096,-30.467424392700195,-40.09068298339844,-14.213520050048828,14.138141632080078,-30.749420166015625,1.3172281980514526,-18.828697204589844
Normal Conversation - Dataset 2.m4a,normal_conversation,192,0.04100283235311508,0.0419921875,1190.3448996180205,-336.260009765625,123.10196685791016,35.88020324707031,63.177711486816406,35.417823791503906,-2.6361939907073975,-30.96717071533203,-45.00809860229492,-9.547674179077148,20.148361206054688,-27.642837524414062,6.53565788269043,-19.35238265991211
Normal Conversation - Dataset 2.m4a,normal_conversation,193,0.03879587724804878,0.04443359375,1417.9364418244734,-327.4803771972656,121.38231658935547,35.33683776855469,47.76259231567383,31.314716339111328,-2.801091432571411,-30.115089416503906,-49.89042663574219,-3.060743808746338,28.927839279174805,-23.740922927856445,10.194462776184082,-27.964561462402344
Normal Conversation - Dataset 2.m4a,normal_conversation,194,0.031695492565631866,0.0478515625,1449.7817758171855,-335.5024719238281,122.1290283203125,39.84440612792969,37.922943115234375,31.537076950073242,4.226751327514648,-25.814720153808594,-54.20878601074219,1.1198980808258057,34.11156463623047,-16.788175582885742,13.684465408325195,-33.99127960205078
Normal Conversation - Dataset 2.m4a,normal_conversation,195,0.030025439336895943,0.04541015625,1270.0342514227086,-360.736572265625,133.06808471679688,51.233890533447266,27.260631561279297,31.373449325561523,12.89450454711914,-20.212364196777344,-49.93821716308594,-2.200761556625366,29.306598663330078,-13.28050422668457,14.036507606506348,-33.88890075683594
Normal Conversation - Dataset 2.m4a,normal_conversation,196,0.02669677510857582,0.03662109375,998.0232928372947,-396.19879150390625,150.954345703125,54.499755859375,24.239269256591797,26.833717346191406,12.822662353515625,-11.835214614868164,-32.552825927734375,-8.470783233642578,17.862133026123047,-20.826642990112305,16.83301544189453,-27.644472122192383
Normal Conversation - Dataset 2.m4a,normal_conversation,197,0.025567343458533287,0.03125,726.8181439849993,-428.10205078125,170.03622436523438,56.45325469970703,23.089218139648438,29.71286392211914,10.784955978393555,-8.487430572509766,-25.132526397705078,-6.025115013122559,11.239425659179688,-17.70602798461914,11.613279342651367,-26.03116226196289
Normal Conversation - Dataset 2.m4a,normal_conversation,198,0.025230633094906807,0.025390625,614.5541202323813,-445.6418762207031,176.07763671875,53.728553771972656,22.242046356201172,36.568702697753906,11.877693176269531,-14.03790283203125,-17.775949478149414,-1.9091733694076538,6.729599952697754,-14.801382064819336,5.013744831085205,-23.316280364990234
Normal Conversation - Dataset 2.m4a,normal_conversation,199,0.02600729465484619,0.0244140625,656.7625736089036,-438.7799072265625,181.81497192382812,60.578041076660156,7.1031365394592285,37.10361862182617,5.0287017822265625,-16.89569664001465,-8.830416679382324,-2.382946014404297,9.59628677368164,-14.266973495483398,6.652070999145508,-18.567270278930664
Normal Conversation - Dataset 2.m4a,normal_conversation,200,0.026853201910853386,0.02734375,940.5702966725639,-403.5439147949219,175.62322998046875,66.91973876953125,-8.755456924438477,26.927156448364258,-0.9064924716949463,-6.864926338195801,-16.870458602905273,-3.2143218517303467,12.319429397583008,-11.199596405029297,18.935829162597656,-21.785686492919922
Normal Conversation - Dataset 2.m4a,normal_conversation,201,0.0241222120821476,0.03076171875,1183.474800121725,-370.43988037109375,164.6598663330078,61.314208984375,-11.992568969726562,11.221925735473633,5.966031074523926,2.8874053955078125,-30.96053695678711,5.260915756225586,15.546682357788086,-10.734466552734375,30.667184829711914,-33.32799530029297
Normal Conversation - Dataset 2.m4a,normal_conversation,202,0.02115313522517681,0.0537109375,1191.0184824529608,-366.2503967285156,155.36962890625,62.36952209472656,-4.960546493530273,4.2914862632751465,19.146503448486328,-8.633152961730957,-26.94161605834961,3.799776077270508,10.846948623657227,-4.402837753295898,24.449960708618164,-27.657283782958984
Normal Conversation - Dataset 2.m4a,normal_conversation,203,0.019299618899822235,0.056640625,1753.4856904552996,-366.2607116699219,126.40676879882812,59.50931167602539,4.393924713134766,6.290264129638672,26.981191635131836,-23.660064697265625,-12.892382621765137,4.038252830505371,8.820101737976074,-1.6926770210266113,15.00137710571289,-21.138660430908203
Normal Conversation - Dataset 2.m4a,normal_conversation,204,0.01951768435537815,0.06103515625,1376.9710414017286,-340.6628723144531,143.78973388671875,45.20872116088867,-5.33808708190918,-6.301923751831055,13.615896224975586,-19.894868850708008,-10.346439361572266,10.068132400512695,12.713150024414062,4.698623180389404,16.020767211914062,-25.099308013916016
Normal Conversation - Dataset 2.m4a,normal_conversation,205,0.01863437332212925,0.05908203125,1018.8785980952629,-339.3744812011719,168.68887329101562,22.280200958251953,-7.765759468078613,-10.469356536865234,0.451849102973938,-1.0263556241989136,-13.59840202331543,9.278830528259277,5.501214981079102,10.40023136138916,15.675946235656738,-21.92884063720703
Normal Conversation - Dataset 2.m4a,normal_conversation,206,0.018346434459090233,0.03955078125,963.1560026907733,-355.68402099609375,176.01739501953125,21.04517936706543,-3.4397826194763184,-18.024494171142578,-4.7001752853393555,3.6025586128234863,-7.091395378112793,2.133533000946045,4.657320022583008,7.942442893981934,11.987296104431152,-20.98238182067871
Normal Conversation - Dataset 2.m4a,normal_conversation,207,0.013851627707481384,0.0400390625,959.3050165878574,-427.2657775878906,173.38037109375,31.309213638305664,-0.2793455719947815,-13.221336364746094,-2.2531397342681885,-0.3387964367866516,2.0312821865081787,0.8610851764678955,2.2658543586730957,5.382267475128174,11.00499439239502,-13.629791259765625
Normal Conversation - Dataset 2.m4a,normal_conversation,208,0.005894407629966736,0.04541015625,1281.9988142469572,-484.2095642089844,150.86077880859375,39.404144287109375,-1.0680351257324219,5.942113876342773,1.390944004058838,7.284149169921875,-4.9829816818237305,3.6580185890197754,4.38654088973999,11.778509140014648,5.827612400054932,-2.3744001388549805
Normal Conversation - Dataset 2.m4a,normal_conversation,209,0.0036458850372582674,0.05078125,1780.642990627724,-465.6616516113281,136.64840698242188,51.010765075683594,-6.6654052734375,-1.847811222076416,-10.68328857421875,6.914424896240234,-20.244449615478516,-2.5944137573242188,15.71390438079834,11.013526916503906,5.898808479309082,4.432275772094727
Normal Conversation - Dataset 2.m4a,normal_conversation,210,0.01657724194228649,0.04638671875,1186.9699605524806,-468.7086486816406,152.2449951171875,68.14288330078125,8.226569175720215,6.12204647064209,-5.210126876831055,0.6427763104438782,-27.987953186035156,-10.163630485534668,11.562908172607422,2.819277048110962,-4.1139984130859375,-6.641501426696777
Normal Conversation - Dataset 2.m4a,normal_conversation,211,0.028495557606220245,0.04345703125,535.9066980889006,-447.7177734375,197.8978729248047,82.53263854980469,17.741069793701172,4.9196319580078125,-8.34943962097168,-11.394002914428711,-18.474576950073242,-4.830367088317871,7.589476108551025,-0.9957062005996704,-11.560759544372559,-25.230934143066406
Normal Conversation - Dataset 2.m4a,normal_conversation,212,0.034881558269262314,0.033203125,513.1243427669191,-425.4167785644531,209.9233856201172,78.24723815917969,8.76871109008789,3.7938363552093506,-15.407188415527344,-15.865954399108887,-9.447500228881836,1.4347912073135376,-0.9649559259414673,-2.1356983184814453,-14.218219757080078,-32.35650634765625
Normal Conversation - Dataset 2.m4a,normal_conversation,213,0.04095405712723732,0.02734375,520.2469552114787,-422.59490966796875,208.16156005859375,68.66372680664062,3.414973735809326,15.633543014526367,-10.618499755859375,-15.822928428649902,-5.460925102233887,-4.32751989364624,-7.485054016113281,-5.862165927886963,-15.50554084777832,-31.118284225463867
Normal Conversation - Dataset 2.m4a,normal_conversation,214,0.03928590565919876,0.0244140625,747.9625027665941,-372.1363525390625,160.20449829101562,47.72321319580078,29.788583755493164,20.562183380126953,1.3965349197387695,-7.753235340118408,-11.502002716064453,-12.908945083618164,-11.255365371704102,-7.924371719360352,-13.868542671203613,-18.645111083984375
Normal Conversation - Dataset 2.m4a,normal_conversation,215,0.03168284893035889,0.01708984375,1537.2096104291102,-287.7680358886719,121.32856750488281,32.014808654785156,23.861286163330078,13.93638801574707,3.002485752105713,-2.8526787757873535,-6.992349624633789,-7.866922378540039,-9.505382537841797,-9.228062629699707,-10.818893432617188,-10.622228622436523
Normal Conversation - Dataset 3.m4a,normal_conversation,0,0.017105495557188988,0.16748046875,1581.3182039744604,-502.7828674316406,130.4163818359375,-23.365922927856445,-12.91247272491455,-24.50502586364746,9.356849670410156,4.086205959320068,0.8163882493972778,29.01942253112793,22.345748901367188,7.6211771965026855,-10.9171142578125,-5.4542236328125
Normal Conversation - Dataset 3.m4a,normal_conversation,1,0.02809719741344452,0.1982421875,1991.124552275526,-266.4687805175781,115.62885284423828,4.764050483703613,-17.79849624633789,-30.111406326293945,24.393505096435547,-5.536481857299805,5.811795711517334,6.5816240310668945,14.239583015441895,5.9795451164245605,-14.446913719177246,-15.354330062866211
Normal Conversation - Dataset 3.m4a,normal_conversation,2,0.03374800831079483,0.21728515625,2520.3145284430484,-189.65513610839844,99.62110137939453,14.638662338256836,-22.527000427246094,-32.18153762817383,23.318758010864258,-9.101832389831543,3.827160120010376,-5.275767803192139,9.28848934173584,10.734001159667969,-16.08150291442871,-16.008615493774414
Normal Conversation - Dataset 3.m4a,normal_conversation,3,0.036766551434993744,0.140625,2242.730522522608,-185.8877716064453,109.86677551269531,4.688238143920898,-20.902355194091797,-33.40342712402344,20.225685119628906,-4.657020092010498,1.9568020105361938,-11.106771469116211,5.271707534790039,6.564276218414307,-17.153615951538086,-16.03207015991211
Normal Conversation - Dataset 3.m4a,normal_conversation,4,0.035693392157554626,0.09814453125,1757.6964452368948,-213.12454223632812,132.261962890625,-9.368520736694336,-9.944966316223145,-35.37699508666992,15.957910537719727,-2.6840133666992188,-6.7553253173828125,-6.328965663909912,7.05349063873291,4.425002098083496,-11.982938766479492,-12.70028018951416
Normal Conversation - Dataset 3.m4a,normal_conversation,5,0.03409360721707344,0.08544921875,2165.1440463890594,-213.1638641357422,114.01907348632812,2.6891489028930664,-8.881027221679688,-37.93190002441406,8.626117706298828,-7.847136497497559,-11.144312858581543,-9.756346702575684,3.629120349884033,2.923996925354004,-11.132745742797852,-10.34048843383789
Normal Conversation - Dataset 3.m4a,normal_conversation,6,0.035463981330394745,0.08642578125,1792.1800783756098,-217.24412536621094,128.20108032226562,4.08326530456543,-8.491040229797363,-36.8226318359375,9.968870162963867,-4.353721618652344,-10.419225692749023,-6.639654159545898,-0.2777339816093445,3.6264142990112305,-12.103120803833008,-12.458375930786133
Normal Conversation - Dataset 3.m4a,normal_conversation,7,0.038938723504543304,0.08251953125,2065.5770788688124,-204.1195068359375,115.43843078613281,10.822175979614258,-10.380392074584961,-32.021888732910156,6.050201892852783,-4.421860694885254,-9.040631294250488,-0.06679984927177429,-0.7529930472373962,4.7273759841918945,-14.223272323608398,-15.314966201782227
Normal Conversation - Dataset 3.m4a,normal_conversation,8,0.038879115134477615,0.07470703125,2048.7453733481416,-205.84095764160156,114.34129333496094,9.472410202026367,-11.012163162231445,-25.299644470214844,3.0846500396728516,-5.5757060050964355,-13.328167915344238,-4.097079277038574,-3.064239501953125,-0.5413117408752441,-11.286613464355469,-16.400001525878906
Normal Conversation - Dataset 3.m4a,normal_conversation,9,0.03730200231075287,0.07373046875,1858.0015581873536,-220.91656494140625,125.23158264160156,5.469427108764648,-12.330720901489258,-24.599246978759766,-3.003568649291992,2.0337719917297363,-15.308067321777344,-4.077530384063721,-4.501580238342285,-0.05556023120880127,-8.92753791809082,-18.10231590270996
Normal Conversation - Dataset 3.m4a,normal_conversation,10,0.032609716057777405,0.07763671875,1648.663261616793,-233.5522918701172,134.19696044921875,0.6312406063079834,-7.510462760925293,-31.028820037841797,-4.661448955535889,0.15680885314941406,-8.533557891845703,-1.8756061792373657,0.5522968173027039,2.3021345138549805,-11.533191680908203,-22.355194091796875
Normal Conversation - Dataset 3.m4a,normal_conversation,11,0.026209797710180283,0.07568359375,1793.3548640401757,-230.66458129882812,128.00588989257812,4.014605522155762,-9.148170471191406,-32.17843246459961,0.8722050189971924,-2.5625247955322266,-10.664826393127441,0.18140321969985962,3.4573495388031006,4.553577423095703,-6.212943077087402,-21.236053466796875
Normal Conversation - Dataset 3.m4a,normal_conversation,12,0.02509213425219059,0.0791015625,1952.6517349313135,-237.4481201171875,119.67091369628906,1.115043044090271,-2.373100757598877,-26.457962036132812,4.62536096572876,-4.2619853019714355,-9.419044494628906,-1.4481637477874756,4.39042854309082,4.528268814086914,0.3638337552547455,-11.914066314697266
Normal Conversation - Dataset 3.m4a,normal_conversation,13,0.022378623485565186,0.07861328125,1761.5370171772659,-236.9364776611328,126.88658142089844,2.2313284873962402,6.359992980957031,-21.73108673095703,1.7171354293823242,-5.292779445648193,-3.3819832801818848,-2.3819875717163086,6.699195861816406,1.2988611459732056,0.15085351467132568,-13.568618774414062
Normal Conversation - Dataset 3.m4a,normal_conversation,14,0.02277277037501335,0.0732421875,1717.5885061964716,-239.85028076171875,130.6082763671875,2.3661234378814697,6.848645210266113,-29.282424926757812,-4.893068313598633,-5.349699020385742,2.029005289077759,-0.10924714803695679,6.277061462402344,-0.8659264445304871,1.3314136266708374,-18.02877426147461
Normal Conversation - Dataset 3.m4a,normal_conversation,15,0.023386305198073387,0.07080078125,1577.013330454467,-248.03285217285156,137.35562133789062,-4.0430908203125,7.499029159545898,-34.08224868774414,-5.771547794342041,-2.5835232734680176,0.6767542362213135,-8.49869155883789,2.960510730743408,3.900677442550659,1.6709398031234741,-12.90357780456543
Normal Conversation - Dataset 3.m4a,normal_conversation,16,0.021920127794146538,0.0751953125,1532.7060701408095,-254.50323486328125,140.27325439453125,-4.08758544921875,11.033449172973633,-30.634151458740234,-1.1193991899490356,-5.109668254852295,-3.031010627746582,-11.215414047241211,3.9500937461853027,8.322867393493652,2.235891103744507,-10.185508728027344
Normal Conversation - Dataset 3.m4a,normal_conversation,17,0.020160403102636337,0.08984375,1585.6069272029522,-260.8699645996094,137.4662322998047,-5.555253982543945,9.864970207214355,-30.418155670166016,-0.6115891933441162,-9.416755676269531,0.09184318780899048,-6.04366397857666,6.621645927429199,4.824840545654297,-2.3918097019195557,-12.629398345947266
Normal Conversation - Dataset 3.m4a,normal_conversation,18,0.019041934981942177,0.09228515625,2154.8796457272806,-244.31556701660156,110.01887512207031,1.5755552053451538,3.070585012435913,-28.629127502441406,0.0626944899559021,-11.161431312561035,-0.4020693302154541,-8.183918952941895,9.044590950012207,-2.678276538848877,-2.6352181434631348,-14.604551315307617
Normal Conversation - Dataset 3.m4a,normal_conversation,19,0.019254250451922417,0.0966796875,2663.3653764412416,-225.49896240234375,93.36119842529297,15.088431358337402,7.295449256896973,-17.26569175720215,2.829859733581543,-7.091609001159668,-1.3581163883209229,-5.366644859313965,12.945209503173828,-4.456818580627441,-2.2788169384002686,-13.562555313110352
Normal Conversation - Dataset 3.m4a,normal_conversation,20,0.02032381482422352,0.087890625,2400.5706364068083,-224.5061798095703,99.52764892578125,20.422222137451172,16.02899932861328,-15.418766021728516,0.9657084941864014,-5.83173131942749,-4.080221652984619,-9.989639282226562,11.431811332702637,-2.0528037548065186,1.057722806930542,-8.959707260131836
Normal Conversation - Dataset 3.m4a,normal_conversation,21,0.021775241941213608,0.07861328125,2163.2861905335576,-237.00527954101562,107.10881042480469,20.80362892150879,18.508411407470703,-17.37015151977539,0.7524024248123169,-11.746960639953613,-8.648445129394531,-16.176259994506836,7.485091209411621,-1.1541953086853027,1.834072232246399,-6.892382621765137
Normal Conversation - Dataset 3.m4a,normal_conversation,22,0.024937298148870468,0.0830078125,2126.470110612407,-237.00157165527344,108.52978515625,13.583980560302734,14.348431587219238,-18.566265106201172,4.964232921600342,-14.088488578796387,-8.646928787231445,-11.4635648727417,9.943239212036133,2.368574619293213,2.1796059608459473,-7.281800270080566
Normal Conversation - Dataset 3.m4a,normal_conversation,23,0.024014046415686607,0.09814453125,2149.8873386622217,-220.7552032470703,103.86829376220703,4.410983562469482,22.54235076904297,-20.370288848876953,-4.050419807434082,-8.486410140991211,-5.195979595184326,-10.832588195800781,11.98358154296875,1.674752950668335,2.880526065826416,-9.250682830810547
Normal Conversation - Dataset 3.m4a,normal_conversation,24,0.027337631210684776,0.10498046875,2296.929027521218,-215.40907287597656,96.61114501953125,4.992718696594238,30.05926513671875,-22.78416633605957,-11.450281143188477,-7.94453239440918,-2.135251045227051,-14.841859817504883,4.287922382354736,-0.9549557566642761,4.0041584968566895,-10.977880477905273
Normal Conversation - Dataset 3.m4a,normal_conversation,25,0.031184807419776917,0.10107421875,2057.680337161994,-210.23707580566406,109.83204650878906,4.3412322998046875,29.180532455444336,-21.482532501220703,-9.033376693725586,-11.534163475036621,-2.1663951873779297,-15.8007173538208,0.5566996335983276,0.2968903183937073,5.77699089050293,-13.797828674316406
Normal Conversation - Dataset 3.m4a,normal_conversation,26,0.03364855423569679,0.09326171875,1803.711951815581,-188.3866424560547,123.08381652832031,0.14360639452934265,22.73993682861328,-14.254165649414062,-2.357494354248047,-19.339500427246094,-7.4706315994262695,-11.330511093139648,-2.213158369064331,-7.663300514221191,6.82136869430542,-12.751466751098633
Normal Conversation - Dataset 3.m4a,normal_conversation,27,0.03752615675330162,0.08056640625,1933.296864971106,-177.13320922851562,118.39812469482422,-0.008985519409179688,23.379329681396484,-12.353378295898438,1.8425451517105103,-17.380481719970703,-7.084430694580078,-4.562588691711426,-1.3530529737472534,-11.48811149597168,5.752659797668457,-11.301929473876953
Normal Conversation - Dataset 3.m4a,normal_conversation,28,0.036135483533144,0.08740234375,1862.0781842257,-181.9084014892578,118.57621765136719,-2.4313669204711914,25.380062103271484,-16.40201187133789,0.4224780797958374,-11.245380401611328,-11.790748596191406,-11.51060676574707,-3.166856288909912,-6.807076930999756,-1.3044321537017822,-15.157689094543457
Normal Conversation - Dataset 3.m4a,normal_conversation,29,0.035282328724861145,0.10107421875,2037.3076464003473,-183.62408447265625,110.48795318603516,-2.8229384422302246,23.627601623535156,-20.429906845092773,5.329648971557617,-7.318142414093018,-7.751825332641602,-15.089387893676758,2.4990108013153076,-4.028530597686768,-3.9178171157836914,-18.659929275512695
Normal Conversation - Dataset 3.m4a,normal_conversation,30,0.03455861285328865,0.11279296875,2458.856217849526,-174.79161071777344,93.77879333496094,2.8300511837005615,25.249492645263672,-16.76703643798828,7.757336616516113,-8.668728828430176,-7.784101486206055,-12.658817291259766,5.1596999168396,-7.588997840881348,-3.1611380577087402,-13.050274848937988
Normal Conversation - Dataset 3.m4a,normal_conversation,31,0.03634784743189812,0.107421875,2412.7730216397395,-168.8769989013672,93.22904205322266,3.868496894836426,25.57767105102539,-16.32058334350586,5.278547286987305,-10.930720329284668,-12.801884651184082,-16.577756881713867,2.896224021911621,-8.996674537658691,-7.071332931518555,-15.89484977722168
Normal Conversation - Dataset 3.m4a,normal_conversation,32,0.039260223507881165,0.103515625,2227.5095490861004,-173.90689086914062,98.1800765991211,0.1921931505203247,25.538482666015625,-18.004976272583008,1.4399218559265137,-16.744827270507812,-18.09490966796875,-20.695728302001953,5.129117012023926,-8.795320510864258,-13.592752456665039,-13.942017555236816
Normal Conversation - Dataset 3.m4a,normal_conversation,33,0.040553074330091476,0.0908203125,1970.5490563946764,-176.72293090820312,111.29660034179688,-5.523421764373779,27.074813842773438,-15.215325355529785,5.618155479431152,-16.599475860595703,-20.957317352294922,-18.635284423828125,10.484204292297363,-4.440488815307617,-8.931224822998047,-14.127044677734375
Normal Conversation - Dataset 3.m4a,normal_conversation,34,0.040942247956991196,0.08056640625,1848.6207371708747,-177.15426635742188,119.82414245605469,-10.145035743713379,25.737232208251953,-16.108327865600586,7.271206855773926,-17.732666015625,-20.19022560119629,-14.395753860473633,8.654796600341797,-1.2148263454437256,0.10612261295318604,-15.439521789550781
Normal Conversation - Dataset 3.m4a,normal_conversation,35,0.04132777452468872,0.078125,1829.815253616915,-183.59657287597656,119.821044921875,-7.929737567901611,29.323013305664062,-14.31258487701416,9.214252471923828,-13.76786994934082,-19.010385513305664,-13.488344192504883,5.109366416931152,0.11554539203643799,3.0801854133605957,-15.481969833374023
Normal Conversation - Dataset 3.m4a,normal_conversation,36,0.04192173853516579,0.07080078125,1708.753476298808,-188.2991943359375,125.90602111816406,-11.710212707519531,26.852935791015625,-20.985271453857422,7.412408828735352,-13.563968658447266,-16.605281829833984,-18.886823654174805,2.843092918395996,-7.37069034576416,-2.462688446044922,-14.540005683898926
Normal Conversation - Dataset 3.m4a,normal_conversation,37,0.03999714553356171,0.07373046875,1601.0320612175092,-185.898681640625,132.33157348632812,-12.035135269165039,21.95987319946289,-24.443578720092773,7.783074855804443,-12.115406036376953,-15.587869644165039,-21.13309097290039,1.105944037437439,-8.080750465393066,0.0777587890625,-10.702744483947754
Normal Conversation - Dataset 3.m4a,normal_conversation,38,0.03800373151898384,0.09375,1825.4205174046706,-189.36289978027344,119.7088623046875,-5.409609794616699,18.6513614654541,-22.562265396118164,9.83056926727295,-14.204479217529297,-17.935136795043945,-18.032196044921875,3.895982027053833,0.24036991596221924,7.911086082458496,-7.147045135498047
Normal Conversation - Dataset 3.m4a,normal_conversation,39,0.034692052751779556,0.095703125,2474.3789041478076,-187.5846710205078,94.81716918945312,9.151997566223145,9.631078720092773,-18.638187408447266,10.405202865600586,-18.360515594482422,-17.341100692749023,-15.677818298339844,0.9872403144836426,0.8653005361557007,2.684356451034546,-13.177681922912598
Normal Conversation - Dataset 3.m4a,normal_conversation,40,0.03378002345561981,0.09423828125,2466.5942292126674,-190.42127990722656,92.99446868896484,11.179858207702637,13.76776123046875,-16.31846809387207,8.321479797363281,-16.1949462890625,-14.367571830749512,-15.539323806762695,-1.2889325618743896,-5.165154457092285,-2.228783130645752,-13.951577186584473
Normal Conversation - Dataset 3.m4a,normal_conversation,41,0.040192972868680954,0.0859375,1902.6297734354657,-205.2736053466797,112.27629089355469,5.498976230621338,22.28508758544922,-17.718111038208008,3.5280630588531494,-19.856582641601562,-17.62960433959961,-14.626567840576172,0.2009146511554718,-1.9146894216537476,4.9434356689453125,-14.343605041503906
Normal Conversation - Dataset 3.m4a,normal_conversation,42,0.04498505964875221,0.060546875,1595.3419564554658,-207.0804901123047,127.26437377929688,0.4395335018634796,23.230453491210938,-18.062776565551758,5.293395042419434,-19.601287841796875,-21.492748260498047,-15.614951133728027,3.9507009983062744,-2.445389747619629,8.864629745483398,-14.63498306274414
Normal Conversation - Dataset 3.m4a,normal_conversation,43,0.046048060059547424,0.0595703125,1401.8245217760864,-199.78704833984375,144.10353088378906,-3.186856269836426,26.06549835205078,-22.116626739501953,2.081355333328247,-17.335987091064453,-22.01980209350586,-16.538761138916016,12.101930618286133,-2.869278907775879,8.489360809326172,-14.537152290344238
Normal Conversation - Dataset 3.m4a,normal_conversation,44,0.05093873664736748,0.05517578125,1383.9484895412102,-200.75738525390625,149.41986083984375,-6.417046546936035,20.314828872680664,-24.165489196777344,1.418904185295105,-14.080081939697266,-17.807024002075195,-14.26124382019043,15.088457107543945,-3.2652926445007324,3.1274333000183105,-16.491657257080078
Normal Conversation - Dataset 3.m4a,normal_conversation,45,0.0467425100505352,0.0576171875,1346.5194417728146,-205.02772521972656,150.3004608154297,-11.796655654907227,17.963211059570312,-27.595409393310547,1.4567973613739014,-10.59866714477539,-14.176913261413574,-19.052824020385742,8.820941925048828,-4.115823745727539,5.844921112060547,-12.347066879272461
Normal Conversation - Dataset 3.m4a,normal_conversation,46,0.04194211587309837,0.0595703125,1352.6148554459965,-217.16046142578125,147.73516845703125,-15.270669937133789,16.531835556030273,-28.754541397094727,1.3088008165359497,-8.65955638885498,-13.239986419677734,-15.31597900390625,8.076543807983398,-0.9354740977287292,8.259122848510742,-8.451577186584473
Normal Conversation - Dataset 3.m4a,normal_conversation,47,0.03965739905834198,0.0556640625,1381.9120598061231,-235.22157287597656,147.6597900390625,-11.182478904724121,20.342082977294922,-22.414600372314453,2.5839314460754395,-6.711363792419434,-13.536920547485352,-17.576675415039062,4.121523857116699,3.493415355682373,7.996179103851318,-10.762184143066406
Normal Conversation - Dataset 3.m4a,normal_conversation,48,0.029706627130508423,0.05859375,1340.4254594946906,-252.74244689941406,150.76522827148438,-9.936639785766602,26.44561767578125,-14.238167762756348,2.2751080989837646,-3.88946533203125,-9.212428092956543,-17.111099243164062,4.174874305725098,3.868014335632324,7.738747596740723,-12.134913444519043
Normal Conversation - Dataset 3.m4a,normal_conversation,49,0.027871817350387573,0.06201171875,1453.2463038277956,-246.0513153076172,139.6225128173828,-7.794397354125977,23.595413208007812,-12.003101348876953,-2.582470417022705,-1.9144387245178223,-7.823790550231934,-10.040365219116211,6.057182312011719,4.3173747062683105,0.9076300263404846,-11.796659469604492
Normal Conversation - Dataset 3.m4a,normal_conversation,50,0.02916700579226017,0.0615234375,1520.4109791321357,-238.01663208007812,136.87017822265625,-1.0511236190795898,20.523239135742188,-17.191204071044922,-6.1046528816223145,-4.331875801086426,-9.046540260314941,-11.67468547821045,6.838804244995117,0.7787802219390869,4.622917652130127,-8.580389022827148
Normal Conversation - Dataset 3.m4a,normal_conversation,51,0.030769389122724533,0.0595703125,1548.698075580286,-233.54153442382812,131.74172973632812,4.4050092697143555,24.56292724609375,-14.855432510375977,-7.053772926330566,-17.528467178344727,-10.828275680541992,-10.876434326171875,7.215126991271973,-1.272139310836792,7.869827747344971,-8.322233200073242
Normal Conversation - Dataset 3.m4a,normal_conversation,52,0.03046787902712822,0.0556640625,1651.3453776942165,-226.28359985351562,125.222412109375,7.006870269775391,24.705860137939453,-14.225796699523926,0.2508046329021454,-17.208545684814453,-11.445377349853516,-7.72876501083374,1.0237852334976196,-2.393582820892334,7.556645393371582,-7.27839469909668
Normal Conversation - Dataset 3.m4a,normal_conversation,53,0.030076630413532257,0.05029296875,1748.2694506927053,-231.97799682617188,122.36680603027344,11.196343421936035,21.972328186035156,-18.602680206298828,10.213921546936035,-12.800394058227539,-9.943443298339844,-7.269850254058838,-3.5518507957458496,-1.609886646270752,5.055790901184082,-5.998136520385742
Normal Conversation - Dataset 3.m4a,normal_conversation,54,0.026580017060041428,0.052734375,1805.1178800041912,-247.38978576660156,120.47370910644531,10.745806694030762,17.95008087158203,-18.832178115844727,16.117401123046875,-14.941947937011719,-9.788482666015625,-9.748321533203125,1.8274071216583252,0.8925906419754028,7.234260082244873,-6.3603925704956055
Normal Conversation - Dataset 3.m4a,normal_conversation,55,0.025177408009767532,0.05322265625,1828.393159135467,-254.536865234375,118.75999450683594,13.640542030334473,16.661788940429688,-19.92115592956543,14.360269546508789,-10.908133506774902,-13.757349014282227,-7.273881435394287,3.9094409942626953,-3.5260980129241943,13.702433586120605,-3.9978160858154297
Normal Conversation - Dataset 3.m4a,normal_conversation,56,0.02490251511335373,0.0615234375,1809.0026813231123,-256.546630859375,117.69442749023438,11.381465911865234,23.240556716918945,-18.088254928588867,18.00031280517578,-7.787492752075195,-13.338699340820312,-2.980060338973999,6.546919345855713,-3.4096505641937256,11.17359733581543,-10.429498672485352
Normal Conversation - Dataset 3.m4a,normal_conversation,57,0.02381310425698757,0.080078125,2002.3351471318656,-239.8788299560547,108.41372680664062,9.339794158935547,17.659656524658203,-24.77710723876953,18.954570770263672,-17.688661575317383,-11.512762069702148,-3.423020124435425,-2.0027999877929688,1.3829337358474731,8.675775527954102,-3.677537679672241
Normal Conversation - Dataset 3.m4a,normal_conversation,58,0.025388333946466446,0.08544921875,2404.373818977727,-226.77685546875,98.43516540527344,15.0412015914917,7.466922760009766,-26.734806060791016,20.12346076965332,-19.00247573852539,-8.76693344116211,-6.485383987426758,-5.753495216369629,-1.664896845817566,6.515103340148926,-3.5469751358032227
Normal Conversation - Dataset 3.m4a,normal_conversation,59,0.023607682436704636,0.0966796875,2299.949730531658,-224.4083709716797,102.85302734375,18.695621490478516,10.393160820007324,-21.793638229370117,19.420495986938477,-16.39879608154297,-4.881148815155029,-7.902212142944336,-5.905107021331787,-5.690716743469238,1.9151887893676758,-9.977638244628906
Normal Conversation - Dataset 3.m4a,normal_conversation,60,0.023839978501200676,0.09814453125,1979.8751152583404,-236.9739227294922,114.04607391357422,16.08365249633789,20.24838638305664,-17.19127655029297,16.71540069580078,-19.1566162109375,-4.06842041015625,-7.043915748596191,-2.722752809524536,-3.0166115760803223,3.558422088623047,-10.835458755493164
Normal Conversation - Dataset 3.m4a,normal_conversation,61,0.025242052972316742,0.07666015625,1726.2602442705584,-247.83004760742188,125.98468017578125,11.161190032958984,18.21599578857422,-22.357885360717773,11.363809585571289,-19.966049194335938,-6.8826446533203125,-4.153007507324219,0.19375795125961304,-2.1044576168060303,1.4638521671295166,-10.451972007751465
Normal Conversation - Dataset 3.m4a,normal_conversation,62,0.023831887170672417,0.0791015625,1519.3730134957364,-248.33399963378906,138.96047973632812,4.877247333526611,15.117730140686035,-26.842878341674805,7.854550838470459,-16.89281463623047,-13.96475887298584,-6.799485206604004,1.4753050804138184,-1.7868239879608154,2.1166999340057373,-9.759888648986816
Normal Conversation - Dataset 3.m4a,normal_conversation,63,0.0247486624866724,0.0673828125,1510.2205851610045,-251.875244140625,140.37637329101562,-2.173661470413208,17.710628509521484,-30.233985900878906,5.3410139083862305,-14.053327560424805,-15.407271385192871,-9.856664657592773,2.0797464847564697,2.9630258083343506,8.779683113098145,-11.41397476196289
Normal Conversation - Dataset 3.m4a,normal_conversation,64,0.023267364129424095,0.0615234375,1494.8469469340607,-259.9010009765625,142.93663024902344,0.504916787147522,21.731266021728516,-30.01408576965332,7.867103576660156,-11.51123332977295,-13.539737701416016,-13.185323715209961,-2.507779121398926,-1.3687222003936768,10.35771369934082,-12.195676803588867
Normal Conversation - Dataset 3.m4a,normal_conversation,65,0.021415168419480324,0.0634765625,1312.938815088976,-272.1037292480469,152.59617614746094,4.024420261383057,21.458736419677734,-26.631275177001953,7.272939205169678,-12.567428588867188,-9.283464431762695,-11.683233261108398,-0.5899400115013123,-6.00583553314209,7.532190799713135,-8.812200546264648
Normal Conversation - Dataset 3.m4a,normal_conversation,66,0.021815907210111618,0.05029296875,1356.590722101922,-283.744384765625,150.5648193359375,-0.0013942718505859375,21.821338653564453,-28.522178649902344,6.441171646118164,-10.341089248657227,-5.020992279052734,-6.67356014251709,1.2911431789398193,-5.273902893066406,10.078853607177734,-1.6519763469696045
Normal Conversation - Dataset 3.m4a,normal_conversation,67,0.021166078746318817,0.05322265625,1248.010938490364,-283.046875,157.98681640625,0.7256000638008118,23.177099227905273,-27.185131072998047,5.86713981628418,-6.950129508972168,-4.027783393859863,-4.576720237731934,0.707400918006897,-7.201458930969238,9.919389724731445,-2.19111967086792
Normal Conversation - Dataset 3.m4a,normal_conversation,68,0.021693864837288857,0.05615234375,1214.3945911382298,-286.24810791015625,161.16343688964844,-6.461406230926514,25.4841365814209,-19.151004791259766,2.2859771251678467,-11.320659637451172,-6.001471519470215,-2.9332492351531982,-3.669207811355591,-9.386754035949707,6.20899772644043,-3.023902654647827
Normal Conversation - Dataset 3.m4a,normal_conversation,69,0.023045595735311508,0.06005859375,1232.9881489799973,-278.33465576171875,156.65467834472656,-11.356464385986328,35.81731414794922,-11.472747802734375,-2.182893991470337,-15.043132781982422,-4.762948036193848,-7.978392601013184,-6.3528547286987305,-10.594398498535156,2.7862279415130615,-7.022789001464844
Normal Conversation - Dataset 3.m4a,normal_conversation,70,0.027095288038253784,0.06201171875,1460.139196452071,-266.84210205078125,143.46029663085938,-10.710880279541016,46.330806732177734,-9.28749942779541,-3.8855905532836914,-8.047557830810547,0.321838915348053,-13.749815940856934,-2.0821096897125244,-5.81227970123291,-1.1357313394546509,-9.94108772277832
Normal Conversation - Dataset 3.m4a,normal_conversation,71,0.027576984837651253,0.06787109375,1552.800908296752,-253.6297607421875,133.05203247070312,-9.288780212402344,51.78408432006836,-15.073015213012695,-7.149664402008057,-8.393514633178711,-3.394611358642578,-18.94565200805664,-4.48922061920166,-3.2384510040283203,-6.656572341918945,-12.80156135559082
Normal Conversation - Dataset 3.m4a,normal_conversation,72,0.026549948379397392,0.0810546875,1664.683363239242,-243.701904296875,126.7761001586914,-9.192577362060547,51.143882751464844,-21.1675968170166,-10.172674179077148,-14.814849853515625,-0.2132289707660675,-16.323150634765625,-4.225982666015625,-4.589361190795898,-8.135823249816895,-11.234472274780273
Normal Conversation - Dataset 3.m4a,normal_conversation,73,0.024685196578502655,0.09765625,1940.0864438205226,-245.62181091308594,116.4773941040039,-8.477433204650879,45.0473747253418,-20.56873893737793,-6.474211692810059,-11.372499465942383,2.7825520038604736,-18.68354606628418,-1.4049091339111328,0.2396516650915146,-5.574218273162842,-6.789118766784668
Normal Conversation - Dataset 3.m4a,normal_conversation,74,0.019268708303570747,0.10400390625,2160.070680127549,-248.912353515625,107.37850952148438,-10.907449722290039,40.90815734863281,-18.826416015625,-5.37342643737793,-9.428791046142578,7.919354438781738,-14.905511856079102,4.1496992111206055,2.064239978790283,-0.08285938948392868,-7.080414772033691
Normal Conversation - Dataset 3.m4a,normal_conversation,75,0.016840625554323196,0.10498046875,2179.9449158128964,-254.146484375,102.74266052246094,-13.228836059570312,34.60057830810547,-11.565699577331543,-0.7051341533660889,-7.50677490234375,6.894917011260986,-20.31510353088379,3.533938407897949,-2.5881431102752686,-4.403864860534668,-15.803019523620605
Normal Conversation - Dataset 3.m4a,normal_conversation,76,0.01694452576339245,0.10107421875,2146.4875231111473,-255.33192443847656,105.36664581298828,-8.81689453125,31.168325424194336,-8.737699508666992,0.2248375415802002,-7.964046478271484,2.625845432281494,-18.601001739501953,8.6777925491333,-2.0784859657287598,-1.5318838357925415,-13.607978820800781
Normal Conversation - Dataset 3.m4a,normal_conversation,77,0.01709073781967163,0.091796875,2007.1957244953442,-253.6802520751953,110.6741943359375,-4.338940620422363,28.656246185302734,-10.60780143737793,1.533142328262329,-5.942514419555664,4.137171745300293,-14.115358352661133,10.639623641967773,-0.9557510018348694,-2.6755218505859375,-11.308137893676758
Normal Conversation - Dataset 3.m4a,normal_conversation,78,0.019286712631583214,0.09716796875,2016.8682187680763,-253.829345703125,112.06700134277344,-4.965480327606201,24.06549644470215,-14.200553894042969,-0.5614913105964661,-8.967402458190918,2.4383816719055176,-11.029577255249023,11.948532104492188,4.1432342529296875,1.4616440534591675,-5.552194118499756
Normal Conversation - Dataset 3.m4a,normal_conversation,79,0.021764475852251053,0.09716796875,1894.0620725717704,-238.27655029296875,118.91947937011719,-9.728440284729004,22.494104385375977,-19.4700984954834,5.045006275177002,-10.532182693481445,2.3297858238220215,-2.938150644302368,11.512519836425781,1.8591926097869873,1.6863106489181519,-8.686954498291016
Normal Conversation - Dataset 3.m4a,normal_conversation,80,0.027132533490657806,0.09130859375,1768.0655656246417,-227.8415069580078,127.10185241699219,-9.855198860168457,19.886581420898438,-22.500720977783203,9.20786190032959,-11.335733413696289,-3.8368611335754395,-4.093597888946533,6.86013650894165,-6.59114408493042,-9.000776290893555,-12.355586051940918
Normal Conversation - Dataset 3.m4a,normal_conversation,81,0.03383711352944374,0.0849609375,1739.4508381216658,-236.62576293945312,126.27763366699219,-12.930858612060547,18.96639633178711,-26.426088333129883,7.452548503875732,-11.477821350097656,-2.1760199069976807,-0.9957358837127686,6.732610702514648,-6.948480129241943,-11.22627067565918,-15.626142501831055
Normal Conversation - Dataset 3.m4a,normal_conversation,82,0.04157168045639992,0.0791015625,1715.5235601814538,-241.14447021484375,124.64921569824219,-14.931407928466797,20.81725311279297,-27.035011291503906,8.649616241455078,-11.394407272338867,-4.775707721710205,-0.18774336576461792,10.689401626586914,-7.494691371917725,-9.412801742553711,-15.106829643249512
Normal Conversation - Dataset 3.m4a,normal_conversation,83,0.044581882655620575,0.080078125,1517.525019027268,-230.77386474609375,135.95504760742188,-15.612703323364258,14.682849884033203,-24.0726261138916,4.024349212646484,-13.978504180908203,-5.369701385498047,-0.2155657261610031,8.875244140625,-12.962630271911621,-4.914931774139404,-16.879459381103516
Normal Conversation - Dataset 3.m4a,normal_conversation,84,0.04416046664118767,0.0810546875,1490.470480353868,-225.13510131835938,141.69679260253906,-18.781494140625,18.84247589111328,-17.118227005004883,0.03508999943733215,-16.35684585571289,-0.7838974595069885,5.031083106994629,8.646617889404297,-12.127731323242188,2.8433921337127686,-13.723316192626953
Normal Conversation - Dataset 3.m4a,normal_conversation,85,0.04346092417836189,0.08447265625,1550.958844601996,-220.1207275390625,141.73516845703125,-28.479129791259766,17.154953002929688,-11.311712265014648,1.3294802904129028,-22.265941619873047,-1.2129273414611816,5.874818325042725,7.495287895202637,-8.450321197509766,7.221964359283447,-10.3980712890625
Normal Conversation - Dataset 3.m4a,normal_conversation,86,0.03765231370925903,0.09228515625,1581.8651911341447,-214.3702392578125,142.3955078125,-40.54551315307617,12.184929847717285,-10.150707244873047,-1.3881478309631348,-30.780155181884766,-5.698755264282227,9.800337791442871,8.756994247436523,-12.071258544921875,11.556791305541992,-10.212027549743652
Normal Conversation - Dataset 3.m4a,normal_conversation,87,0.03701793774962425,0.099609375,1570.8666209043163,-210.12136840820312,147.99777221679688,-48.00007247924805,13.155752182006836,-2.7033963203430176,-2.427910566329956,-31.974075317382812,-4.2234392166137695,12.706535339355469,10.790376663208008,-18.424545288085938,8.08651065826416,-12.031155586242676
Normal Conversation - Dataset 3.m4a,normal_conversation,88,0.04340377449989319,0.10205078125,1593.2886577085894,-209.10398864746094,151.95849609375,-53.333717346191406,12.630922317504883,4.314523696899414,-3.745173454284668,-31.38662338256836,-0.4157513380050659,13.63686752319336,11.397151947021484,-19.410255432128906,7.369472026824951,-8.649917602539062
Normal Conversation - Dataset 3.m4a,normal_conversation,89,0.046945277601480484,0.10009765625,1526.524454704003,-204.13189697265625,156.867919921875,-57.332542419433594,6.440014839172363,-1.87359619140625,-12.325309753417969,-33.66313171386719,1.2089864015579224,16.442447662353516,10.975325584411621,-19.79583740234375,11.69979476928711,-5.134870529174805
Normal Conversation - Dataset 3.m4a,normal_conversation,90,0.04950324445962906,0.09716796875,1452.7531206443211,-207.070068359375,160.0706329345703,-55.72352600097656,5.250062465667725,-5.274927139282227,-17.511478424072266,-34.50003433227539,0.07686114311218262,15.891157150268555,6.182415008544922,-21.058303833007812,12.134443283081055,-2.857693672180176
Normal Conversation - Dataset 3.m4a,normal_conversation,91,0.049035198986530304,0.08837890625,1387.6839625744783,-218.11541748046875,165.11981201171875,-47.381839752197266,9.677519798278809,-2.8235960006713867,-19.455495834350586,-38.803955078125,-0.8872429728507996,19.461265563964844,10.932811737060547,-17.87163734436035,11.27302360534668,-1.985604166984558
Normal Conversation - Dataset 3.m4a,normal_conversation,92,0.042536016553640366,0.08984375,1428.4007983717433,-224.72996520996094,163.65280151367188,-43.42390441894531,11.580855369567871,-1.2235560417175293,-19.004974365234375,-39.044654846191406,4.217398643493652,20.098976135253906,11.440052032470703,-17.102447509765625,8.922317504882812,0.9590431451797485
Normal Conversation - Dataset 3.m4a,normal_conversation,93,0.036292362958192825,0.087890625,1466.464546216966,-232.99021911621094,159.3875732421875,-47.604881286621094,12.421987533569336,0.3753287196159363,-14.724774360656738,-37.10423278808594,3.758915424346924,14.77054214477539,10.5265474319458,-11.391284942626953,4.912135124206543,-0.555655300617218
Normal Conversation - Dataset 3.m4a,normal_conversation,94,0.03084140084683895,0.0888671875,1441.4705325672842,-243.2550811767578,160.49246215820312,-46.75836944580078,12.04113483428955,-0.9766706228256226,-17.114944458007812,-35.76738739013672,3.1606054306030273,15.070332527160645,10.421245574951172,-9.298625946044922,5.858094215393066,1.6571159362792969
Normal Conversation - Dataset 3.m4a,normal_conversation,95,0.027297278866171837,0.08544921875,1382.9338374649037,-250.65904235839844,165.58914184570312,-41.7298583984375,16.74936294555664,1.4828628301620483,-11.645668983459473,-34.395103454589844,0.07481902837753296,13.186574935913086,3.8590407371520996,-14.005157470703125,6.06386137008667,0.5480412244796753
Normal Conversation - Dataset 3.m4a,normal_conversation,96,0.026239214465022087,0.08056640625,1354.4673871235923,-262.9742736816406,166.48358154296875,-39.112953186035156,21.000499725341797,6.4412078857421875,-0.6418743133544922,-32.7313232421875,-0.5781300663948059,12.08552360534668,5.7792253494262695,-13.319208145141602,3.456449031829834,-2.7111892700195312
Normal Conversation - Dataset 3.m4a,normal_conversation,97,0.02395036071538925,0.07861328125,1295.8349010754084,-272.0457763671875,167.1439971923828,-33.62308883666992,20.602787017822266,7.365581512451172,1.1815608739852905,-25.892669677734375,0.8746115565299988,13.103815078735352,11.957914352416992,-5.516283988952637,8.63330078125,1.8156441450119019
Normal Conversation - Dataset 3.m4a,normal_conversation,98,0.023455515503883362,0.0673828125,1352.894454501298,-269.3371276855469,153.20013427734375,-22.305030822753906,24.294261932373047,0.9285129904747009,-4.352829456329346,-27.169830322265625,0.12048643827438354,14.361154556274414,15.900983810424805,-0.2650648057460785,11.39801025390625,-0.21186184883117676
Normal Conversation - Dataset 3.m4a,normal_conversation,99,0.022165151312947273,0.06298828125,1515.5824692313572,-265.9573059082031,139.8297882080078,-17.54703140258789,23.33462142944336,-7.366077423095703,-5.972058296203613,-28.614086151123047,-4.381875514984131,12.453451156616211,9.29466724395752,0.4785192608833313,12.78465461730957,-3.891083240509033
Normal Conversation - Dataset 3.m4a,normal_conversation,100,0.01943458616733551,0.06494140625,1606.4046801495601,-265.49688720703125,133.03274536132812,-14.687201499938965,18.408308029174805,-5.814451694488525,-0.5449345707893372,-27.19365119934082,-10.312531471252441,5.787347793579102,1.5009366273880005,-5.579524993896484,6.102428913116455,-2.58703875541687
Normal Conversation - Dataset 3.m4a,normal_conversation,101,0.017060209065675735,0.068359375,1721.6365946308183,-275.29913330078125,128.3673858642578,-18.33041763305664,21.937671661376953,-4.397064685821533,4.890791893005371,-21.13809585571289,-6.034412384033203,0.34758952260017395,-0.6086239814758301,-10.516375541687012,2.512568473815918,-2.014385461807251
Normal Conversation - Dataset 3.m4a,normal_conversation,102,0.014812418259680271,0.0732421875,1768.2135287395736,-285.870361328125,129.194091796875,-23.831775665283203,17.256959915161133,-9.436761856079102,6.093749046325684,-20.121780395507812,-3.074014663696289,-3.1883463859558105,1.2036052942276,-4.504557132720947,7.200778007507324,-2.6761209964752197
Normal Conversation - Dataset 3.m4a,normal_conversation,103,0.013238188810646534,0.0771484375,1692.9741357163061,-293.328125,131.04373168945312,-21.213865280151367,18.200613021850586,-6.707298278808594,1.5749539136886597,-27.31977653503418,-7.378384590148926,-1.3003301620483398,1.6918166875839233,-4.235149383544922,6.793265342712402,-2.5791852474212646
Normal Conversation - Dataset 3.m4a,normal_conversation,104,0.01399044319987297,0.07373046875,1667.2400113959038,-298.4241027832031,134.03794860839844,-18.437820434570312,21.56982421875,-5.134330749511719,0.2628530263900757,-25.69314956665039,-3.3276991844177246,3.4896085262298584,-0.6787631511688232,-4.551359176635742,9.491863250732422,0.33482909202575684
Normal Conversation - Dataset 3.m4a,normal_conversation,105,0.014878843910992146,0.0712890625,1512.0549251354137,-291.5251159667969,141.5029296875,-11.645020484924316,23.690269470214844,-4.377497673034668,1.9842274188995361,-17.4759464263916,-2.111506462097168,5.659872055053711,-0.3314620554447174,-3.6394295692443848,6.7243475914001465,0.22103935480117798
Normal Conversation - Dataset 3.m4a,normal_conversation,106,0.016451403498649597,0.0673828125,1562.4273477274946,-281.8117370605469,136.54742431640625,-6.412415504455566,20.135425567626953,-9.24279499053955,1.7420248985290527,-17.054763793945312,1.353294849395752,7.680943489074707,3.8703479766845703,4.195488929748535,7.79017448425293,-2.905399799346924
Normal Conversation - Dataset 3.m4a,normal_conversation,107,0.020695043727755547,0.060546875,1581.6459388053904,-276.7956237792969,133.1126708984375,-0.9366666078567505,17.78672218322754,-9.495545387268066,6.407750129699707,-11.923450469970703,1.8640670776367188,4.8764328956604,9.607677459716797,-0.3789142966270447,7.38566780090332,-8.39051342010498
Normal Conversation - Dataset 3.m4a,normal_conversation,108,0.022124234586954117,0.0546875,1455.828378800297,-272.65533447265625,137.00790405273438,2.448247194290161,20.88036346435547,-12.45578670501709,5.406405448913574,-11.871952056884766,2.538346767425537,-2.0537760257720947,4.452954292297363,-11.187370300292969,9.46253490447998,-1.3793995380401611
Normal Conversation - Dataset 3.m4a,normal_conversation,109,0.02201051078736782,0.05322265625,1432.406339891975,-272.50103759765625,137.14707946777344,4.581592559814453,26.375276565551758,-16.531192779541016,1.4272984266281128,-12.084334373474121,1.1336203813552856,-8.237547874450684,6.406055450439453,-14.624540328979492,8.609298706054688,-2.608720302581787
Normal Conversation - Dataset 3.m4a,normal_conversation,110,0.021296512335538864,0.05126953125,1603.2025955349548,-282.00018310546875,130.71575927734375,7.467235565185547,25.551467895507812,-9.625648498535156,2.9461426734924316,-11.946069717407227,-1.5660619735717773,-5.55728006362915,13.307722091674805,-10.75018310546875,9.375946998596191,-8.656719207763672
Normal Conversation - Dataset 3.m4a,normal_conversation,111,0.01742386817932129,0.05908203125,1614.5483113514383,-295.8692932128906,131.1593017578125,-0.928551435470581,24.028152465820312,-4.995311737060547,9.545792579650879,-6.831890106201172,2.507521867752075,-2.571209192276001,13.380655288696289,-4.511244773864746,13.646459579467773,-5.622507095336914
Normal Conversation - Dataset 3.m4a,normal_conversation,112,0.015078121796250343,0.0712890625,1536.8630492765055,-295.57379150390625,136.3184051513672,-7.570249557495117,22.44556427001953,-7.185256481170654,9.411981582641602,-13.251367568969727,-6.3771257400512695,-4.320408821105957,12.127076148986816,5.542657852172852,20.04534149169922,-3.1862599849700928
Normal Conversation - Dataset 3.m4a,normal_conversation,113,0.01522931456565857,0.0869140625,1860.249055708091,-283.3746643066406,123.11331176757812,-10.64726448059082,13.850419998168945,-16.2237491607666,8.416298866271973,-3.0989274978637695,-14.174802780151367,-7.274124622344971,9.9395751953125,-3.3288168907165527,16.495006561279297,-1.804619550704956
Normal Conversation - Dataset 3.m4a,normal_conversation,114,0.01508449949324131,0.09619140625,2191.3916291770456,-252.54782104492188,108.53426361083984,-11.69157600402832,15.1796293258667,-15.303375244140625,13.906904220581055,5.168023586273193,-15.652868270874023,-11.958091735839844,5.144351482391357,-12.716754913330078,13.459033966064453,2.244516611099243
Normal Conversation - Dataset 3.m4a,normal_conversation,115,0.018326710909605026,0.09619140625,2143.8370869338837,-249.8690185546875,108.31980895996094,-10.159303665161133,25.44565773010254,-14.608753204345703,13.922887802124023,1.4283045530319214,-18.831098556518555,-13.18685531616211,4.83745002746582,-14.246622085571289,16.094573974609375,3.3481204509735107
Normal Conversation - Dataset 3.m4a,normal_conversation,116,0.021181462332606316,0.0859375,1784.5285434927991,-251.65383911132812,123.77338409423828,-3.6341357231140137,30.634925842285156,-13.956064224243164,18.163864135742188,4.82318639755249,-16.231731414794922,-12.842042922973633,-1.2329331636428833,-16.01816177368164,17.136592864990234,3.112217426300049
Normal Conversation - Dataset 3.m4a,normal_conversation,117,0.022638659924268723,0.0693359375,1533.613647051311,-248.64781188964844,138.14022827148438,-1.2217206954956055,29.478107452392578,-20.52353286743164,10.843269348144531,1.1428301334381104,-15.818811416625977,-16.31398582458496,-6.857232570648193,-14.823732376098633,15.310795783996582,-1.7253152132034302
Normal Conversation - Dataset 3.m4a,normal_conversation,118,0.02645275555551052,0.0615234375,1513.4178713909791,-259.4537048339844,137.99749755859375,-2.5698118209838867,28.700170516967773,-23.860958099365234,6.308034896850586,-2.803574800491333,-19.17681121826172,-20.396324157714844,-7.244481563568115,-15.069023132324219,12.403593063354492,-5.475247383117676
Normal Conversation - Dataset 3.m4a,normal_conversation,119,0.03190087527036667,0.05615234375,1383.804034574584,-262.3262023925781,142.81610107421875,-1.3193273544311523,24.06753158569336,-20.75086784362793,7.580892562866211,-3.900263786315918,-12.51513671875,-14.278417587280273,-7.778853893280029,-17.89520263671875,9.496170043945312,-2.864548683166504
Normal Conversation - Dataset 3.m4a,normal_conversation,120,0.03411119058728218,0.0556640625,1258.4765801546353,-259.92437744140625,149.442626953125,0.8448103666305542,18.211082458496094,-27.211816787719727,0.6687463521957397,-6.540661811828613,-12.534019470214844,-12.371551513671875,-3.612546443939209,-12.802658081054688,9.968820571899414,1.4626749753952026
Normal Conversation - Dataset 3.m4a,normal_conversation,121,0.03482513502240181,0.0546875,1250.2174022534246,-257.91998291015625,152.51284790039062,5.373810291290283,18.76287841796875,-31.79751968383789,-1.5722459554672241,-7.341945648193359,-10.600268363952637,-11.342272758483887,3.4611430168151855,-12.328819274902344,5.137970924377441,-1.7068562507629395
Normal Conversation - Dataset 3.m4a,normal_conversation,122,0.032872989773750305,0.05029296875,1533.0935785369988,-247.10308837890625,137.453369140625,5.792383193969727,17.275775909423828,-31.763694763183594,3.5054900646209717,-6.685267925262451,-11.986981391906738,-15.944574356079102,6.989609241485596,-13.763749122619629,2.995764970779419,-4.545039176940918
Normal Conversation - Dataset 3.m4a,normal_conversation,123,0.02849491871893406,0.05224609375,1700.1393832660137,-249.64352416992188,128.69862365722656,0.8291405439376831,19.187938690185547,-26.50882339477539,4.642524242401123,-10.901786804199219,-15.716804504394531,-17.012100219726562,7.739503860473633,-7.512790203094482,5.894394397735596,-2.0737109184265137
Normal Conversation - Dataset 3.m4a,normal_conversation,124,0.026506705209612846,0.052734375,1553.68458967679,-256.7701721191406,133.5186004638672,3.5815296173095703,26.192638397216797,-22.871192932128906,3.508988618850708,-10.04785442352295,-10.696361541748047,-12.808660507202148,7.350517272949219,-8.558338165283203,4.105378150939941,-3.1952829360961914
Normal Conversation - Dataset 3.m4a,normal_conversation,125,0.028955211862921715,0.0498046875,1488.7191380626398,-264.6917419433594,135.86807250976562,0.6651167869567871,27.331356048583984,-23.6856632232666,4.178269863128662,-5.481716156005859,-8.531365394592285,-14.042171478271484,8.218053817749023,-7.49363899230957,2.9009647369384766,-6.386162281036377
Normal Conversation - Dataset 3.m4a,normal_conversation,126,0.030838465318083763,0.0546875,1368.0455215770316,-263.05322265625,142.59738159179688,-2.141261100769043,22.438232421875,-27.181930541992188,4.434821605682373,-7.152054309844971,-8.398153305053711,-9.303260803222656,5.949328422546387,-9.123269081115723,0.41002053022384644,-5.371842384338379
Normal Conversation - Dataset 3.m4a,normal_conversation,127,0.03316153958439827,0.0634765625,1272.367894282098,-249.15841674804688,153.97039794921875,-5.922186851501465,18.46411895751953,-29.069189071655273,4.81742000579834,-11.220502853393555,-13.354201316833496,-12.651439666748047,2.1015968322753906,-6.861996173858643,-2.4875118732452393,-8.929579734802246
Normal Conversation - Dataset 3.m4a,normal_conversation,128,0.03576519712805748,0.0732421875,1359.2488923457522,-214.98336791992188,158.76766967773438,-24.515369415283203,15.617400169372559,-27.856525421142578,1.7513651847839355,-4.367294788360596,-15.066572189331055,-14.801311492919922,5.831384181976318,-8.16922378540039,-0.2984265089035034,-5.401208400726318
Normal Conversation - Dataset 3.m4a,normal_conversation,129,0.03536190837621689,0.0810546875,1453.2027748726673,-197.90293884277344,154.15081787109375,-34.26511764526367,13.425236701965332,-26.56756591796875,-5.175860404968262,0.30088067054748535,-11.203340530395508,-15.5845947265625,3.704916000366211,-11.915318489074707,5.5035881996154785,-3.8706090450286865
Normal Conversation - Dataset 3.m4a,normal_conversation,130,0.037359725683927536,0.08056640625,1564.0768146975536,-203.24574279785156,146.0675048828125,-36.084320068359375,14.649638175964355,-23.347373962402344,0.5546688437461853,-2.786419153213501,-8.936500549316406,-10.535297393798828,2.245516538619995,-10.922992706298828,5.282483100891113,-6.709222793579102
Normal Conversation - Dataset 3.m4a,normal_conversation,131,0.03545548766851425,0.0751953125,1448.9528567269183,-206.45521545410156,150.61129760742188,-27.225669860839844,19.979400634765625,-21.25263023376465,4.116805076599121,-1.0703704357147217,-12.486467361450195,-7.117419242858887,2.1582634449005127,-12.164710998535156,1.1367791891098022,-8.974800109863281
Normal Conversation - Dataset 3.m4a,normal_conversation,132,0.033077120780944824,0.072265625,1481.9324184219365,-217.08343505859375,145.9913330078125,-23.388957977294922,23.823089599609375,-20.593305587768555,6.30961799621582,-0.7281948924064636,-8.435264587402344,-7.7027387619018555,3.9221246242523193,-13.667802810668945,0.8277636170387268,-9.359638214111328
Normal Conversation - Dataset 3.m4a,normal_conversation,133,0.033357731997966766,0.06982421875,1651.9365293406952,-222.75807189941406,133.33938598632812,-20.410491943359375,19.9168758392334,-23.67197036743164,4.506208896636963,-3.6516594886779785,-8.829374313354492,-7.795751571655273,0.36690789461135864,-10.245243072509766,-0.11965513229370117,-7.827484607696533
Normal Conversation - Dataset 3.m4a,normal_conversation,134,0.02982654981315136,0.06982421875,1596.3332662761168,-227.56398010253906,132.74667358398438,-10.870219230651855,16.787321090698242,-19.499671936035156,6.291777610778809,-2.3984375,-7.917179107666016,-7.148078918457031,-0.4805266857147217,-4.215804576873779,4.581603050231934,-2.242163896560669
Normal Conversation - Dataset 3.m4a,normal_conversation,135,0.028748787939548492,0.0712890625,1615.7306998570045,-232.52125549316406,130.8948974609375,-8.747490882873535,16.12240219116211,-18.354228973388672,8.56441879272461,-7.69801139831543,-8.507068634033203,-9.434290885925293,2.016174793243408,-5.805235862731934,7.996994495391846,-2.9969139099121094
Normal Conversation - Dataset 3.m4a,normal_conversation,136,0.02803712897002697,0.06640625,1837.8029798719685,-235.62217712402344,121.48078155517578,-7.46560001373291,18.305015563964844,-23.589088439941406,7.7456889152526855,-8.763092994689941,-10.345986366271973,-9.31822681427002,3.146576404571533,-7.056150436401367,7.928410053253174,-2.636345863342285
Normal Conversation - Dataset 3.m4a,normal_conversation,137,0.02562919817864895,0.06591796875,1794.4773663436356,-236.02806091308594,121.10508728027344,-3.3590426445007324,22.380420684814453,-23.14600372314453,9.504376411437988,-5.044467449188232,-16.128877639770508,-12.11375617980957,1.10972261428833,-7.597128868103027,1.839139461517334,-7.762137413024902
Normal Conversation - Dataset 3.m4a,normal_conversation,138,0.025627804920077324,0.06103515625,1670.7442130541685,-239.80262756347656,128.73228454589844,-3.5453543663024902,25.81714630126953,-23.942611694335938,5.375975608825684,-2.8250393867492676,-9.9031343460083,-10.25252914428711,2.85302472114563,-8.70487117767334,-1.023722529411316,-11.077577590942383
Normal Conversation - Dataset 3.m4a,normal_conversation,139,0.025990713387727737,0.0576171875,1494.126160561524,-246.10011291503906,139.4622802734375,0.21883314847946167,25.877662658691406,-25.74960708618164,0.7388706207275391,-4.938626289367676,0.1325584352016449,-3.6759278774261475,0.4629487693309784,-7.551241874694824,1.9014078378677368,-12.351463317871094
Normal Conversation - Dataset 3.m4a,normal_conversation,140,0.024575864896178246,0.05859375,1446.5516592119811,-248.90554809570312,145.93670654296875,-2.553588628768921,22.2584228515625,-28.01652717590332,-0.39491426944732666,-4.628060340881348,0.7735971808433533,-6.6393890380859375,-7.07843542098999,-8.90593147277832,6.061066627502441,-7.446646690368652
Normal Conversation - Dataset 3.m4a,normal_conversation,141,0.023759957402944565,0.0673828125,1567.8878211683418,-253.95968627929688,137.10345458984375,-2.6501975059509277,16.31175422668457,-34.53143310546875,-1.8712294101715088,-6.6519575119018555,-2.6451544761657715,-8.070795059204102,-6.120853424072266,-11.017945289611816,4.645139694213867,-3.7585625648498535
Normal Conversation - Dataset 3.m4a,normal_conversation,142,0.023419136181473732,0.09228515625,1896.1537097593293,-236.98455810546875,118.84454345703125,-8.03073501586914,7.135948181152344,-25.467243194580078,0.3815854787826538,-9.899602890014648,-10.960857391357422,-13.402753829956055,-5.202147483825684,-12.079330444335938,2.924032211303711,-3.493438720703125
Normal Conversation - Dataset 3.m4a,normal_conversation,143,0.021653002128005028,0.1240234375,2326.5434666012325,-200.8324737548828,97.60469818115234,-16.69807243347168,11.933774948120117,-14.947722434997559,3.7100601196289062,-10.48588752746582,-10.688469886779785,-14.356918334960938,-4.732669830322266,-8.396867752075195,6.199062347412109,-2.0885324478149414
Normal Conversation - Dataset 3.m4a,normal_conversation,144,0.021473504602909088,0.16357421875,2708.3923933536835,-188.931640625,83.88339233398438,-16.898008346557617,11.92991828918457,-9.05599594116211,2.754284381866455,-4.778829574584961,-5.828028202056885,-3.2784409523010254,-0.7579076886177063,-0.361166387796402,4.372396469116211,-1.9213262796401978
Normal Conversation - Dataset 3.m4a,normal_conversation,145,0.01977524347603321,0.19091796875,3199.48653219497,-182.87881469726562,66.84783935546875,-11.535150527954102,11.493621826171875,-7.136654853820801,7.104923725128174,-4.935734748840332,-7.060500144958496,3.8089237213134766,-1.682510256767273,3.32159423828125,-0.16131308674812317,1.7060227394104004
Normal Conversation - Dataset 3.m4a,normal_conversation,146,0.018427833914756775,0.18359375,3114.6212317923646,-195.00709533691406,69.20539093017578,-11.612920761108398,17.256855010986328,-9.083436965942383,11.213323593139648,-7.751230239868164,-2.984856128692627,2.6942710876464844,-5.445717811584473,3.350839614868164,-2.1382226943969727,-0.22428226470947266
Normal Conversation - Dataset 3.m4a,normal_conversation,147,0.01749582402408123,0.1650390625,2720.482650020842,-212.5328369140625,83.55630493164062,-18.18871307373047,16.79971694946289,-17.428241729736328,6.110457420349121,-8.655994415283203,-3.4708878993988037,-7.086218357086182,-1.6414252519607544,1.0763391256332397,2.0946359634399414,-2.4296839237213135
Normal Conversation - Dataset 3.m4a,normal_conversation,148,0.01650518923997879,0.1376953125,2444.6957252549205,-224.52320861816406,93.3692855834961,-16.574073791503906,13.537149429321289,-19.460735321044922,2.3865888118743896,-10.438920974731445,-6.2139434814453125,-9.194452285766602,5.072841644287109,-2.163604259490967,3.444523334503174,-1.0184857845306396
Normal Conversation - Dataset 3.m4a,normal_conversation,149,0.01612791419029236,0.11376953125,2411.069420202626,-240.6231231689453,96.14718627929688,-19.004337310791016,13.775212287902832,-16.0318603515625,7.028897285461426,-12.700571060180664,-4.080532073974609,-4.149668216705322,6.184826850891113,-2.9076032638549805,5.688167572021484,1.1554830074310303
Normal Conversation - Dataset 3.m4a,normal_conversation,150,0.01525142788887024,0.11181640625,2180.7912098085226,-243.53549194335938,106.80238342285156,-18.298114776611328,15.003708839416504,-16.796825408935547,8.101333618164062,-12.076550483703613,-4.941484451293945,-2.8059258460998535,3.4751360416412354,0.043594956398010254,2.5294127464294434,-0.11083833128213882
Normal Conversation - Dataset 3.m4a,normal_conversation,151,0.016346625983715057,0.10498046875,2030.8197673856907,-245.8419189453125,116.17979431152344,-21.05006980895996,11.419881820678711,-15.897340774536133,8.949865341186523,-11.095643997192383,-0.7963969111442566,-0.9824402332305908,3.7569479942321777,-1.2340158224105835,-1.0202200412750244,-3.7136459350585938
Normal Conversation - Dataset 3.m4a,normal_conversation,152,0.01711306907236576,0.0947265625,1820.2139753008005,-242.3757781982422,127.86676025390625,-27.628686904907227,7.438148021697998,-13.952866554260254,12.608606338500977,-10.430801391601562,-0.3230569660663605,0.4636091887950897,3.9218311309814453,-0.4605035185813904,0.4160275459289551,-7.5504302978515625
Normal Conversation - Dataset 3.m4a,normal_conversation,153,0.02016252838075161,0.087890625,1771.0217113108015,-246.13587951660156,129.49851989746094,-30.695232391357422,5.020808219909668,-16.093854904174805,9.689750671386719,-12.88226318359375,-1.9900102615356445,6.5843658447265625,5.3134894371032715,3.961385726928711,3.897671699523926,-12.17608642578125
Normal Conversation - Dataset 3.m4a,normal_conversation,154,0.0206215251237154,0.0869140625,1704.671872214014,-251.2406768798828,131.4873046875,-32.98907470703125,-1.81501042842865,-23.28337860107422,-1.2804425954818726,-6.832708358764648,4.171965599060059,8.129054069519043,2.2218260765075684,6.320669651031494,3.8624746799468994,-13.17738151550293
Normal Conversation - Dataset 3.m4a,normal_conversation,155,0.019727595150470734,0.08837890625,1570.5272834408033,-253.68202209472656,138.57073974609375,-26.51099395751953,-1.3995535373687744,-24.354310989379883,-0.004101455211639404,-5.778047561645508,-1.726810097694397,1.9228445291519165,0.606724202632904,8.339057922363281,1.8486757278442383,-15.364974021911621
Normal Conversation - Dataset 3.m4a,normal_conversation,156,0.01915871538221836,0.0888671875,1609.9588028964354,-265.2451477050781,139.78616333007812,-25.11502456665039,3.306683301925659,-19.519100189208984,4.391128063201904,-4.82481575012207,-4.847860813140869,0.3255767524242401,-0.38143742084503174,3.275315046310425,-0.10370886325836182,-14.729642868041992
Normal Conversation - Dataset 3.m4a,normal_conversation,157,0.015650363638997078,0.08984375,1551.117869635392,-275.3448181152344,145.2333221435547,-27.012542724609375,6.600769996643066,-16.320575714111328,6.619269371032715,-2.0722413063049316,-2.0867738723754883,2.5520541667938232,-2.9969825744628906,-2.1543071269989014,-2.514861822128296,-9.675337791442871
Normal Conversation - Dataset 3.m4a,normal_conversation,158,0.015118857845664024,0.08154296875,1493.7369424969343,-288.5751953125,148.26681518554688,-26.76620101928711,7.895390510559082,-17.077390670776367,10.401551246643066,-1.4180915355682373,0.5862056016921997,2.3783183097839355,1.969454288482666,-3.6042280197143555,-1.9816861152648926,-6.764349937438965
Normal Conversation - Dataset 3.m4a,normal_conversation,159,0.014594173058867455,0.08203125,1421.6507166467495,-294.5687561035156,152.40274047851562,-19.109275817871094,5.5891242027282715,-16.86475372314453,11.656719207763672,-1.6762819290161133,-0.42410483956336975,-1.2020833492279053,7.177468299865723,0.6329536437988281,-1.0348055362701416,-7.726219654083252
Normal Conversation - Dataset 3.m4a,normal_conversation,160,0.015105743892490864,0.0888671875,1642.6076037208318,-281.6760559082031,136.7767791748047,-13.322454452514648,3.1915857791900635,-19.707672119140625,14.097208023071289,-5.117134094238281,-2.572775363922119,-5.041572570800781,20.062355041503906,0.4376683235168457,-3.0889806747436523,-11.294231414794922
Normal Conversation - Dataset 3.m4a,normal_conversation,161,0.01548315305262804,0.09765625,2401.0433061793838,-242.8311004638672,98.15048217773438,-17.03236961364746,-1.159075140953064,-17.46942138671875,11.242441177368164,-9.309804916381836,-9.34635066986084,-9.67173957824707,26.415401458740234,-1.7967413663864136,-4.408146858215332,-12.027053833007812
Normal Conversation - Dataset 3.m4a,normal_conversation,162,0.015916114673018456,0.1279296875,2627.913252104918,-228.11456298828125,88.9925308227539,-12.188013076782227,5.050597667694092,-14.4461669921875,12.32197380065918,-10.779056549072266,-9.649578094482422,-13.531623840332031,16.287639617919922,-8.175929069519043,-3.0328712463378906,-12.339191436767578
Normal Conversation - Dataset 3.m4a,normal_conversation,163,0.0179855078458786,0.146484375,2973.9938821235023,-215.15328979492188,78.29478454589844,-7.715597152709961,12.0963134765625,-15.907485961914062,17.4510498046875,-11.516407012939453,-2.9493699073791504,-14.869221687316895,9.073518753051758,-7.100866794586182,-0.7920518517494202,-8.40713882446289
Normal Conversation - Dataset 3.m4a,normal_conversation,164,0.018005022779107094,0.1494140625,2877.4348210242433,-207.3436279296875,79.44978332519531,-3.4807355403900146,20.666240692138672,-15.183563232421875,12.165128707885742,-12.67758846282959,-1.2026309967041016,-15.719148635864258,10.892624855041504,-2.4174108505249023,-0.6632046699523926,-5.374685287475586
Normal Conversation - Dataset 3.m4a,normal_conversation,165,0.017714541405439377,0.1552734375,2775.5192739268055,-218.84848022460938,83.85565185546875,2.6889305114746094,22.54153823852539,-16.635120391845703,8.735397338867188,-16.137300491333008,-1.5901873111724854,-9.868480682373047,10.41103744506836,-1.656205177307129,-0.7600427865982056,-0.3298785090446472
Normal Conversation - Dataset 3.m4a,normal_conversation,166,0.017203008756041527,0.13525390625,2703.733188190329,-237.8319854736328,86.95024108886719,-0.14951644837856293,16.094085693359375,-18.40357780456543,13.8840913772583,-14.062978744506836,-7.520977973937988,-9.770204544067383,9.222833633422852,-1.7551348209381104,0.5313359498977661,-2.798997163772583
Normal Conversation - Dataset 3.m4a,normal_conversation,167,0.01580760069191456,0.12109375,2601.200685584184,-254.21466064453125,87.49391174316406,-5.909299373626709,14.611357688903809,-17.83031463623047,17.26777458190918,-13.207954406738281,-11.596687316894531,-17.48135757446289,8.207658767700195,1.0449304580688477,5.294643402099609,-1.645867109298706
Normal Conversation - Dataset 3.m4a,normal_conversation,168,0.01685357093811035,0.12353515625,2465.1043875831483,-245.79737854003906,94.83561706542969,-2.592888832092285,15.46003532409668,-19.47919464111328,13.478752136230469,-11.634278297424316,-4.104569911956787,-12.56587028503418,13.51756763458252,15.30095386505127,8.01309585571289,-2.9818007946014404
Normal Conversation - Dataset 3.m4a,normal_conversation,169,0.01809755712747574,0.12158203125,2670.0167182491577,-219.8119354248047,86.22515869140625,-2.8416497707366943,12.544687271118164,-21.827449798583984,10.300443649291992,-19.262168884277344,-4.082884788513184,-3.1818747520446777,15.422801971435547,21.78176498413086,5.5953168869018555,-5.794704437255859
Normal Conversation - Dataset 3.m4a,normal_conversation,170,0.018847258761525154,0.1201171875,2682.565273499108,-216.04090881347656,82.56877136230469,-6.647092342376709,21.112104415893555,-23.85186004638672,10.095600128173828,-23.432273864746094,-6.492274284362793,0.43014782667160034,8.945914268493652,13.805938720703125,-0.3736581802368164,-13.031593322753906
Normal Conversation - Dataset 3.m4a,normal_conversation,171,0.019120104610919952,0.1240234375,2445.676595389473,-232.23326110839844,93.38404083251953,-13.081628799438477,24.29728889465332,-22.574522018432617,14.948652267456055,-15.490653991699219,-4.955610275268555,-3.321805953979492,1.803539514541626,8.354429244995117,-0.3115040063858032,-17.453903198242188
Normal Conversation - Dataset 3.m4a,normal_conversation,172,0.019403109326958656,0.1181640625,2394.264798785305,-234.74932861328125,96.87779235839844,-1.2842512130737305,25.941322326660156,-17.373207092285156,14.44722843170166,-14.235160827636719,-2.4871811866760254,-8.736292839050293,5.766681671142578,4.929206848144531,6.769817352294922,-14.01812744140625
Normal Conversation - Dataset 3.m4a,normal_conversation,173,0.021274738013744354,0.10693359375,2655.000689485788,-219.10508728027344,88.05174255371094,8.684657096862793,23.286638259887695,-12.268835067749023,7.966710090637207,-17.99579620361328,-0.7182273864746094,-8.45092487335205,8.238815307617188,-1.8378703594207764,7.497971534729004,-11.126108169555664
Normal Conversation - Dataset 3.m4a,normal_conversation,174,0.02238125167787075,0.099609375,2448.2634115608494,-213.55984497070312,93.43511962890625,9.033848762512207,26.926969528198242,-2.7437191009521484,5.738308906555176,-23.82685089111328,-4.230554580688477,-10.900965690612793,13.67855167388916,1.7204976081848145,11.962930679321289,-10.811647415161133
Normal Conversation - Dataset 3.m4a,normal_conversation,175,0.024192407727241516,0.08544921875,2206.6321025054585,-218.43173217773438,103.12077331542969,2.845977783203125,25.299259185791016,-3.2244925498962402,10.684611320495605,-15.067203521728516,-5.55422830581665,-13.058177947998047,16.49578857421875,7.387048244476318,16.102800369262695,-12.763766288757324
Normal Conversation - Dataset 3.m4a,normal_conversation,176,0.02380193956196308,0.07861328125,2047.058841582459,-226.47731018066406,108.78582763671875,-0.666153609752655,20.48651885986328,-7.491223335266113,12.69331169128418,-10.937274932861328,-3.3863954544067383,-9.330911636352539,20.198476791381836,11.990660667419434,15.304014205932617,-14.25349235534668
Normal Conversation - Dataset 3.m4a,normal_conversation,177,0.021165668964385986,0.07666015625,1917.9837831284797,-236.78271484375,115.42571258544922,1.1797291040420532,17.613006591796875,-11.58637809753418,9.295307159423828,-17.432144165039062,-8.29389476776123,-9.92271614074707,20.91920280456543,10.392629623413086,12.19963264465332,-11.113059997558594
Normal Conversation - Dataset 3.m4a,normal_conversation,178,0.01986505277454853,0.07421875,1905.41043207674,-256.13873291015625,120.56411743164062,-3.427725315093994,16.25102424621582,-13.798343658447266,8.214608192443848,-18.864513397216797,-7.314155578613281,-10.328287124633789,12.95767593383789,3.485426425933838,12.262460708618164,-8.291492462158203
Normal Conversation - Dataset 3.m4a,normal_conversation,179,0.017117897048592567,0.0810546875,1752.5158399641637,-265.3089294433594,126.528564453125,-6.93050479888916,17.420425415039062,-12.788917541503906,10.102176666259766,-15.0368070602417,-4.448677062988281,-11.289895057678223,12.335034370422363,4.941758155822754,11.332857131958008,-5.3215179443359375
Normal Conversation - Dataset 3.m4a,normal_conversation,180,0.01591154746711254,0.09228515625,1943.688496019785,-258.3340148925781,116.65774536132812,-6.116715908050537,16.468358993530273,-19.484346389770508,9.978748321533203,-14.33378791809082,-10.319862365722656,-9.093046188354492,11.114279747009277,9.016366004943848,10.903435707092285,-9.301372528076172
Normal Conversation - Dataset 3.m4a,normal_conversation,181,0.016982421278953552,0.0966796875,2345.2636649320607,-250.6382293701172,98.51840209960938,2.4199042320251465,16.696598052978516,-19.590572357177734,12.853574752807617,-15.447644233703613,-13.185796737670898,-8.6175537109375,17.479907989501953,12.923415184020996,13.776165008544922,-8.756914138793945
Normal Conversation - Dataset 3.m4a,normal_conversation,182,0.016279097646474838,0.115234375,2541.8276663414954,-238.87460327148438,90.9893569946289,10.607614517211914,14.487983703613281,-15.786434173583984,14.233641624450684,-19.17667579650879,-14.21624755859375,-9.190958023071289,14.081693649291992,6.873528003692627,12.415761947631836,-9.408596992492676
Normal Conversation - Dataset 3.m4a,normal_conversation,183,0.016313573345541954,0.1220703125,2686.403223607406,-235.7425537109375,85.87355041503906,9.193199157714844,15.040351867675781,-14.583972930908203,15.175359725952148,-18.60940933227539,-12.051583290100098,-4.2042341232299805,9.791971206665039,5.906164169311523,9.796884536743164,-7.6261396408081055
Normal Conversation - Dataset 3.m4a,normal_conversation,184,0.019075118005275726,0.10546875,2612.5194308024575,-246.37648010253906,89.4935073852539,7.148270606994629,17.62659454345703,-15.97880744934082,13.41408634185791,-14.788837432861328,-7.2328948974609375,-8.677108764648438,6.842613220214844,5.317541122436523,10.072355270385742,-4.771525859832764
Normal Conversation - Dataset 3.m4a,normal_conversation,185,0.020285414531826973,0.0966796875,2117.040545913645,-251.3939971923828,102.56175231933594,9.661713600158691,24.119131088256836,-10.291050910949707,16.902812957763672,-16.841426849365234,-11.78708267211914,-12.628982543945312,4.673817157745361,1.6722246408462524,8.29450798034668,-7.828031539916992
Normal Conversation - Dataset 3.m4a,normal_conversation,186,0.02044823206961155,0.083984375,1914.9202847111883,-255.75521850585938,108.76017761230469,6.625133514404297,28.605430603027344,-6.9780378341674805,19.305049896240234,-21.50042724609375,-18.265243530273438,-15.71425724029541,3.729466676712036,1.5295766592025757,7.706402778625488,-9.373441696166992
Normal Conversation - Dataset 3.m4a,normal_conversation,187,0.02071031741797924,0.07177734375,1888.978989829111,-263.8919982910156,113.71646118164062,2.6610183715820312,24.273780822753906,-10.000734329223633,16.8153018951416,-17.132423400878906,-15.085351943969727,-13.944036483764648,2.571202039718628,-1.4563521146774292,4.3717193603515625,-11.733320236206055
Normal Conversation - Dataset 3.m4a,normal_conversation,188,0.017685355618596077,0.08740234375,2010.202226296631,-268.68914794921875,110.73442077636719,11.960866928100586,21.630985260009766,-10.776308059692383,10.222522735595703,-16.22117805480957,-14.068706512451172,-9.761224746704102,4.065323829650879,8.27957534790039,11.232540130615234,-7.3519392013549805
Normal Conversation - Dataset 3.m4a,normal_conversation,189,0.017267649993300438,0.09375,2451.817670890948,-264.6375427246094,95.02594757080078,17.30128288269043,15.43055534362793,-17.032920837402344,9.830741882324219,-20.126995086669922,-16.08855628967285,-10.118852615356445,3.53948974609375,11.015664100646973,9.036598205566406,-6.528543472290039
Normal Conversation - Dataset 3.m4a,normal_conversation,190,0.020742563530802727,0.09423828125,2423.370005752062,-246.65115356445312,93.891357421875,7.070417881011963,14.973123550415039,-17.055286407470703,14.930158615112305,-19.055679321289062,-16.026138305664062,-11.152994155883789,7.185089111328125,14.283658981323242,7.864034652709961,-4.1793012619018555
Normal Conversation - Dataset 3.m4a,normal_conversation,191,0.021524788811802864,0.09814453125,2119.3939926399444,-210.28248596191406,106.33183288574219,-12.030183792114258,11.509799003601074,-20.35710906982422,12.545645713806152,-10.362195014953613,-8.945915222167969,-16.10192108154297,10.292667388916016,19.94809913635254,5.640653610229492,-3.359755516052246
Normal Conversation - Dataset 3.m4a,normal_conversation,192,0.023007789626717567,0.0849609375,2086.734880523757,-208.9369659423828,110.71897888183594,-15.925596237182617,7.097719192504883,-20.431766510009766,9.848047256469727,-7.017387866973877,-7.329099655151367,-16.819046020507812,12.338600158691406,18.9765625,5.2665863037109375,-4.329151153564453
Normal Conversation - Dataset 3.m4a,normal_conversation,193,0.02387653850018978,0.08251953125,1966.9383349606892,-229.75367736816406,117.79399108886719,-11.79010009765625,12.707353591918945,-14.128151893615723,11.901286125183105,-1.917130470275879,-4.255558967590332,-9.511289596557617,11.421480178833008,9.017022132873535,6.607184410095215,-8.03780746459961
Normal Conversation - Dataset 3.m4a,normal_conversation,194,0.021984918043017387,0.07470703125,1680.984818575166,-241.5419158935547,126.88064575195312,-4.273468494415283,17.17504119873047,-8.97182559967041,16.372209548950195,0.10931283235549927,-5.989445686340332,-6.592061996459961,11.749002456665039,5.703099727630615,7.447011947631836,-8.86893081665039
Normal Conversation - Dataset 3.m4a,normal_conversation,195,0.02199384942650795,0.0703125,1632.5579510010148,-242.1187744140625,130.53993225097656,-6.357001781463623,16.275047302246094,-2.8621273040771484,18.089040756225586,-6.910417556762695,-15.080445289611816,-6.986140251159668,7.3672990798950195,5.188982963562012,6.473785877227783,-8.591758728027344
Normal Conversation - Dataset 3.m4a,normal_conversation,196,0.020946865901350975,0.0771484375,1828.3379118327175,-243.5008087158203,119.74301147460938,-8.00204086303711,22.712787628173828,-6.51932954788208,17.340585708618164,-11.497631072998047,-19.526493072509766,-7.789790630340576,7.192371368408203,1.7090741395950317,4.913036346435547,-4.923992156982422
Normal Conversation - Dataset 3.m4a,normal_conversation,197,0.01818610355257988,0.1005859375,2078.815525659147,-244.32601928710938,107.77593231201172,-8.458552360534668,20.858951568603516,-6.3174543380737305,9.29774284362793,-13.039423942565918,-21.366607666015625,-10.185790061950684,10.337722778320312,4.827249526977539,4.051080703735352,-5.729581832885742
Normal Conversation - Dataset 3.m4a,normal_conversation,198,0.021797729656100273,0.115234375,2823.8865459266244,-232.1656951904297,89.03973388671875,5.45903205871582,2.577164888381958,3.264204978942871,4.308748722076416,-5.9333343505859375,-12.835589408874512,-3.0476794242858887,8.326358795166016,6.0934343338012695,-0.167044997215271,-5.240140438079834
Normal Conversation - Dataset 3.m4a,normal_conversation,199,0.028849784284830093,0.12451171875,2797.399635126099,-217.5102996826172,88.82121276855469,6.268669128417969,-8.339348793029785,9.141875267028809,12.414682388305664,1.581310510635376,-4.919607639312744,2.945620536804199,10.013418197631836,10.543235778808594,5.628976821899414,-3.1836066246032715
Normal Conversation - Dataset 3.m4a,normal_conversation,200,0.03452939912676811,0.138671875,2091.6791975055066,-215.609619140625,107.61869812011719,-1.4397664070129395,-1.0054709911346436,7.063387870788574,16.091999053955078,-1.9486470222473145,-8.728553771972656,1.8229577541351318,11.129863739013672,7.727020263671875,8.88764476776123,-0.6299694776535034
Normal Conversation - Dataset 3.m4a,normal_conversation,201,0.038339681923389435,0.13037109375,1871.272592280278,-223.12835693359375,116.04531860351562,-13.67735481262207,15.175304412841797,0.44822072982788086,21.524311065673828,-11.076998710632324,-9.069643020629883,2.4569284915924072,9.520145416259766,3.609095573425293,7.028528690338135,-5.227587699890137
Normal Conversation - Dataset 3.m4a,normal_conversation,202,0.03809669241309166,0.13916015625,2038.3995484588445,-218.26637268066406,111.49867248535156,-27.711116790771484,24.729663848876953,-3.877201557159424,24.07207679748535,-13.496917724609375,-1.097784399986267,5.873118877410889,2.612260341644287,7.419089317321777,8.556253433227539,-9.444402694702148
Normal Conversation - Dataset 3.m4a,normal_conversation,203,0.03546909987926483,0.15234375,2134.8186447868516,-216.40538024902344,109.45465850830078,-35.717010498046875,28.796428680419922,-9.719131469726562,19.69607925415039,-16.854774475097656,4.672118186950684,7.9216108322143555,-0.20843875408172607,12.955327987670898,7.209482669830322,-7.156071662902832
Normal Conversation - Dataset 3.m4a,normal_conversation,204,0.035333406180143356,0.14794921875,2169.4341904624725,-212.4522247314453,107.03048706054688,-37.03411865234375,38.48471450805664,-14.439228057861328,9.886425018310547,-15.786623001098633,8.34856128692627,5.187391757965088,0.779608964920044,21.287643432617188,7.798841953277588,-10.123778343200684
Normal Conversation - Dataset 3.m4a,normal_conversation,205,0.03678102418780327,0.1435546875,2187.438640562572,-205.70579528808594,108.02958679199219,-37.39547348022461,43.284446716308594,-22.08416748046875,5.237671375274658,-15.396100997924805,10.790874481201172,6.021986484527588,-4.019412994384766,23.653602600097656,4.020900726318359,-15.252817153930664
Normal Conversation - Dataset 3.m4a,normal_conversation,206,0.0459006130695343,0.1318359375,2095.0844783114485,-180.02981567382812,111.54949188232422,-41.28828048706055,32.686012268066406,-20.18710708618164,2.778590679168701,-12.25460433959961,6.956911087036133,2.2336130142211914,-12.747335433959961,2.0574660301208496,-3.1936235427856445,-4.861947536468506
Normal Conversation - Dataset 3.m4a,normal_conversation,207,0.04755096882581711,0.12158203125,2051.840147596129,-149.86289978027344,110.6041259765625,-40.665138244628906,33.70301818847656,-20.846694946289062,1.8747650384902954,-13.608907699584961,7.845245361328125,-3.6925764083862305,-17.360319137573242,-12.52615737915039,-2.6928484439849854,-5.879873275756836
Normal Conversation - Dataset 3.m4a,normal_conversation,208,0.045094117522239685,0.1240234375,2074.8937461470896,-153.9847412109375,110.46367645263672,-40.329105377197266,36.23629379272461,-22.238840103149414,7.199405670166016,-11.25129508972168,6.037232398986816,-8.32617473602295,-15.789804458618164,-10.757577896118164,2.177057981491089,-2.5275325775146484
Normal Conversation - Dataset 3.m4a,normal_conversation,209,0.04259740561246872,0.126953125,2090.8283195941012,-179.35150146484375,111.91416931152344,-43.391380310058594,36.47852325439453,-20.794795989990234,7.499629497528076,-7.30894660949707,5.8195672035217285,-5.1454386711120605,-9.133845329284668,-8.692951202392578,5.120828628540039,-0.8643983006477356
Normal Conversation - Dataset 3.m4a,normal_conversation,210,0.030592000111937523,0.13037109375,2096.3573645141832,-197.15943908691406,112.11079406738281,-35.401222229003906,39.915245056152344,-16.018178939819336,8.529667854309082,-8.110671997070312,6.102962493896484,-4.238296985626221,-7.148010730743408,-7.740817546844482,6.139579772949219,-4.677476406097412
Normal Conversation - Dataset 3.m4a,normal_conversation,211,0.0248489398509264,0.12451171875,2002.1567405042647,-215.5928955078125,114.78273010253906,-30.99740219116211,34.240501403808594,-11.942660331726074,11.242839813232422,-8.208395004272461,2.3604953289031982,-5.097440719604492,-5.407768249511719,-3.6273136138916016,5.924003601074219,-4.267947196960449
Normal Conversation - Dataset 3.m4a,normal_conversation,212,0.028244948014616966,0.11865234375,1956.628703813648,-234.93968200683594,117.23126220703125,-30.591215133666992,38.6984977722168,-8.271280288696289,3.9020142555236816,-11.947107315063477,0.558152437210083,-2.143646717071533,-5.091708183288574,-5.57982873916626,4.924589157104492,-1.3403552770614624
Normal Conversation - Dataset 3.m4a,normal_conversation,213,0.0332484133541584,0.111328125,1991.6856267762537,-192.56741333007812,116.75465393066406,-22.692291259765625,23.472023010253906,-14.542776107788086,-2.0167429447174072,-13.520851135253906,2.12697696685791,-8.696893692016602,-4.673985481262207,-6.34798526763916,1.032156229019165,1.2903499603271484
Normal Conversation - Dataset 3.m4a,normal_conversation,214,0.03314196690917015,0.0908203125,2064.627526981246,-140.57498168945312,111.93861389160156,-24.044677734375,20.561431884765625,-20.31977081298828,2.3402109146118164,-10.781364440917969,1.4286893606185913,-11.337574005126953,-7.026026725769043,-6.622347831726074,4.690085411071777,-2.1342458724975586
Normal Conversation - Dataset 3.m4a,normal_conversation,215,0.03154463693499565,0.06689453125,2320.6733465166362,-148.7568359375,100.96420288085938,-23.944019317626953,19.884275436401367,-22.34302520751953,4.827877044677734,-7.157325744628906,0.2848537266254425,-8.838669776916504,-7.10886812210083,-3.4203286170959473,5.276596546173096,-0.5148023366928101
Silence - Dataset 1.m4a,silence,0,0.0003986497176811099,0.0859375,1494.70089146095,-831.7597045898438,115.93557739257812,-4.18651008605957,-19.270307540893555,11.63769245147705,11.607121467590332,-4.9662861824035645,-12.508962631225586,-7.2785186767578125,5.973312854766846,12.876710891723633,4.548951148986816,-2.6447954177856445
Silence - Dataset 1.m4a,silence,1,0.0006643932429142296,0.1025390625,1281.8086029059461,-647.2976684570312,158.82957458496094,-23.030925750732422,-0.3932570219039917,16.54861831665039,17.036094665527344,-3.979158401489258,-1.693345546722412,-3.7095699310302734,0.2931443452835083,17.713823318481445,11.254545211791992,-1.0499600172042847
Silence - Dataset 1.m4a,silence,2,0.001212826231494546,0.1142578125,1261.5787237368172,-586.2269897460938,161.99163818359375,-22.230661392211914,3.854759454727173,21.194103240966797,17.971385955810547,-3.1323037147521973,-1.4770386219024658,-3.3789329528808594,-3.6856839656829834,16.019607543945312,9.558353424072266,-2.6807444095611572
Silence - Dataset 1.m4a,silence,3,0.0014558862894773483,0.10009765625,1131.5296850176758,-573.6416625976562,165.99705505371094,-21.03023910522461,10.148205757141113,25.52981948852539,23.30191421508789,-0.041906893253326416,2.132739543914795,-0.9394683241844177,-5.920901298522949,15.880722045898438,11.211050987243652,-2.8162789344787598
Silence - Dataset 1.m4a,silence,4,0.0017961106495931745,0.05126953125,1002.1878157840811,-570.9500122070312,164.902099609375,-17.133056640625,14.10922622680664,28.970550537109375,31.762191772460938,4.896185398101807,7.528977394104004,5.583674430847168,-5.846489906311035,12.315838813781738,7.042888164520264,-3.299694538116455
Silence - Dataset 1.m4a,silence,5,0.0020015265326946974,0.04248046875,995.7400669523848,-571.27587890625,164.2263641357422,-13.343503952026367,15.146878242492676,25.207542419433594,29.989362716674805,2.991726875305176,4.17440128326416,3.2156667709350586,-1.8825368881225586,15.180736541748047,5.8810625076293945,-1.2121834754943848
Silence - Dataset 1.m4a,silence,6,0.001892375061288476,0.0419921875,1006.9893367576558,-566.1864624023438,166.03369140625,-15.764286041259766,13.786773681640625,24.61577796936035,27.838367462158203,2.583782911300659,3.2213454246520996,1.6835498809814453,0.9115453958511353,19.50868797302246,7.551009178161621,0.6575496792793274
Silence - Dataset 1.m4a,silence,7,0.0018956803251057863,0.04150390625,1022.0340728981332,-566.7269287109375,167.58514404296875,-16.71729850769043,14.819351196289062,27.886798858642578,28.10567855834961,1.6711235046386719,3.9087836742401123,-0.9461743235588074,-3.1940879821777344,17.282941818237305,5.884607791900635,3.6726925373077393
Silence - Dataset 1.m4a,silence,8,0.0016273870132863522,0.0498046875,1060.590523113728,-569.626953125,166.55946350097656,-14.949951171875,13.988956451416016,23.8402042388916,29.953598022460938,-3.1070375442504883,3.137722969055176,-6.963576316833496,-6.529025077819824,13.432268142700195,5.341100215911865,5.9759674072265625
Silence - Dataset 1.m4a,silence,9,0.0014267910737544298,0.06005859375,1105.5734587948716,-575.8707275390625,162.70111083984375,-14.173145294189453,15.628217697143555,24.83877944946289,29.82400131225586,-1.9416821002960205,-1.4538331031799316,-7.041374206542969,-10.054716110229492,11.438857078552246,2.2533605098724365,2.5964999198913574
Silence - Dataset 1.m4a,silence,10,0.0013959052739664912,0.0625,1198.6096123277073,-577.2811889648438,162.43453979492188,-15.231992721557617,9.66832160949707,20.494815826416016,25.025676727294922,-4.460912227630615,-3.41455078125,-7.043295860290527,-10.69255256652832,9.846738815307617,4.4078545570373535,3.093750238418579
Silence - Dataset 1.m4a,silence,11,0.001524546998552978,0.06201171875,1133.1125825433783,-572.6381225585938,164.4321746826172,-17.51836395263672,8.159364700317383,23.94554328918457,28.378665924072266,-2.73909592628479,-1.7093758583068848,-9.140033721923828,-7.672786235809326,10.234642028808594,8.922357559204102,6.6100053787231445
Silence - Dataset 1.m4a,silence,12,0.001759628765285015,0.05322265625,1073.5243580535969,-566.857666015625,166.54861450195312,-15.891490936279297,8.589506149291992,26.1909122467041,31.910778045654297,0.8694899678230286,-0.03903639316558838,-9.959632873535156,-4.457432746887207,13.757841110229492,8.664472579956055,9.325912475585938
Silence - Dataset 1.m4a,silence,13,0.0019291655626147985,0.04541015625,1061.5177059652194,-561.5057373046875,167.99513244628906,-18.628067016601562,11.2860107421875,25.173301696777344,26.701475143432617,-0.8407426476478577,3.214428663253784,-4.01340389251709,-3.8103718757629395,12.006287574768066,6.794905662536621,9.863983154296875
Silence - Dataset 1.m4a,silence,14,0.0019797803834080696,0.0380859375,1053.9090415033384,-563.7890014648438,163.26068115234375,-19.31874656677246,11.241891860961914,24.843719482421875,24.564979553222656,-0.4871777296066284,1.3536927700042725,-1.0293596982955933,-5.22055196762085,11.015893936157227,4.593780517578125,4.9521684646606445
Silence - Dataset 1.m4a,silence,15,0.002063808497041464,0.03369140625,1050.9613135546113,-569.08154296875,163.87796020507812,-19.545822143554688,12.955857276916504,28.56834602355957,29.170459747314453,4.89517068862915,5.145758152008057,-2.7631211280822754,-7.611783027648926,13.48997974395752,10.612874984741211,1.5773162841796875
Silence - Dataset 1.m4a,silence,16,0.0021236049942672253,0.02880859375,1064.280119597394,-564.4215698242188,165.22171020507812,-23.72860336303711,12.942171096801758,29.827741622924805,27.942094802856445,2.008193016052246,7.452431678771973,2.095219373703003,-6.955205917358398,11.107481002807617,10.573812484741211,5.030463218688965
Silence - Dataset 1.m4a,silence,17,0.0020311379339545965,0.0322265625,987.1106594038738,-561.9906005859375,170.05007934570312,-22.792984008789062,11.962503433227539,30.626169204711914,25.73538589477539,1.6674485206604004,5.784863471984863,1.459255337715149,-5.961236000061035,10.902935981750488,6.342735290527344,9.498714447021484
Silence - Dataset 1.m4a,silence,18,0.0019944123923778534,0.03857421875,1000.0562432603156,-567.8267822265625,171.22976684570312,-20.390338897705078,14.857934951782227,26.96902084350586,23.83938980102539,1.31071138381958,5.443419933319092,-3.3042383193969727,-4.674018859863281,7.395603179931641,12.173971176147461,9.592690467834473
Silence - Dataset 1.m4a,silence,19,0.0017938589444383979,0.04443359375,1086.7177193200014,-569.4653930664062,167.1290283203125,-22.41846466064453,14.407308578491211,30.336318969726562,25.63574981689453,0.010655224323272705,4.307787895202637,-6.0598907470703125,-6.362800598144531,8.97816276550293,12.024445533752441,7.831219673156738
Silence - Dataset 1.m4a,silence,20,0.0015476301778107882,0.05517578125,1079.218476750712,-568.7776489257812,171.52304077148438,-17.860332489013672,14.030500411987305,28.930187225341797,23.368946075439453,-2.509676933288574,-1.288428544998169,-7.673833847045898,-8.002185821533203,9.320381164550781,8.2178316116333,1.804866075515747
Silence - Dataset 1.m4a,silence,21,0.001456132042221725,0.05517578125,1023.3130720601814,-564.1287841796875,173.81137084960938,-14.56698226928711,14.015207290649414,27.108837127685547,23.27669906616211,1.226104974746704,-4.944828033447266,-6.3520917892456055,-5.729250431060791,5.271570682525635,2.9204020500183105,0.30113857984542847
Silence - Dataset 1.m4a,silence,22,0.0017885522684082389,0.05224609375,1126.9935023846,-571.4825439453125,167.25071716308594,-18.25497817993164,11.124984741210938,25.850770950317383,24.380279541015625,1.7861430644989014,-2.6294286251068115,-7.589595794677734,-7.131490707397461,4.382615566253662,4.078499794006348,5.870628833770752
Silence - Dataset 1.m4a,silence,23,0.0017129882471635938,0.0595703125,1002.0657310198194,-563.3387451171875,172.48031616210938,-18.72486114501953,11.970629692077637,30.49141502380371,25.67174530029297,-0.7989847660064697,6.515985488891602,-0.8627818822860718,-6.760738372802734,9.743228912353516,6.939698696136475,3.933178186416626
Silence - Dataset 1.m4a,silence,24,0.0016778483986854553,0.06591796875,1060.4404754043217,-560.3897094726562,171.28890991210938,-23.241352081298828,10.144282341003418,28.151634216308594,24.38765525817871,-2.077728271484375,3.104971408843994,4.203597545623779,-4.206839561462402,14.556909561157227,5.209589958190918,4.4215545654296875
Silence - Dataset 1.m4a,silence,25,0.0018945803167298436,0.06201171875,1186.6256952469369,-564.9497680664062,169.50660705566406,-26.554790496826172,5.411023139953613,17.648536682128906,23.251388549804688,-2.344480037689209,-0.986662745475769,2.0839247703552246,-5.571648597717285,10.751127243041992,2.353362798690796,6.985269546508789
Silence - Dataset 1.m4a,silence,26,0.0020469781011343002,0.05908203125,1067.9157222030408,-557.7062377929688,170.96560668945312,-21.052291870117188,8.668220520019531,20.922462463378906,27.52648162841797,-0.9400317668914795,4.07159948348999,1.5038281679153442,-5.939096450805664,11.118755340576172,3.202446460723877,8.72779655456543
Silence - Dataset 1.m4a,silence,27,0.0021695676259696484,0.046875,949.6295926583321,-551.110107421875,171.64019775390625,-16.78266143798828,11.426105499267578,28.309303283691406,31.272811889648438,-2.2096924781799316,7.084599494934082,3.778498649597168,-4.965572357177734,14.465797424316406,4.662045478820801,5.934023857116699
Silence - Dataset 1.m4a,silence,28,0.002226207172498107,0.03857421875,956.1263901344588,-556.50048828125,171.931884765625,-14.262689590454102,9.614750862121582,28.850122451782227,31.799415588378906,-5.502683162689209,4.311456203460693,1.5806548595428467,-8.20899486541748,20.745166778564453,8.919086456298828,3.34407377243042
Silence - Dataset 1.m4a,silence,29,0.0020632422529160976,0.04150390625,1097.141366093221,-565.0744018554688,167.76524353027344,-13.825929641723633,11.845832824707031,23.035221099853516,28.618446350097656,-9.046857833862305,-5.684405326843262,-3.6661057472229004,-7.062848091125488,21.046390533447266,9.194963455200195,1.4718339443206787
Silence - Dataset 1.m4a,silence,30,0.0016227926826104522,0.05029296875,1144.5661920277942,-568.2236938476562,160.14283752441406,-20.039371490478516,16.572452545166016,29.178653717041016,30.32689094543457,-8.554482460021973,-0.8906643390655518,-4.888669013977051,-10.713348388671875,19.074451446533203,10.614368438720703,8.836416244506836
Silence - Dataset 1.m4a,silence,31,0.001625659060664475,0.05419921875,1114.4442402211264,-564.9533081054688,166.54379272460938,-19.702388763427734,12.743135452270508,29.546356201171875,31.192068099975586,-5.665894031524658,-0.14508193731307983,-4.284206390380859,-14.647462844848633,16.36872100830078,6.842836380004883,2.366649627685547
Silence - Dataset 1.m4a,silence,32,0.0016612369799986482,0.05224609375,1039.877181560997,-561.2081909179688,170.01788330078125,-18.776973724365234,18.439151763916016,28.51849365234375,30.37125587463379,-4.170431613922119,0.37920641899108887,-3.492157220840454,-10.785713195800781,17.509719848632812,4.373502254486084,0.25769948959350586
Silence - Dataset 1.m4a,silence,33,0.0018090108642354608,0.052734375,1000.0348715532372,-559.5753784179688,170.89556884765625,-19.253673553466797,19.99329376220703,31.895858764648438,29.64415740966797,-4.896985054016113,1.1406590938568115,-4.989895820617676,-10.135629653930664,14.026329040527344,3.596068859100342,0.9146782159805298
Silence - Dataset 1.m4a,silence,34,0.002223474672064185,0.03857421875,1064.6796356498298,-551.2916870117188,162.72006225585938,-12.369607925415039,17.634323120117188,28.070039749145508,25.031423568725586,2.2194406986236572,1.5785126686096191,-8.754585266113281,-9.492549896240234,7.194249153137207,6.971865653991699,0.627788782119751
Silence - Dataset 1.m4a,silence,35,0.0021708542481064796,0.0390625,1035.1566289067905,-550.1716918945312,158.5352783203125,-11.659258842468262,17.149066925048828,26.711666107177734,26.184614181518555,4.664166450500488,4.151217460632324,-3.6576955318450928,-3.7409510612487793,13.89859676361084,6.891247272491455,0.36931324005126953
Silence - Dataset 1.m4a,silence,36,0.0021342088002711535,0.041015625,1039.2254031937225,-558.1970825195312,161.04261779785156,-12.51873779296875,14.79295825958252,26.696613311767578,29.386241912841797,1.135627269744873,1.020090103149414,-3.6488356590270996,-3.9100332260131836,14.910652160644531,2.6088380813598633,1.211632490158081
Silence - Dataset 1.m4a,silence,37,0.0021064886823296547,0.0458984375,1117.1854129627707,-559.424072265625,162.13084411621094,-15.278594970703125,14.994226455688477,25.905536651611328,30.7907772064209,-1.5890002250671387,1.3391785621643066,-8.034195899963379,-8.153602600097656,11.475751876831055,0.8714641332626343,2.1365654468536377
Silence - Dataset 1.m4a,silence,38,0.0017288185190409422,0.05712890625,1102.170814319304,-554.435302734375,164.0142822265625,-18.571557998657227,15.508910179138184,23.754756927490234,29.372446060180664,0.3736528158187866,1.0597838163375854,-7.805670738220215,-11.154806137084961,12.292065620422363,9.152775764465332,6.601992607116699
Silence - Dataset 1.m4a,silence,39,0.0017131142085418105,0.05517578125,1099.7458682723668,-555.6408081054688,164.7840118408203,-18.254053115844727,15.020635604858398,22.800758361816406,26.155372619628906,0.32851195335388184,-1.3836205005645752,-4.164397716522217,-10.940971374511719,13.528192520141602,10.487524032592773,5.426790714263916
Silence - Dataset 1.m4a,silence,40,0.0018946282798424363,0.05419921875,1120.672002425747,-558.4099731445312,166.00416564941406,-22.13239288330078,15.386234283447266,23.45311164855957,22.416624069213867,-1.4707902669906616,0.8848382234573364,-3.066679000854492,-9.87243938446045,15.239802360534668,9.925922393798828,3.404221534729004
Silence - Dataset 1.m4a,silence,41,0.002066916786134243,0.04541015625,1128.7103523524615,-552.34130859375,162.87777709960938,-21.841859817504883,8.418135643005371,26.805259704589844,26.476831436157227,-0.7955926060676575,4.035431861877441,-0.6920566558837891,-7.896063327789307,16.259632110595703,12.527423858642578,-0.6427932381629944
Silence - Dataset 1.m4a,silence,42,0.002059278776869178,0.04150390625,1142.0103354927624,-543.775390625,157.87112426757812,-14.030982971191406,-0.2255915403366089,31.189289093017578,27.20378875732422,2.827261209487915,7.571030616760254,3.3644003868103027,-9.343008041381836,9.83043098449707,13.635427474975586,-3.088770627975464
Silence - Dataset 1.m4a,silence,43,0.0021098917350172997,0.0419921875,1176.8833941956655,-549.913818359375,162.0953369140625,-18.159278869628906,-1.954435110092163,31.091045379638672,23.284225463867188,2.0942070484161377,5.024403095245361,0.2824021577835083,-14.897699356079102,10.023962020874023,15.077825546264648,1.4754652976989746
Silence - Dataset 1.m4a,silence,44,0.0020168935880064964,0.04296875,1212.170864588562,-557.5426635742188,162.516357421875,-24.87188720703125,5.549034595489502,29.9410457611084,20.081531524658203,0.9472082853317261,1.8210192918777466,-2.1263930797576904,-12.909423828125,11.741705894470215,9.463846206665039,5.203813552856445
Silence - Dataset 1.m4a,silence,45,0.0018271106528118253,0.04736328125,1126.394269220726,-556.1285400390625,163.0543212890625,-21.019390106201172,8.632608413696289,24.885498046875,22.387901306152344,-4.352412223815918,1.6592812538146973,-0.35589301586151123,-7.18217658996582,13.358894348144531,10.40756893157959,10.485494613647461
Silence - Dataset 1.m4a,silence,46,0.001828676788136363,0.0498046875,1129.0457315046874,-556.9736328125,166.1107177734375,-20.201770782470703,10.184310913085938,23.256271362304688,20.902664184570312,-3.6328320503234863,-0.793080747127533,0.15894798934459686,-6.268688201904297,12.962347030639648,9.962322235107422,9.745670318603516
Silence - Dataset 1.m4a,silence,47,0.0018212876748293638,0.0517578125,1049.7674491441667,-560.272216796875,166.61590576171875,-18.62152099609375,13.955564498901367,26.93006134033203,22.212871551513672,1.691516637802124,-1.675203800201416,0.3382090628147125,-1.9497209787368774,13.14966869354248,11.616020202636719,5.594006538391113
Silence - Dataset 1.m4a,silence,48,0.0017980807460844517,0.0576171875,1022.2159890149399,-561.1349487304688,170.28501892089844,-18.757568359375,16.199716567993164,26.04405403137207,20.907363891601562,2.7065842151641846,-5.001209259033203,-6.242910385131836,-5.1583709716796875,14.74368667602539,8.168048858642578,2.738546371459961
Silence - Dataset 1.m4a,silence,49,0.0018542546313256025,0.052734375,1070.1798084089796,-562.6435546875,166.03518676757812,-23.663898468017578,21.942737579345703,27.482742309570312,22.095043182373047,3.5494801998138428,-1.0536112785339355,-6.839385032653809,-7.281654357910156,11.004959106445312,4.4404449462890625,0.735017716884613
Silence - Dataset 1.m4a,silence,50,0.0019597841892391443,0.04931640625,1046.1585589139938,-555.444091796875,165.71807861328125,-22.337570190429688,20.67007827758789,31.806617736816406,21.62131118774414,8.860209465026855,3.7795403003692627,-1.5745816230773926,-2.251157760620117,10.806468963623047,2.339207887649536,0.6198585629463196
Silence - Dataset 1.m4a,silence,51,0.002047664253041148,0.044921875,1012.4320567837442,-550.8594970703125,168.30035400390625,-18.17188835144043,17.900951385498047,30.328948974609375,21.824195861816406,7.553242206573486,5.433237075805664,-5.257555961608887,-1.3184230327606201,15.397239685058594,0.16591107845306396,0.2204723358154297
Silence - Dataset 1.m4a,silence,52,0.002057434059679508,0.03857421875,1036.2543671210549,-546.6435546875,165.07196044921875,-9.448551177978516,14.902645111083984,24.661327362060547,26.43634796142578,-0.5600319504737854,6.271183967590332,-7.32921028137207,-2.6010842323303223,9.13204574584961,-0.62580406665802,3.1925084590911865
Silence - Dataset 1.m4a,silence,53,0.0024144547060132027,0.0341796875,1050.564006412596,-549.231201171875,165.414794921875,-11.565898895263672,11.159053802490234,24.24144744873047,31.734771728515625,-1.0719068050384521,5.8128275871276855,-4.336145401000977,-8.675254821777344,10.834419250488281,1.3850749731063843,4.302928924560547
Silence - Dataset 1.m4a,silence,54,0.002466648118570447,0.03515625,986.8857736948714,-550.32958984375,167.583251953125,-13.049347877502441,11.996825218200684,28.75438690185547,32.78620910644531,-0.27781015634536743,5.100068092346191,-2.351679563522339,-10.364070892333984,11.86172866821289,0.4887058734893799,1.9461390972137451
Silence - Dataset 1.m4a,silence,55,0.0024636704474687576,0.0322265625,923.7208354597255,-550.2080688476562,169.589111328125,-14.400615692138672,16.571128845214844,32.89551544189453,32.426368713378906,0.04164701700210571,10.191083908081055,-0.2531397044658661,-5.489181041717529,11.496950149536133,-5.378584861755371,-1.0402650833129883
Silence - Dataset 1.m4a,silence,56,0.0023671728558838367,0.0341796875,1020.2813662792967,-554.7565307617188,165.7491455078125,-14.255224227905273,15.113508224487305,30.793987274169922,30.91902732849121,-1.3422493934631348,10.066886901855469,-3.5232391357421875,-8.603154182434082,14.370168685913086,-0.39575880765914917,-1.8140804767608643
Silence - Dataset 1.m4a,silence,57,0.0018223883816972375,0.0458984375,1148.6968466295807,-561.7830200195312,161.36883544921875,-16.400920867919922,10.1853666305542,28.271652221679688,31.215877532958984,-4.854337215423584,4.129572868347168,-5.718880653381348,-14.699837684631348,18.292219161987305,6.6325178146362305,-2.359156847000122
Silence - Dataset 1.m4a,silence,58,0.0016653350321576,0.04833984375,1232.8038691674205,-566.9638061523438,162.86566162109375,-18.929622650146484,4.693799018859863,21.576431274414062,25.748870849609375,-6.881101608276367,-2.254875898361206,-3.517820358276367,-14.699752807617188,17.936323165893555,2.1987898349761963,-5.526252746582031
Silence - Dataset 1.m4a,silence,59,0.0017695999704301357,0.046875,1108.7552855709105,-557.7233276367188,166.92971801757812,-15.506895065307617,8.270888328552246,22.576534271240234,28.36574935913086,-7.517675399780273,3.317842721939087,0.8352605104446411,-11.338029861450195,12.712987899780273,0.5076301693916321,0.3028707206249237
Silence - Dataset 1.m4a,silence,60,0.0018325143028050661,0.0458984375,1017.6484797728561,-551.2754516601562,168.7432861328125,-16.728790283203125,11.790212631225586,27.270116806030273,29.846126556396484,-5.1852803230285645,6.5509796142578125,0.8475133180618286,-13.259317398071289,8.72113037109375,2.067960262298584,0.6140266060829163
Silence - Dataset 1.m4a,silence,61,0.0019179703667759895,0.04443359375,1062.6116322325256,-556.0587768554688,168.23313903808594,-20.926979064941406,12.084367752075195,28.733144760131836,29.869070053100586,-3.642167568206787,5.495184898376465,-3.624122142791748,-16.313182830810547,11.61173152923584,4.260311126708984,-0.3999505639076233
Silence - Dataset 1.m4a,silence,62,0.0018278559437021613,0.04345703125,1112.6236198742165,-559.756103515625,171.00607299804688,-22.257675170898438,9.644822120666504,25.189697265625,30.07238006591797,-6.953479766845703,-0.9349411725997925,-5.514486789703369,-15.948999404907227,14.887474060058594,10.665172576904297,-2.414458751678467
Silence - Dataset 1.m4a,silence,63,0.0016625368734821677,0.04638671875,1130.5271714469427,-564.2546997070312,169.29946899414062,-23.55227279663086,4.580222129821777,26.855514526367188,32.51776885986328,-5.246906757354736,-1.702544927597046,-6.561714172363281,-15.350929260253906,17.0765438079834,13.103409767150879,0.7992252707481384
Silence - Dataset 1.m4a,silence,64,0.001741452026180923,0.044921875,1116.7729299018858,-562.3836059570312,167.235107421875,-20.176040649414062,9.630374908447266,23.702754974365234,31.2460994720459,-3.7090671062469482,-2.6513571739196777,-4.551206111907959,-17.561283111572266,13.537654876708984,13.105152130126953,-2.609412431716919
Silence - Dataset 1.m4a,silence,65,0.00173373578581959,0.04248046875,1044.9466390875239,-558.4564819335938,169.91778564453125,-16.738704681396484,14.39775276184082,20.569488525390625,27.678844451904297,-2.7851595878601074,0.5013126730918884,3.725846290588379,-14.221261024475098,10.69981575012207,14.76231575012207,-2.7763233184814453
Silence - Dataset 1.m4a,silence,66,0.0016307111363857985,0.04833984375,1104.792024524119,-562.619384765625,166.20553588867188,-18.091440200805664,10.733037948608398,18.370777130126953,26.145427703857422,-5.6607666015625,-1.4329761266708374,6.55836296081543,-7.395636558532715,14.368049621582031,19.22603988647461,2.548696756362915
Silence - Dataset 1.m4a,silence,67,0.00142120651435107,0.06298828125,1218.838369428296,-568.1947021484375,159.68710327148438,-22.43000030517578,6.786168098449707,18.059951782226562,29.42986297607422,-5.942537307739258,1.0369317531585693,11.816102027893066,-6.472108840942383,12.995684623718262,19.2069149017334,2.184359312057495
Silence - Dataset 1.m4a,silence,68,0.0013675851514562964,0.06591796875,1376.8132249701503,-574.5263061523438,153.70388793945312,-25.32174301147461,1.3023337125778198,18.09731101989746,32.76909637451172,-5.5477986335754395,0.09860718250274658,8.995317459106445,-9.59254264831543,12.42793083190918,11.927610397338867,-3.290027141571045
Silence - Dataset 1.m4a,silence,69,0.0015621082857251167,0.06201171875,1230.5921429026369,-568.24853515625,162.02005004882812,-20.2764892578125,2.7072691917419434,19.940567016601562,31.240158081054688,-5.377899646759033,2.3540282249450684,4.947155952453613,-9.738058090209961,10.567009925842285,9.21969223022461,-8.002530097961426
Silence - Dataset 1.m4a,silence,70,0.0016231993213295937,0.0634765625,1021.2717231222366,-558.9478759765625,171.61068725585938,-16.982208251953125,8.60450267791748,24.525596618652344,35.71990966796875,-5.923838138580322,2.9037728309631348,2.9736838340759277,-11.761774063110352,7.604337215423584,14.182916641235352,-2.6707119941711426
Silence - Dataset 1.m4a,silence,71,0.0016701638232916594,0.06005859375,1075.298999535738,-562.9034423828125,170.0287322998047,-20.647750854492188,7.415436744689941,25.52755355834961,33.788909912109375,-7.176265239715576,3.3559131622314453,1.463792324066162,-11.783781051635742,8.950103759765625,16.380874633789062,-0.2786409258842468
Silence - Dataset 1.m4a,silence,72,0.0016614020569249988,0.0615234375,1172.9145413842691,-568.056640625,165.0926055908203,-17.91278648376465,6.985769271850586,23.276325225830078,24.617027282714844,-8.154342651367188,0.24811160564422607,2.2142438888549805,-11.749165534973145,9.703057289123535,12.103662490844727,-3.169610023498535
Silence - Dataset 1.m4a,silence,73,0.001631669350899756,0.0625,1122.1388937680858,-566.345458984375,164.3502655029297,-14.83334732055664,7.040623188018799,24.875999450683594,29.614377975463867,-2.761849880218506,2.6129422187805176,6.428077220916748,-11.14318561553955,9.481563568115234,9.80729866027832,-5.996760368347168
Silence - Dataset 1.m4a,silence,74,0.0021211837884038687,0.0537109375,1009.9422170778273,-559.839111328125,171.74578857421875,-12.984987258911133,8.82155990600586,27.280078887939453,29.20983123779297,-3.6222596168518066,2.616840362548828,6.997216701507568,-8.897296905517578,9.858492851257324,11.458847999572754,-0.3595530390739441
Silence - Dataset 1.m4a,silence,75,0.0023302368354052305,0.04248046875,903.3031368544177,-555.649658203125,171.7589111328125,-10.86032485961914,14.174696922302246,29.09877586364746,32.22475051879883,-0.9828726053237915,-2.110059976577759,4.9855804443359375,-4.509214401245117,15.152322769165039,11.809915542602539,0.24703934788703918
Silence - Dataset 1.m4a,silence,76,0.0022871617693454027,0.04150390625,968.8090986474597,-559.133544921875,166.88919067382812,-12.074316024780273,11.715436935424805,26.636699676513672,30.714252471923828,-1.4547847509384155,0.808334469795227,5.1890788078308105,-3.7168474197387695,15.930448532104492,13.508955001831055,1.5185465812683105
Silence - Dataset 1.m4a,silence,77,0.0022563477978110313,0.04541015625,1044.6616675891746,-561.0531616210938,167.25811767578125,-14.020442008972168,9.804224014282227,23.936450958251953,30.6744384765625,-2.1907975673675537,1.6099700927734375,1.7971997261047363,-6.475895881652832,7.01417350769043,10.662731170654297,1.878810167312622
Silence - Dataset 1.m4a,silence,78,0.0017797136679291725,0.05419921875,1032.2547951497972,-561.7037963867188,169.48556518554688,-13.579360961914062,10.612701416015625,22.83716583251953,31.15285873413086,1.8672462701797485,1.4032666683197021,0.5211445689201355,-8.152205467224121,7.068387508392334,6.1063666343688965,-0.6556562781333923
Silence - Dataset 1.m4a,silence,79,0.0017352912109345198,0.05322265625,1037.6682482052147,-566.2268676757812,168.0856170654297,-13.948707580566406,12.959153175354004,21.91571807861328,31.910022735595703,6.64108419418335,2.200594902038574,0.6993961334228516,-9.398029327392578,8.548378944396973,-0.9557182788848877,-8.374418258666992
Silence - Dataset 1.m4a,silence,80,0.0019794681575149298,0.04345703125,1048.1905581665499,-562.2197265625,170.56881713867188,-17.532608032226562,10.432962417602539,20.767295837402344,27.62026596069336,3.774245023727417,2.978029489517212,1.448887825012207,-8.86732292175293,11.427146911621094,4.9207048416137695,-2.632192611694336
Silence - Dataset 1.m4a,silence,81,0.001965732080861926,0.03759765625,991.4514033948146,-554.743408203125,170.97970581054688,-20.447372436523438,10.957442283630371,23.3918514251709,26.868093490600586,2.504922389984131,8.244377136230469,5.126712799072266,-7.897895812988281,13.948492050170898,11.396570205688477,3.547243118286133
Silence - Dataset 1.m4a,silence,82,0.002269848482683301,0.0224609375,1084.6762481257804,-553.1265258789062,169.5543212890625,-27.832679748535156,11.638450622558594,22.12451934814453,23.968650817871094,3.947798728942871,9.80445671081543,4.379455089569092,-12.756961822509766,7.135210990905762,13.477380752563477,2.7082347869873047
Silence - Dataset 1.m4a,silence,83,0.002526375697925687,0.02587890625,1045.5239768484182,-552.7687377929688,170.64508056640625,-26.405467987060547,12.66010570526123,27.918376922607422,21.014911651611328,3.4327034950256348,3.7183074951171875,0.8673412203788757,-12.237445831298828,10.484955787658691,14.941595077514648,2.4273061752319336
Silence - Dataset 1.m4a,silence,84,0.002563046058639884,0.03076171875,959.854128088905,-555.7099609375,170.75042724609375,-22.517295837402344,14.437170028686523,28.485321044921875,23.732112884521484,4.133694648742676,4.560129165649414,4.46320915222168,-3.8193483352661133,16.566959381103516,11.6693115234375,1.5083593130111694
Silence - Dataset 1.m4a,silence,85,0.002534345490857959,0.03662109375,869.9220563223859,-554.3134765625,173.11143493652344,-15.047597885131836,13.765732765197754,25.841127395629883,27.52997589111328,3.1924118995666504,6.665790557861328,4.280580520629883,-3.7098758220672607,15.501165390014648,12.427902221679688,5.407402038574219
Silence - Dataset 1.m4a,silence,86,0.0023369223345071077,0.0478515625,985.6905199439943,-560.1089477539062,171.27549743652344,-15.288763046264648,9.805692672729492,24.75979232788086,26.563072204589844,2.995394706726074,8.776195526123047,4.7516021728515625,-9.695249557495117,10.940613746643066,11.637603759765625,4.875105857849121
Silence - Dataset 1.m4a,silence,87,0.002081746468320489,0.04296875,1040.5225839964762,-561.7202758789062,171.37387084960938,-19.096694946289062,8.37221908569336,26.702545166015625,26.40345001220703,3.9972033500671387,4.460977077484131,4.124401092529297,-10.094318389892578,10.715962409973145,13.856510162353516,0.13920485973358154
Silence - Dataset 1.m4a,silence,88,0.002033295575529337,0.0419921875,965.3943682731741,-554.2744140625,173.1578369140625,-15.536064147949219,15.733959197998047,28.247787475585938,23.514007568359375,1.0944466590881348,2.859755516052246,5.1005048751831055,-7.032493591308594,11.612958908081055,13.537374496459961,-4.654728889465332
Silence - Dataset 1.m4a,silence,89,0.002036492805927992,0.03759765625,930.4801062621007,-551.7528076171875,171.64024353027344,-12.801216125488281,20.34874725341797,27.930076599121094,23.859121322631836,2.5191283226013184,1.7409520149230957,1.2887773513793945,-6.320919990539551,5.453682899475098,9.79155158996582,-4.919494152069092
Silence - Dataset 1.m4a,silence,90,0.0020448598079383373,0.03369140625,1029.6657556089153,-556.39599609375,166.598876953125,-16.23965072631836,14.479281425476074,24.838153839111328,22.982036590576172,5.161665916442871,2.0040931701660156,-1.756941795349121,-11.860379219055176,4.926398277282715,8.830564498901367,0.7157325744628906
Silence - Dataset 1.m4a,silence,91,0.0020397817716002464,0.0361328125,1108.631311283576,-561.8683471679688,162.72567749023438,-18.602760314941406,11.22813892364502,21.42394256591797,26.34723472595215,4.491435527801514,3.460968255996704,0.5519623756408691,-11.027301788330078,8.542215347290039,13.258570671081543,-0.056354254484176636
Silence - Dataset 1.m4a,silence,92,0.0022691418416798115,0.0361328125,1067.7874403672336,-558.0884399414062,163.67779541015625,-20.837890625,20.11373519897461,25.431888580322266,25.934293746948242,4.389821529388428,2.077268600463867,0.4968286156654358,-7.841137886047363,10.464731216430664,14.742175102233887,-2.186634063720703
Silence - Dataset 1.m4a,silence,93,0.0028275344520807266,0.0322265625,988.0539726190318,-552.4728393554688,167.279541015625,-17.650726318359375,21.549909591674805,28.082786560058594,23.728931427001953,3.0736711025238037,3.570880174636841,-0.3163631558418274,-8.362970352172852,10.78718090057373,11.491493225097656,1.35691237449646
Silence - Dataset 1.m4a,silence,94,0.003120427718386054,0.029296875,893.8486232766932,-549.2854614257812,168.80645751953125,-13.58881950378418,16.61705207824707,26.875932693481445,28.408794403076172,7.680700302124023,7.462113857269287,0.5269066095352173,-11.897235870361328,11.364080429077148,9.583037376403809,-1.868457317352295
Silence - Dataset 1.m4a,silence,95,0.003024744102731347,0.03125,914.8048414557259,-551.5185546875,166.09375,-15.596954345703125,14.106264114379883,28.905364990234375,32.136749267578125,9.56222915649414,6.80940055847168,2.5493695735931396,-12.700165748596191,10.764284133911133,11.90720272064209,-0.7473481297492981
Silence - Dataset 1.m4a,silence,96,0.0026907906867563725,0.03564453125,941.0437497014834,-562.3023071289062,169.95132446289062,-14.67987060546875,7.064013481140137,21.956501007080078,29.563499450683594,7.491473197937012,5.848187446594238,0.31986603140830994,-10.031539916992188,14.617365837097168,13.860151290893555,4.479808807373047
Silence - Dataset 1.m4a,silence,97,0.002033450175076723,0.04296875,1084.7495829665709,-568.2579956054688,166.71597290039062,-16.116474151611328,6.562738418579102,19.06029510498047,26.65740966796875,4.725947856903076,1.554006814956665,1.4743199348449707,-7.851919174194336,14.64924430847168,11.155200004577637,-3.9385671615600586
Silence - Dataset 1.m4a,silence,98,0.0016693384386599064,0.0458984375,1137.8722493706568,-566.452880859375,161.99349975585938,-21.550067901611328,10.629629135131836,23.565244674682617,25.501453399658203,1.1483736038208008,-2.9375052452087402,2.987292766571045,-4.9056291580200195,15.510659217834473,15.201375961303711,-0.08033651113510132
Silence - Dataset 1.m4a,silence,99,0.0019586014095693827,0.04443359375,1025.0030067959033,-560.9179077148438,167.8411102294922,-19.168235778808594,12.753482818603516,25.900768280029297,24.350345611572266,3.4172158241271973,-1.447948932647705,-0.7364662885665894,-5.632911682128906,14.892318725585938,20.653850555419922,1.5495067834854126
Silence - Dataset 1.m4a,silence,100,0.0025034642312675714,0.03857421875,961.1709965527875,-552.1593627929688,172.02655029296875,-17.876440048217773,15.763023376464844,26.894859313964844,27.020652770996094,5.995563507080078,0.044399648904800415,-2.6507058143615723,-5.021494388580322,9.4688720703125,13.273921012878418,1.5367281436920166
Silence - Dataset 1.m4a,silence,101,0.002998830983415246,0.03369140625,858.4047611952826,-546.2686157226562,177.69415283203125,-17.23573875427246,19.85263442993164,28.633594512939453,26.13119125366211,8.941335678100586,1.4462850093841553,0.543982744216919,-5.874792098999023,3.8327817916870117,4.950624465942383,1.4434986114501953
Silence - Dataset 1.m4a,silence,102,0.00300503708422184,0.02734375,885.1687119508383,-548.9401245117188,170.71881103515625,-16.849504470825195,20.438791275024414,30.251699447631836,22.722187042236328,9.155649185180664,4.128517150878906,0.826697826385498,-4.362146854400635,9.5956449508667,7.454156875610352,2.2562320232391357
Silence - Dataset 1.m4a,silence,103,0.002844125498086214,0.02978515625,980.1654140840923,-551.01025390625,167.68063354492188,-20.36961555480957,18.48086929321289,25.99493408203125,20.22046661376953,6.801575183868408,3.769115924835205,-0.3422766327857971,-6.201207160949707,13.075468063354492,8.632301330566406,2.6411311626434326
Silence - Dataset 1.m4a,silence,104,0.002463313052430749,0.0322265625,1089.2152197965963,-560.4193115234375,165.77249145507812,-20.245059967041016,11.627445220947266,19.683170318603516,24.195690155029297,8.108570098876953,6.7720842361450195,0.7687081694602966,-8.24831771850586,12.066366195678711,10.515888214111328,0.9007130265235901
Silence - Dataset 1.m4a,silence,105,0.0018858928233385086,0.03662109375,1064.3052659719224,-565.3409423828125,164.66455078125,-20.614009857177734,8.952617645263672,21.06222152709961,28.16887664794922,10.077789306640625,6.888311386108398,5.650900840759277,-3.282075881958008,14.867172241210938,9.632980346679688,-2.610016345977783
Silence - Dataset 1.m4a,silence,106,0.0018409102922305465,0.03955078125,1079.1616908786439,-563.7095336914062,166.08738708496094,-21.30339813232422,9.877060890197754,19.90835952758789,24.79013442993164,7.676822662353516,8.393056869506836,5.462194442749023,-0.9880800247192383,17.152645111083984,9.67094898223877,-2.9209952354431152
Silence - Dataset 1.m4a,silence,107,0.0018578518647700548,0.03955078125,1030.7424482918896,-553.5285034179688,168.69207763671875,-16.039209365844727,13.129308700561523,20.487770080566406,23.799224853515625,3.0712156295776367,6.518377304077148,-2.478240489959717,-7.876548767089844,13.321660995483398,12.107702255249023,0.3716256618499756
Silence - Dataset 1.m4a,silence,108,0.0021892250515520573,0.0380859375,1030.3365624202836,-556.6302490234375,168.2056884765625,-15.661249160766602,15.952768325805664,21.24526023864746,24.198863983154297,-0.6166960597038269,6.854625701904297,0.285114049911499,-7.9021148681640625,12.893826484680176,12.257882118225098,-0.4363505244255066
Silence - Dataset 1.m4a,silence,109,0.002279703039675951,0.037109375,1001.5675657292719,-560.297119140625,166.91021728515625,-18.11649513244629,14.578376770019531,27.720420837402344,25.11310577392578,2.4410362243652344,5.464700698852539,5.0636491775512695,-4.984813690185547,18.019174575805664,16.87601661682129,-0.9993592500686646
Silence - Dataset 1.m4a,silence,110,0.002322851214557886,0.04052734375,951.1670700122236,-560.6185913085938,165.53622436523438,-17.522357940673828,15.231027603149414,31.695659637451172,28.311874389648438,6.681308746337891,3.537855386734009,-2.1608941555023193,-8.839897155761719,15.921144485473633,19.714874267578125,2.5458950996398926
Silence - Dataset 1.m4a,silence,111,0.0021989753004163504,0.0419921875,1011.005107888896,-567.2149658203125,161.04739379882812,-16.613971710205078,18.14965057373047,33.055076599121094,34.563541412353516,7.452394962310791,4.064755916595459,-6.286495208740234,-16.68368148803711,6.977487564086914,15.555596351623535,5.797759056091309
Silence - Dataset 1.m4a,silence,112,0.0017514785286039114,0.04833984375,1043.4915120236697,-574.2562255859375,157.99307250976562,-16.97588539123535,18.77111053466797,32.77739715576172,32.57080078125,4.295776844024658,4.874558448791504,-1.2272322177886963,-15.531999588012695,7.444854736328125,14.746012687683105,8.487568855285645
Silence - Dataset 1.m4a,silence,113,0.0016152005409821868,0.05126953125,1189.3867537935475,-579.6351318359375,156.09246826171875,-20.87246322631836,19.795534133911133,34.15638732910156,30.082584381103516,-0.7532647252082825,-1.2455791234970093,0.41689062118530273,-16.353809356689453,6.20609188079834,7.9460601806640625,5.894512176513672
Silence - Dataset 1.m4a,silence,114,0.0015207063406705856,0.046875,1119.563487867182,-572.0946044921875,159.9031982421875,-23.96843719482422,15.217336654663086,34.56177520751953,32.69019317626953,-1.144298791885376,-2.9183359146118164,0.6039875149726868,-15.055150985717773,3.8410415649414062,10.554228782653809,3.122103214263916
Silence - Dataset 1.m4a,silence,115,0.001612548716366291,0.04541015625,1130.4713488708737,-565.7963256835938,160.77719116210938,-24.086769104003906,14.513126373291016,31.249601364135742,31.44888687133789,-2.633485794067383,-2.367429256439209,-2.4361329078674316,-11.849766731262207,9.059444427490234,17.737712860107422,4.780863285064697
Silence - Dataset 1.m4a,silence,116,0.0018253012094646692,0.0380859375,1113.7651707163432,-561.4197387695312,160.31314086914062,-22.835861206054688,13.335314750671387,28.140796661376953,28.289690017700195,2.3555409908294678,1.244723916053772,0.25576943159103394,-9.01175308227539,10.515305519104004,16.06310272216797,7.550167083740234
Silence - Dataset 1.m4a,silence,117,0.0018896458204835653,0.0341796875,1088.73280203622,-560.5494995117188,159.2489013671875,-19.61182403564453,15.104940414428711,26.77935791015625,26.010196685791016,9.030006408691406,4.33730411529541,4.8094658851623535,-9.646553993225098,7.253718376159668,12.20405387878418,1.6878544092178345
Silence - Dataset 1.m4a,silence,118,0.001770677394233644,0.03759765625,1036.254598708114,-563.1527099609375,160.6471405029297,-20.58887481689453,19.274311065673828,33.50298309326172,30.65997314453125,7.113883018493652,3.933910846710205,0.4869634509086609,-13.985757827758789,10.855137825012207,14.576505661010742,-0.45945027470588684
Silence - Dataset 1.m4a,silence,119,0.0017886330606415868,0.037109375,1035.4274659062967,-566.6171875,164.34292602539062,-18.70440673828125,19.681415557861328,30.693790435791016,30.20090675354004,6.389869689941406,-2.135532855987549,-2.237527847290039,-13.272329330444336,11.174026489257812,12.168455123901367,-0.7563514113426208
Silence - Dataset 1.m4a,silence,120,0.0017069963505491614,0.0361328125,1105.9851431451461,-567.9778442382812,164.0429229736328,-19.423038482666016,15.651691436767578,25.068424224853516,28.676067352294922,5.352265357971191,-5.06815242767334,2.590369701385498,-15.820114135742188,3.9829163551330566,11.05042839050293,-2.18351674079895
Silence - Dataset 1.m4a,silence,121,0.0019038771279156208,0.03173828125,1071.7848787662924,-564.5900268554688,163.2352752685547,-19.37269401550293,13.805644989013672,26.54653549194336,33.35528564453125,2.0079708099365234,-5.658408164978027,6.283682346343994,-8.427114486694336,6.672018051147461,13.52322769165039,2.096646785736084
Silence - Dataset 1.m4a,silence,122,0.0019635383505374193,0.03125,1011.486960240858,-561.7906494140625,162.1060333251953,-18.913190841674805,14.050182342529297,28.663110733032227,34.768035888671875,0.5570040941238403,-3.2643942832946777,3.505500316619873,-9.280786514282227,5.376975059509277,11.420785903930664,6.256446838378906
Silence - Dataset 1.m4a,silence,123,0.002117892960086465,0.03466796875,1063.3365011349126,-562.851318359375,162.60943603515625,-18.862506866455078,12.72275447845459,26.729135513305664,33.853271484375,1.7270889282226562,-0.23666781187057495,-0.6933713555335999,-12.865915298461914,4.311627388000488,9.58057975769043,5.440427780151367
Silence - Dataset 1.m4a,silence,124,0.0024220698978751898,0.0341796875,1015.1150537028315,-558.415283203125,166.1180419921875,-16.423416137695312,12.963895797729492,33.250205993652344,31.94823455810547,0.7922620177268982,2.3486030101776123,0.04540199041366577,-13.50851821899414,7.0777997970581055,9.486085891723633,0.7952522039413452
Silence - Dataset 1.m4a,silence,125,0.0023275227285921574,0.03662109375,956.7116462887287,-556.0764770507812,164.73748779296875,-16.088172912597656,15.97203540802002,34.94773864746094,29.733871459960938,-0.8537577390670776,3.5232133865356445,2.1195826530456543,-10.097139358520508,13.924907684326172,15.197710037231445,0.26720955967903137
Silence - Dataset 1.m4a,silence,126,0.0023297108709812164,0.0419921875,929.1564871463229,-559.3031616210938,167.24746704101562,-13.785907745361328,17.497488021850586,30.92088508605957,27.999217987060547,-0.4059872627258301,2.132053852081299,-0.5656930208206177,-8.117498397827148,15.139570236206055,16.69953155517578,2.5905721187591553
Silence - Dataset 1.m4a,silence,127,0.0021173120476305485,0.0458984375,978.454437290813,-558.9303588867188,167.29916381835938,-16.97391700744629,15.37291145324707,29.064725875854492,28.028366088867188,4.155096054077148,-0.49438750743865967,-3.1128833293914795,-13.24950122833252,11.24439525604248,13.214218139648438,2.3707056045532227
Silence - Dataset 1.m4a,silence,128,0.0015906065236777067,0.060546875,1138.3438312197293,-559.2545166015625,164.9168243408203,-23.862024307250977,14.321077346801758,22.92470932006836,20.951309204101562,0.11601930856704712,0.8620818853378296,-3.358152389526367,-12.930469512939453,10.203847885131836,10.188825607299805,-0.29685187339782715
Silence - Dataset 1.m4a,silence,129,0.001374770887196064,0.064453125,1267.6697879407286,-563.3071899414062,159.85162353515625,-28.13198471069336,14.546147346496582,18.567359924316406,19.358409881591797,-1.11240816116333,2.857881546020508,-2.668445348739624,-10.000428199768066,8.989029884338379,12.264558792114258,0.4792981743812561
Silence - Dataset 1.m4a,silence,130,0.0013664399739354849,0.06201171875,1246.3644828321828,-562.4755249023438,159.74029541015625,-28.36098861694336,14.927430152893066,19.036373138427734,20.12798309326172,-3.3163766860961914,5.073510646820068,-0.35392987728118896,-10.620271682739258,11.949860572814941,12.343748092651367,0.008828453719615936
Silence - Dataset 1.m4a,silence,131,0.0015565356006845832,0.0537109375,1153.1286776989941,-560.5447998046875,160.7596893310547,-23.08301544189453,13.72065258026123,24.01700210571289,20.25178337097168,-1.3609980344772339,9.459251403808594,0.9540271162986755,-13.310525894165039,13.97018814086914,12.881851196289062,4.276351451873779
Silence - Dataset 1.m4a,silence,132,0.0016334778629243374,0.04296875,1070.6534512475585,-558.7407836914062,165.04071044921875,-17.912635803222656,15.572219848632812,25.745107650756836,19.66744613647461,-1.5640455484390259,4.60319185256958,-2.8233256340026855,-10.431072235107422,14.683771133422852,11.397024154663086,4.654726028442383
Silence - Dataset 1.m4a,silence,133,0.0018107298528775573,0.0380859375,1082.0373018176165,-559.3261108398438,163.06637573242188,-17.32424545288086,17.65868377685547,23.107967376708984,24.132442474365234,1.0831605195999146,-2.9809699058532715,-3.8954358100891113,-7.308683395385742,14.571271896362305,17.78939437866211,6.762872219085693
Silence - Dataset 1.m4a,silence,134,0.001985685434192419,0.03759765625,1078.254316976005,-556.987548828125,164.8330841064453,-20.944198608398438,16.158483505249023,20.857141494750977,24.73101806640625,4.866483688354492,-1.289382815361023,1.3042429685592651,-7.604869365692139,13.807127952575684,16.420583724975586,4.857309341430664
Silence - Dataset 1.m4a,silence,135,0.0018947399221360683,0.04052734375,995.1334345047002,-550.5159301757812,167.93890380859375,-21.475635528564453,17.83401107788086,24.865535736083984,27.261133193969727,5.8397417068481445,4.831850051879883,6.926365375518799,-8.013059616088867,10.12083625793457,11.169784545898438,2.0753774642944336
Silence - Dataset 1.m4a,silence,136,0.0018722484819591045,0.046875,1061.0200638145845,-553.9189453125,165.56129455566406,-23.73428726196289,17.316360473632812,28.537189483642578,32.85042953491211,2.7611300945281982,0.27563923597335815,4.72089958190918,-12.652414321899414,3.3857336044311523,8.721985816955566,3.7031283378601074
Silence - Dataset 1.m4a,silence,137,0.0017648003995418549,0.048828125,1156.217128389032,-558.309326171875,163.92306518554688,-21.68413543701172,15.289590835571289,26.541221618652344,32.08899688720703,-3.7288475036621094,-7.419644355773926,0.19190657138824463,-14.85767936706543,2.966722249984741,10.878662109375,2.404104232788086
Silence - Dataset 1.m4a,silence,138,0.001897798152640462,0.0458984375,1068.6508800264037,-559.6177978515625,166.64596557617188,-17.313796997070312,15.913259506225586,27.75286102294922,29.605432510375977,-1.1782708168029785,-0.8387987613677979,0.6660580039024353,-16.62118911743164,7.875,14.176445960998535,-0.20437732338905334
Silence - Dataset 1.m4a,silence,139,0.002005072543397546,0.04248046875,992.5788499557194,-558.8773803710938,163.29196166992188,-17.860721588134766,17.8612117767334,30.078166961669922,29.978282928466797,-0.1750013679265976,3.111534357070923,5.249988555908203,-11.181897163391113,9.769685745239258,18.756267547607422,2.852304458618164
Silence - Dataset 1.m4a,silence,140,0.0023207981139421463,0.03369140625,1008.1384165611863,-558.296630859375,160.2387237548828,-20.702484130859375,23.848236083984375,29.86265754699707,32.28852844238281,2.207353115081787,5.629914283752441,6.786529541015625,-7.966111183166504,9.215831756591797,15.555434226989746,0.397668719291687
Silence - Dataset 1.m4a,silence,141,0.00242220563814044,0.0322265625,991.2483413750684,-556.7117309570312,161.1929931640625,-21.935283660888672,25.76708984375,29.39548110961914,28.042922973632812,5.026913642883301,8.600850105285645,13.702134132385254,-7.3757171630859375,11.153295516967773,10.115803718566895,-2.689419984817505
Silence - Dataset 1.m4a,silence,142,0.0023368156980723143,0.03564453125,991.678917922203,-556.90283203125,166.26904296875,-21.64041519165039,19.402385711669922,26.73348617553711,27.522754669189453,9.623124122619629,10.545557022094727,11.119367599487305,-8.809659957885742,7.891010761260986,7.636187553405762,-4.658491134643555
Silence - Dataset 1.m4a,silence,143,0.0025902739726006985,0.03662109375,986.3818979857178,-553.9534301757812,170.1321258544922,-19.454925537109375,15.672486305236816,25.55805015563965,27.66302490234375,6.380791664123535,7.029953956604004,9.049759864807129,-7.969747543334961,6.471134185791016,10.435495376586914,-2.172708511352539
Silence - Dataset 1.m4a,silence,144,0.002341287676244974,0.04345703125,927.3634314518067,-548.0396728515625,171.38848876953125,-18.089248657226562,15.219808578491211,25.96813201904297,25.337902069091797,3.9782519340515137,4.686794281005859,5.385237693786621,-6.095470428466797,6.157554626464844,12.64853572845459,2.6583259105682373
Silence - Dataset 1.m4a,silence,145,0.002222389681264758,0.04443359375,1022.9476893221738,-552.6470336914062,168.54869079589844,-22.139848709106445,16.006431579589844,24.238994598388672,23.055118560791016,5.357345104217529,4.732359886169434,4.867018699645996,-5.332704067230225,5.87725305557251,8.377063751220703,3.364557981491089
Silence - Dataset 1.m4a,silence,146,0.0021095534320920706,0.0361328125,1086.4711108411586,-553.4368286132812,165.68374633789062,-19.65749168395996,19.181791305541992,22.97117042541504,23.72970962524414,2.6578168869018555,-2.171337604522705,4.911052703857422,-7.14183235168457,7.1814775466918945,12.799921035766602,7.155991077423096
Silence - Dataset 1.m4a,silence,147,0.0016915478045120835,0.03955078125,1060.8440525304495,-557.3975219726562,166.2489471435547,-17.166942596435547,21.35421371459961,24.62591552734375,28.365966796875,4.541614055633545,-3.4901657104492188,0.7897634506225586,-10.507070541381836,8.799230575561523,13.822596549987793,7.571279525756836
Silence - Dataset 1.m4a,silence,148,0.0020377410110086203,0.0322265625,1076.2308592097675,-560.3275756835938,164.59539794921875,-21.604419708251953,21.88056182861328,29.385528564453125,28.23548698425293,3.393355131149292,0.7199636697769165,4.6916399002075195,-9.845316886901855,3.765929698944092,7.311161041259766,3.1480610370635986
Silence - Dataset 1.m4a,silence,149,0.002440972486510873,0.029296875,974.3026254428844,-553.7846069335938,168.50375366210938,-19.74782943725586,23.29206657409668,27.729244232177734,30.81540870666504,6.72008752822876,0.4996403753757477,5.989558219909668,-10.520730972290039,7.859107971191406,5.710366725921631,3.2705869674682617
Silence - Dataset 1.m4a,silence,150,0.0028024818748235703,0.029296875,886.6200591443403,-551.7255859375,165.6368408203125,-14.211984634399414,26.284900665283203,27.545576095581055,32.4024772644043,6.79094123840332,0.9132370352745056,5.277251720428467,-7.631855010986328,6.029466152191162,8.385709762573242,3.287898063659668
Silence - Dataset 1.m4a,silence,151,0.003045826219022274,0.0224609375,910.449392638031,-555.01171875,165.47625732421875,-15.660446166992188,23.814960479736328,25.97071075439453,32.8100700378418,4.066534042358398,1.3143532276153564,0.9837315678596497,-5.192515850067139,3.9532110691070557,9.544557571411133,5.522524833679199
Silence - Dataset 1.m4a,silence,152,0.0029719069134444,0.0205078125,895.6167895067986,-555.3142700195312,168.77243041992188,-18.149276733398438,21.640594482421875,22.848726272583008,31.61272430419922,5.817100524902344,6.465936660766602,3.0680527687072754,-8.433134078979492,2.8484549522399902,10.39775276184082,8.452284812927246
Silence - Dataset 1.m4a,silence,153,0.0026004971005022526,0.025390625,951.0329672207617,-557.994873046875,171.19764709472656,-16.583751678466797,17.266605377197266,21.64314079284668,27.02229881286621,10.359184265136719,5.368320465087891,5.55047607421875,-13.558012008666992,3.423830509185791,12.562162399291992,7.243720054626465
Silence - Dataset 1.m4a,silence,154,0.0020489657763391733,0.03759765625,1020.5475944817324,-559.7311401367188,171.88156127929688,-17.376853942871094,11.067752838134766,20.896080017089844,25.602855682373047,8.248961448669434,0.19178318977355957,5.547593116760254,-9.946257591247559,4.682480812072754,11.81969165802002,2.4781949520111084
Silence - Dataset 1.m4a,silence,155,0.0016490024281665683,0.044921875,1180.8390916004228,-565.9846801757812,165.70156860351562,-19.64606475830078,9.537795066833496,20.032175064086914,25.32684326171875,-0.7551169395446777,-4.657766819000244,5.359223365783691,-7.339672088623047,1.293900728225708,12.472580909729004,3.953125238418579
Silence - Dataset 1.m4a,silence,156,0.001324306009337306,0.056640625,1145.140770439365,-566.7178344726562,164.99212646484375,-20.943401336669922,11.597553253173828,22.54301643371582,22.109617233276367,-1.581099033355713,-2.163325786590576,6.9693169593811035,-7.995870590209961,0.9553815126419067,9.016590118408203,6.231404781341553
Silence - Dataset 1.m4a,silence,157,0.0014913605991750956,0.0537109375,1162.2095869201376,-565.6873779296875,163.9384765625,-22.560550689697266,10.691593170166016,23.557689666748047,25.381772994995117,-1.709472894668579,-5.777019500732422,3.1407814025878906,-7.961320877075195,2.0921454429626465,9.797066688537598,6.726832389831543
Silence - Dataset 1.m4a,silence,158,0.0017607389017939568,0.0498046875,1024.6191789502286,-558.7023315429688,170.20216369628906,-18.37054443359375,14.41039752960205,24.65233612060547,26.170516967773438,-1.4537619352340698,-0.037840962409973145,0.7017965316772461,-10.860368728637695,1.2477788925170898,9.55406379699707,4.092231750488281
Silence - Dataset 1.m4a,silence,159,0.001783909392543137,0.05322265625,959.0068309052817,-553.5134887695312,174.97096252441406,-15.30192756652832,14.839820861816406,22.804176330566406,26.66320037841797,0.675082802772522,6.091972351074219,3.431185483932495,-7.803156852722168,3.3990259170532227,7.240418434143066,-0.8620298504829407
Silence - Dataset 1.m4a,silence,160,0.0017781759379431605,0.0478515625,1037.792371786167,-555.0576171875,174.02284240722656,-19.7450008392334,10.892204284667969,21.618743896484375,24.86387825012207,4.113096714019775,1.3082926273345947,1.621759057044983,-12.817338943481445,1.867293119430542,6.388156890869141,1.4070394039154053
Silence - Dataset 1.m4a,silence,161,0.0018272751476615667,0.04443359375,1111.8431404608646,-563.1513061523438,168.5299072265625,-21.263338088989258,10.669502258300781,21.229494094848633,21.744340896606445,3.9949965476989746,1.3286579847335815,2.5443882942199707,-15.173236846923828,1.5673431158065796,8.665002822875977,1.5646520853042603
Silence - Dataset 1.m4a,silence,162,0.001972012687474489,0.04150390625,1123.115980511904,-566.2910766601562,164.64013671875,-21.05040740966797,11.828590393066406,24.192264556884766,23.883338928222656,1.0877768993377686,-0.8473653793334961,5.880751132965088,-7.448931694030762,6.06591796875,16.175539016723633,3.690040111541748
Silence - Dataset 1.m4a,silence,163,0.001980875851586461,0.0361328125,1019.2694248922273,-563.2113647460938,164.96775817871094,-18.70165252685547,12.476995468139648,26.3118896484375,28.086584091186523,5.093647003173828,1.6299711465835571,6.536489486694336,-8.447640419006348,10.161361694335938,19.547391891479492,4.167236804962158
Silence - Dataset 1.m4a,silence,164,0.0019900379702448845,0.03955078125,941.9779928633928,-564.8532104492188,169.45608520507812,-16.341148376464844,10.503826141357422,26.16728973388672,29.1319580078125,8.623031616210938,3.058300256729126,8.585484504699707,-10.990923881530762,9.95132827758789,14.301841735839844,3.271228075027466
Silence - Dataset 1.m4a,silence,165,0.0017677271971479058,0.0517578125,1041.804272862037,-572.075927734375,170.22470092773438,-19.205509185791016,11.215034484863281,28.7106990814209,32.703895568847656,0.39682528376579285,-0.6661527752876282,4.157468795776367,-12.472238540649414,3.542022466659546,12.249149322509766,2.0846292972564697
Silence - Dataset 1.m4a,silence,166,0.0013491593999788165,0.0546875,1167.0716269908585,-573.7894287109375,165.88572692871094,-19.32399559020996,5.458499908447266,22.796127319335938,33.269832611083984,-5.6239519119262695,-1.2007503509521484,1.174828052520752,-12.030204772949219,2.7366104125976562,10.827024459838867,3.9152207374572754
Silence - Dataset 1.m4a,silence,167,0.0012666764669120312,0.0556640625,1220.6709920429985,-575.9353637695312,162.4622802734375,-19.555587768554688,4.532719135284424,23.510995864868164,33.25768280029297,-5.019984245300293,-1.6194108724594116,0.17868542671203613,-15.104093551635742,0.21111539006233215,4.802935600280762,3.4808707237243652
Silence - Dataset 1.m4a,silence,168,0.0013745612232014537,0.048828125,1150.3527671209579,-569.1441650390625,165.106689453125,-16.20020294189453,7.849828720092773,23.361461639404297,28.586933135986328,2.137355327606201,-4.323537826538086,-0.29340988397598267,-10.964810371398926,2.711306095123291,4.767124176025391,0.8603237867355347
Silence - Dataset 1.m4a,silence,169,0.001516068121418357,0.04541015625,1081.0528147671757,-566.026123046875,167.07748413085938,-16.1550235748291,10.1707124710083,26.255054473876953,21.469600677490234,4.582184791564941,1.3135210275650024,4.165399551391602,-8.412674903869629,11.185630798339844,13.447633743286133,3.028177499771118
Silence - Dataset 1.m4a,silence,170,0.0017051681643351912,0.04150390625,1030.2010461568684,-564.6666259765625,169.6166229248047,-14.061351776123047,10.367321968078613,26.250072479248047,21.66015625,0.7139315605163574,3.4744131565093994,3.0733368396759033,-9.296135902404785,12.22693157196045,12.328495025634766,3.0441408157348633
Silence - Dataset 1.m4a,silence,171,0.001714735641144216,0.04296875,1033.6068642751325,-563.1795654296875,169.042236328125,-16.050445556640625,10.209392547607422,25.429916381835938,26.812129974365234,3.1665594577789307,0.7650717496871948,0.5406672954559326,-9.959466934204102,9.044156074523926,9.173229217529297,2.8843469619750977
Silence - Dataset 1.m4a,silence,172,0.001741795102134347,0.04345703125,1056.7351149730453,-569.8792724609375,168.9394989013672,-13.167216300964355,8.685445785522461,20.670242309570312,28.486757278442383,1.5884501934051514,-1.4206023216247559,1.1030875444412231,-8.279484748840332,10.003119468688965,7.308003902435303,3.6037135124206543
Silence - Dataset 1.m4a,silence,173,0.0018052395898848772,0.0419921875,1034.6958082066133,-573.2403564453125,168.65658569335938,-10.808469772338867,5.48313045501709,21.73430633544922,29.561325073242188,1.8522976636886597,6.780127048492432,7.9500412940979,-7.335107803344727,6.8098554611206055,6.1158318519592285,1.098135232925415
Silence - Dataset 1.m4a,silence,174,0.0017893478507176042,0.04296875,1041.1971776605849,-575.3950805664062,164.51815795898438,-17.576257705688477,6.049295425415039,28.46173095703125,32.1031494140625,6.138857364654541,12.795974731445312,10.439538955688477,-7.63585090637207,9.106164932250977,11.714406967163086,2.919583797454834
Silence - Dataset 1.m4a,silence,175,0.0021336283534765244,0.0380859375,1037.6320685052815,-574.0684814453125,164.5108642578125,-17.92611312866211,8.233845710754395,31.52564239501953,32.50201416015625,5.623906135559082,5.828856468200684,7.324345588684082,-7.479325771331787,12.389350891113281,9.873857498168945,3.70660138130188
Silence - Dataset 1.m4a,silence,176,0.002099253935739398,0.0419921875,905.9009704859051,-563.5587768554688,176.09710693359375,-11.083728790283203,6.1699981689453125,26.75490951538086,27.836139678955078,3.139411687850952,5.628694534301758,9.336631774902344,-7.754985809326172,11.813460350036621,10.41181468963623,1.3012199401855469
Silence - Dataset 1.m4a,silence,177,0.002121705561876297,0.0400390625,947.2035720551021,-564.6754150390625,175.29562377929688,-11.813331604003906,6.803328990936279,26.006752014160156,26.32330322265625,-1.9736130237579346,2.7934861183166504,2.8270466327667236,-9.941082000732422,10.504931449890137,10.37460994720459,0.6836353540420532
Silence - Dataset 1.m4a,silence,178,0.0023435496259480715,0.03466796875,1039.2772234723188,-570.8751831054688,169.72882080078125,-12.581772804260254,7.211419582366943,22.447223663330078,22.537403106689453,-4.022396087646484,-1.5279109477996826,-1.0324090719223022,-12.35680866241455,12.890434265136719,12.055057525634766,2.19632625579834
Silence - Dataset 1.m4a,silence,179,0.002293457742780447,0.03515625,946.1120395691294,-567.567138671875,168.80416870117188,-10.000717163085938,10.486610412597656,25.66948890686035,24.823150634765625,-2.1777431964874268,-0.022351354360580444,0.9821511507034302,-12.14575481414795,10.443264961242676,17.513347625732422,7.93790340423584
Silence - Dataset 1.m4a,silence,180,0.0025988167617470026,0.02783203125,902.5102617764516,-563.4907836914062,171.967041015625,-9.63264274597168,11.870662689208984,28.109758377075195,23.405323028564453,1.4995940923690796,4.818592548370361,3.020920753479004,-11.072063446044922,8.06230354309082,17.03180694580078,1.9551767110824585
Silence - Dataset 1.m4a,silence,181,0.002686272608116269,0.0244140625,912.7408523508982,-561.3292846679688,173.02769470214844,-10.960860252380371,7.6701250076293945,26.889541625976562,23.81920623779297,-1.0900959968566895,5.2429118156433105,1.7075241804122925,-9.808676719665527,9.82148551940918,16.41357421875,1.3661882877349854
Silence - Dataset 1.m4a,silence,182,0.0025892527773976326,0.02783203125,908.542540741537,-563.90380859375,175.42880249023438,-12.478002548217773,4.4234747886657715,26.210147857666016,27.86776351928711,0.7713820338249207,3.433637857437134,7.1381354331970215,-7.189501762390137,8.803645133972168,15.144403457641602,3.660238742828369
Silence - Dataset 1.m4a,silence,183,0.0023252288810908794,0.03759765625,916.9132245628067,-560.3684692382812,177.61073303222656,-10.893521308898926,4.515463829040527,24.897159576416016,26.1036376953125,3.2064404487609863,-0.2254033088684082,4.499458312988281,-6.364213466644287,10.499176979064941,14.296064376831055,2.928886890411377
Silence - Dataset 1.m4a,silence,184,0.0019285089801996946,0.04638671875,1019.4383014030797,-565.8231201171875,175.08929443359375,-15.707286834716797,6.412362098693848,24.419368743896484,22.969650268554688,-3.2212023735046387,-2.767118453979492,4.683327674865723,-3.190016746520996,9.472579002380371,12.132966041564941,-0.9084935188293457
Silence - Dataset 1.m4a,silence,185,0.0016332358354702592,0.05712890625,1098.6774956562347,-576.8302001953125,170.4647979736328,-18.85052490234375,6.888736724853516,24.773483276367188,25.902992248535156,-2.228437900543213,-1.421851396560669,4.998751640319824,-12.837117195129395,4.2370500564575195,6.803071022033691,-0.3936508595943451
Silence - Dataset 1.m4a,silence,186,0.001380045898258686,0.06201171875,1098.8629338380413,-578.7822265625,167.764404296875,-19.795059204101562,11.475212097167969,25.329856872558594,25.85617446899414,-2.811422824859619,-1.952170968055725,5.061478614807129,-16.329328536987305,6.867945671081543,5.353143692016602,5.049133777618408
Silence - Dataset 1.m4a,silence,187,0.0016455664299428463,0.0537109375,1126.4018377260418,-572.9055786132812,166.92965698242188,-20.74429702758789,5.516256332397461,21.448104858398438,31.327457427978516,-1.4779009819030762,1.8254055976867676,6.572666168212891,-11.016672134399414,6.747878074645996,7.348787784576416,5.362008571624756
Silence - Dataset 1.m4a,silence,188,0.0019300550920888782,0.04736328125,1060.8825425617636,-571.1859741210938,164.99008178710938,-16.142797470092773,-0.1186683177947998,16.02589225769043,37.018028259277344,9.02672290802002,8.172528266906738,10.791057586669922,-5.901638507843018,8.751306533813477,9.064303398132324,2.2410268783569336
Silence - Dataset 1.m4a,silence,189,0.001955512212589383,0.0478515625,939.0934868252559,-564.9971923828125,171.7222442626953,-10.23857307434082,3.749114513397217,18.07459259033203,35.01598358154297,7.844116687774658,7.176403045654297,11.022932052612305,-11.149762153625488,6.959122180938721,7.258434295654297,4.761771202087402
Silence - Dataset 1.m4a,silence,190,0.0019388010259717703,0.044921875,984.3295247619637,-568.2728881835938,170.04928588867188,-8.475639343261719,9.189671516418457,22.295921325683594,33.5491828918457,1.7440705299377441,3.133053779602051,9.956748962402344,-12.070510864257812,8.087667465209961,7.873497009277344,5.130436420440674
Silence - Dataset 1.m4a,silence,191,0.0019770991057157516,0.0390625,1110.7957699678655,-566.767822265625,162.24884033203125,-12.076144218444824,13.53402042388916,20.610881805419922,30.228492736816406,-3.026155471801758,0.20300084352493286,1.9669142961502075,-11.642999649047852,8.969144821166992,6.2928571701049805,0.22699445486068726
Silence - Dataset 1.m4a,silence,192,0.0017471115570515394,0.0439453125,1061.0358088592432,-561.147216796875,161.47146606445312,-11.496877670288086,17.800411224365234,21.089256286621094,30.83138656616211,-2.2142813205718994,4.026288032531738,1.8718891143798828,-12.382579803466797,7.940509796142578,9.735723495483398,3.1664633750915527
Silence - Dataset 1.m4a,silence,193,0.0017603025771677494,0.0390625,1053.5976572078027,-560.3081665039062,158.29310607910156,-12.524785995483398,19.184825897216797,26.287015914916992,29.034896850585938,-0.3420206904411316,4.108085632324219,1.0332238674163818,-12.329265594482422,8.990665435791016,9.709787368774414,7.317257881164551
Silence - Dataset 1.m4a,silence,194,0.0016989463474601507,0.03955078125,1113.2253562136505,-561.828857421875,160.3446044921875,-12.358495712280273,11.818768501281738,18.689748764038086,30.351404190063477,5.500726222991943,2.8762972354888916,-1.2375130653381348,-12.208732604980469,8.356369018554688,0.6499771475791931,4.196308135986328
Silence - Dataset 1.m4a,silence,195,0.0014760831836611032,0.05078125,1206.3714542939786,-567.0732421875,153.0546112060547,-11.68171501159668,8.166131973266602,18.155168533325195,33.566307067871094,6.79255485534668,3.2100119590759277,-6.215511322021484,-11.637072563171387,4.767875671386719,1.789062261581421,6.715277671813965
Silence - Dataset 1.m4a,silence,196,0.0013689586194232106,0.0546875,1243.6290150713298,-559.85107421875,156.38623046875,-12.907112121582031,6.969507217407227,18.164173126220703,27.063953399658203,-2.826862335205078,4.985523223876953,-2.390007972717285,-9.99069595336914,3.490915298461914,5.5727691650390625,4.668515205383301
Silence - Dataset 1.m4a,silence,197,0.0012744490522891283,0.06298828125,1182.0974776870253,-556.4812622070312,160.45437622070312,-12.323789596557617,6.028071403503418,19.708301544189453,25.126800537109375,0.5172327756881714,2.3611443042755127,-2.6543643474578857,-13.124070167541504,4.238767147064209,8.860326766967773,3.5947835445404053
Silence - Dataset 1.m4a,silence,198,0.0014009415172040462,0.0634765625,1281.4788714109657,-561.7520751953125,152.3694305419922,-11.270720481872559,4.2754621505737305,19.035778045654297,23.70646858215332,1.3530807495117188,3.874943733215332,-4.68636417388916,-9.681676864624023,2.079216957092285,8.047165870666504,1.4154953956604004
Silence - Dataset 1.m4a,silence,199,0.0015078235883265734,0.0576171875,1245.2555665380637,-559.179443359375,149.1605224609375,-9.32569694519043,7.0189619064331055,15.922110557556152,26.079187393188477,2.0952117443084717,9.555107116699219,0.34686994552612305,-1.994058609008789,2.4740490913391113,7.372252464294434,1.3817458152770996
Silence - Dataset 1.m4a,silence,200,0.0015233991434797645,0.05419921875,1128.1518087678596,-555.8820190429688,158.8565216064453,-6.17210578918457,12.541677474975586,15.511281967163086,26.556245803833008,2.2464118003845215,4.052608489990234,-2.309764862060547,-7.745370864868164,3.559413433074951,8.200532913208008,4.948920249938965
Silence - Dataset 1.m4a,silence,201,0.0016102538211271167,0.04638671875,1127.3870215668846,-557.0201416015625,162.34625244140625,-13.51446533203125,14.231124877929688,20.108928680419922,28.4013671875,1.420836329460144,4.813287734985352,-3.473226308822632,-7.649476051330566,3.8638768196105957,7.507225036621094,2.5825185775756836
Silence - Dataset 1.m4a,silence,202,0.0016091307625174522,0.0458984375,1113.143557116823,-557.8359375,166.32064819335938,-15.504033088684082,7.672155380249023,18.38923454284668,28.466136932373047,-1.603054404258728,4.479869842529297,-5.244457721710205,-9.731109619140625,5.7195725440979,10.196379661560059,3.647806167602539
Silence - Dataset 1.m4a,silence,203,0.002304098568856716,0.03955078125,1040.0953774726745,-558.2214965820312,165.0748291015625,-12.584868431091309,9.035078048706055,21.643016815185547,30.6561222076416,2.455765962600708,5.97769021987915,-3.0395267009735107,-8.204020500183105,6.970616340637207,11.496284484863281,7.443387508392334
Silence - Dataset 1.m4a,silence,204,0.0027821152471005917,0.0302734375,902.1478385944102,-552.1602783203125,166.2345428466797,-10.410764694213867,12.01286792755127,25.146404266357422,31.24040985107422,10.125889778137207,13.270669937133789,1.4246702194213867,-8.575315475463867,7.629951000213623,11.05811595916748,6.41976261138916
Silence - Dataset 1.m4a,silence,205,0.003117075189948082,0.02197265625,900.3531266047675,-546.576416015625,168.0066375732422,-9.814068794250488,11.083297729492188,27.23712921142578,30.728801727294922,9.461420059204102,11.364784240722656,2.1670665740966797,-9.498271942138672,7.663238048553467,13.246931076049805,8.848209381103516
Silence - Dataset 1.m4a,silence,206,0.0033388701267540455,0.01953125,892.8711229397127,-550.0436401367188,167.47616577148438,-10.541583061218262,13.681376457214355,31.941144943237305,35.84959411621094,6.298117637634277,6.550936698913574,-1.279961109161377,-10.225186347961426,5.1030120849609375,15.37628173828125,12.27065372467041
Silence - Dataset 1.m4a,silence,207,0.0030804728157818317,0.02001953125,869.278569251346,-553.8182373046875,171.13284301757812,-13.125585556030273,14.469261169433594,31.052213668823242,37.37131118774414,8.996024131774902,6.281964302062988,-1.6214978694915771,-10.815437316894531,5.0236711502075195,12.35390853881836,8.353477478027344
Silence - Dataset 1.m4a,silence,208,0.002867818344384432,0.0244140625,908.0744059205174,-560.2440185546875,169.42333984375,-16.785995483398438,10.646492004394531,27.7800235748291,33.700721740722656,14.238630294799805,7.497101783752441,0.833614706993103,-9.747244834899902,11.191153526306152,15.233341217041016,3.2737529277801514
Silence - Dataset 1.m4a,silence,209,0.0027173729613423347,0.02734375,945.769057184908,-561.2413940429688,170.33108520507812,-17.110673904418945,8.19191837310791,24.69992446899414,32.554603576660156,10.32494068145752,4.268610954284668,0.39678800106048584,-8.29645824432373,9.074448585510254,12.286888122558594,3.8438429832458496
Silence - Dataset 1.m4a,silence,210,0.0023870295844972134,0.0302734375,874.7966376081238,-562.7223510742188,172.697998046875,-13.067227363586426,7.550712585449219,26.512916564941406,34.259666442871094,7.3410258293151855,8.89084243774414,0.2723163664340973,-6.931037902832031,5.460495948791504,4.845962047576904,1.621830940246582
Silence - Dataset 1.m4a,silence,211,0.0020595774985849857,0.04052734375,965.4716109803545,-570.347412109375,172.88192749023438,-14.919029235839844,3.069925546646118,21.321014404296875,31.75870132446289,4.24761962890625,11.021503448486328,1.4798827171325684,-3.4875502586364746,3.185537338256836,3.9535388946533203,2.3451833724975586
Silence - Dataset 1.m4a,silence,212,0.001798944897018373,0.04345703125,1103.4576781067713,-576.9403686523438,167.8452606201172,-15.215770721435547,0.12162372469902039,20.872783660888672,27.6601505279541,2.894913673400879,1.3364229202270508,-0.9365421533584595,-2.9290835857391357,8.401233673095703,8.73874282836914,6.218695640563965
Silence - Dataset 1.m4a,silence,213,0.0016475283773615956,0.04638671875,1038.3732053818098,-570.310546875,170.49285888671875,-12.43838882446289,0.3088145852088928,23.898643493652344,28.870849609375,3.594651222229004,3.0337371826171875,-0.12831181287765503,-5.436113357543945,9.490618705749512,9.594026565551758,6.208757400512695
Silence - Dataset 1.m4a,silence,214,0.001607680693268776,0.0380859375,1029.4260235659167,-560.1556396484375,168.583251953125,-6.057705402374268,1.0434718132019043,25.45578384399414,28.081758499145508,2.8898377418518066,4.8866119384765625,0.9487357139587402,-6.385232925415039,6.24965238571167,13.766082763671875,3.133871555328369
Silence - Dataset 1.m4a,silence,215,0.001454410026781261,0.0234375,1056.417850851943,-560.7868041992188,163.4240264892578,-1.5941534042358398,1.979424238204956,27.855382919311523,26.713830947875977,6.042019844055176,-1.3889200687408447,-6.138206481933594,-3.0093233585357666,7.765877723693848,15.139711380004883,2.254934787750244
Silence - Dataset 2.m4a,silence,0,0.0003965432697441429,0.07763671875,1923.474182131122,-757.7101440429688,45.84988021850586,30.350650787353516,18.178508758544922,8.950837135314941,-1.0495768785476685,-6.90280294418335,-3.5530731678009033,2.4720253944396973,2.2721645832061768,-1.5892099142074585,-1.828927755355835,-0.02720332145690918
Silence - Dataset 2.m4a,silence,1,0.0011923223501071334,0.08056640625,1346.168994413687,-635.9440307617188,125.3465576171875,13.451469421386719,21.977481842041016,34.511131286621094,12.628063201904297,-5.9643096923828125,0.11158157885074615,6.246623516082764,1.1274869441986084,3.016840934753418,3.0172200202941895,-1.4753978252410889
Silence - Dataset 2.m4a,silence,2,0.0018968534423038363,0.08447265625,1001.7575262232006,-594.0722045898438,143.97860717773438,5.535005569458008,26.61001968383789,47.656593322753906,21.985336303710938,-0.4327050447463989,3.1315038204193115,-0.2305830717086792,-3.279209852218628,5.118515968322754,5.279754161834717,2.9413352012634277
Silence - Dataset 2.m4a,silence,3,0.0021508634090423584,0.06396484375,842.169797245658,-590.8455810546875,152.15505981445312,0.8956076502799988,24.35952377319336,56.580101013183594,22.52802085876465,0.0026023387908935547,7.145483016967773,-2.4253337383270264,-4.358993053436279,5.040004730224609,6.422327995300293,9.734294891357422
Silence - Dataset 2.m4a,silence,4,0.002338576130568981,0.01416015625,819.619387498647,-587.959716796875,159.5605010986328,0.8883025646209717,23.005388259887695,56.687530517578125,18.547901153564453,-0.6385784149169922,4.659795761108398,-2.908876657485962,-5.100621700286865,2.311724901199341,6.59807014465332,7.954178810119629
Silence - Dataset 2.m4a,silence,5,0.0023825468961149454,0.01708984375,915.392989886391,-591.876953125,158.53848266601562,0.5633392930030823,18.59554672241211,53.698524475097656,16.664527893066406,-3.046513557434082,1.4712916612625122,-5.626112937927246,-5.813623428344727,3.883272171020508,9.504205703735352,6.364010334014893
Silence - Dataset 2.m4a,silence,6,0.0022994494065642357,0.01708984375,833.1365199536964,-594.0524291992188,160.53900146484375,5.949854850769043,22.173288345336914,58.34220886230469,19.161415100097656,-4.916288375854492,-0.3523035943508148,-4.718852519989014,-4.4083571434021,5.601254463195801,9.751988410949707,3.57565975189209
Silence - Dataset 2.m4a,silence,7,0.0028019428718835115,0.0146484375,706.5057895427266,-586.86669921875,167.59744262695312,12.431429862976074,28.901187896728516,58.946922302246094,18.495330810546875,-3.697094678878784,1.5706732273101807,-3.3246889114379883,-6.17686653137207,3.7741339206695557,9.899642944335938,0.5885633230209351
Silence - Dataset 2.m4a,silence,8,0.0027618880849331617,0.021484375,669.0610968848247,-585.3065795898438,166.9814453125,14.696096420288086,31.018468856811523,56.18134689331055,18.18912696838379,-5.113256454467773,-1.0343832969665527,-2.3712620735168457,-9.854235649108887,-0.02132280170917511,11.010750770568848,3.6448545455932617
Silence - Dataset 2.m4a,silence,9,0.003009931882843375,0.01806640625,693.13388597669,-592.7401733398438,164.6035614013672,17.763355255126953,31.439456939697266,57.856300354003906,17.763111114501953,-8.860761642456055,-1.5765563249588013,-2.572927713394165,-11.718666076660156,-0.368023544549942,13.141468048095703,6.4268035888671875
Silence - Dataset 2.m4a,silence,10,0.0029870762955397367,0.01708984375,724.9495001058324,-592.2595825195312,163.78073120117188,15.608804702758789,29.43800926208496,58.09933853149414,18.85553741455078,-8.606632232666016,-3.0656919479370117,-5.588012218475342,-12.12804889678955,-2.054457187652588,13.618965148925781,9.59955883026123
Silence - Dataset 2.m4a,silence,11,0.0024882887955754995,0.021484375,706.7234887233146,-591.3416137695312,165.90814208984375,14.415700912475586,25.697193145751953,56.28684616088867,18.42313575744629,-8.091790199279785,-1.6176981925964355,-3.45737361907959,-8.588232040405273,0.08461380004882812,11.067336082458496,8.689876556396484
Silence - Dataset 2.m4a,silence,12,0.0024689503479748964,0.01806640625,804.2390878857417,-595.818603515625,161.41409301757812,11.389150619506836,22.65821647644043,54.397674560546875,15.627903938293457,-12.302878379821777,-4.91729211807251,-2.7354342937469482,-3.4425883293151855,4.82301139831543,9.27918529510498,5.388413906097412
Silence - Dataset 2.m4a,silence,13,0.0020428334828466177,0.01953125,839.1470120315893,-601.2173461914062,160.193603515625,14.481396675109863,22.37757682800293,50.60669708251953,13.046361923217773,-11.175531387329102,-5.088939189910889,-5.189321041107178,-6.846019268035889,-1.845410704612732,2.8728578090667725,3.8857288360595703
Silence - Dataset 2.m4a,silence,14,0.00177662237547338,0.0224609375,794.0286994448392,-601.3656005859375,161.1888427734375,18.314682006835938,24.538440704345703,48.571895599365234,12.790687561035156,-11.256807327270508,-9.291967391967773,-8.172842979431152,-5.9528703689575195,-1.1676313877105713,0.7125460505485535,0.3058467507362366
Silence - Dataset 2.m4a,silence,15,0.001790161244571209,0.0234375,811.7385403345565,-607.3057250976562,154.62335205078125,16.928260803222656,28.3333740234375,57.03063201904297,21.51835823059082,-11.775018692016602,-12.816888809204102,-3.8265390396118164,-1.2322378158569336,0.17017632722854614,3.164741277694702,0.9511278867721558
Silence - Dataset 2.m4a,silence,16,0.001827765954658389,0.02099609375,825.0765331186407,-613.73388671875,149.23265075683594,16.745800018310547,29.68442153930664,60.80001449584961,28.63251304626465,-5.318881988525391,-8.420354843139648,-2.731265068054199,-6.1424970626831055,-3.106518268585205,6.3045125007629395,2.5225987434387207
Silence - Dataset 2.m4a,silence,17,0.001808171276934445,0.0224609375,785.2265265570162,-613.4661254882812,149.5321044921875,18.205005645751953,27.81098747253418,58.82244110107422,34.795684814453125,3.0040535926818848,-7.408486366271973,-4.797048568725586,-6.965806007385254,-3.1238982677459717,6.3180108070373535,1.2278962135314941
Silence - Dataset 2.m4a,silence,18,0.002058029640465975,0.01953125,783.7393367040715,-616.12060546875,151.3090057373047,22.013957977294922,27.650651931762695,53.492706298828125,27.048446655273438,1.0525104999542236,-5.6719489097595215,-4.3336615562438965,-3.6894094944000244,-1.2703218460083008,7.698624134063721,5.813809394836426
Silence - Dataset 2.m4a,silence,19,0.0023806968238204718,0.01513671875,792.8184610410788,-614.363037109375,149.80682373046875,21.04013442993164,30.754880905151367,52.72883224487305,20.05647850036621,-5.44270133972168,-5.231908798217773,0.30573511123657227,1.0852866172790527,2.6421592235565186,8.235514640808105,7.12081241607666
Silence - Dataset 2.m4a,silence,20,0.00262717017903924,0.0126953125,703.9831084313039,-608.1492919921875,155.10372924804688,26.137821197509766,36.317291259765625,55.68464660644531,17.163360595703125,-10.23609447479248,-6.061039924621582,3.753167152404785,3.1753506660461426,2.9320950508117676,6.374835014343262,6.229237079620361
Silence - Dataset 2.m4a,silence,21,0.002680670004338026,0.0107421875,664.5288554342395,-609.2396850585938,156.85531616210938,29.24520492553711,36.56861114501953,53.46904754638672,15.568208694458008,-8.30417251586914,-0.1289975643157959,5.964964866638184,2.225745916366577,0.6993355751037598,2.379434823989868,4.7919111251831055
Silence - Dataset 2.m4a,silence,22,0.0024263819213956594,0.01220703125,681.9469121152605,-613.537841796875,158.0082244873047,33.2238655090332,35.612159729003906,48.6796875,9.909008026123047,-7.491611003875732,2.3902173042297363,1.8776099681854248,-0.500499963760376,2.72226881980896,5.029909610748291,6.161673069000244
Silence - Dataset 2.m4a,silence,23,0.0020598811097443104,0.017578125,771.2388834362932,-618.1318969726562,153.73611450195312,29.142169952392578,31.223636627197266,50.831783294677734,14.786158561706543,-10.39745044708252,-1.902012825012207,3.360258102416992,-0.09524591267108917,2.5725693702697754,9.607198715209961,8.212018966674805
Silence - Dataset 2.m4a,silence,24,0.0015994585119187832,0.01953125,873.558529441649,-619.8538208007812,150.6123046875,25.497177124023438,25.099916458129883,50.652854919433594,19.49529457092285,-8.906140327453613,-5.497770309448242,1.071105718612671,-5.607975959777832,-0.8549606800079346,11.818611145019531,9.447561264038086
Silence - Dataset 2.m4a,silence,25,0.0012973231496289372,0.0244140625,891.8400133872801,-620.286865234375,149.41363525390625,26.78651237487793,23.301603317260742,45.711082458496094,22.902896881103516,-3.8220553398132324,-6.499191761016846,-2.797339916229248,-5.559433937072754,0.5814023017883301,12.80196762084961,9.838716506958008
Silence - Dataset 2.m4a,silence,26,0.0013319477438926697,0.02734375,1105.4829216290664,-616.6661376953125,135.86212158203125,12.629142761230469,27.13411521911621,45.88002395629883,24.18604278564453,0.033535659313201904,-6.130170822143555,-2.2125418186187744,-2.680626153945923,2.8580384254455566,10.883832931518555,7.34062385559082
Silence - Dataset 2.m4a,silence,27,0.0012303371913731098,0.02490234375,1171.2727395458933,-613.5730590820312,131.876953125,11.815366744995117,29.57125473022461,49.19781494140625,20.086917877197266,1.772794485092163,-3.333979368209839,-7.929575443267822,-7.992401599884033,-4.624927043914795,3.6724750995635986,-0.016338765621185303
Silence - Dataset 2.m4a,silence,28,0.0013239927357062697,0.025390625,1135.8259515731543,-613.5421142578125,132.61978149414062,18.143110275268555,31.225311279296875,53.447853088378906,18.392242431640625,2.4233148097991943,-2.4720113277435303,-13.931709289550781,-3.981581449508667,-4.485427379608154,0.7220867276191711,-1.7917133569717407
Silence - Dataset 2.m4a,silence,29,0.0013735428219661117,0.02490234375,990.6860692570317,-612.9342651367188,137.55929565429688,21.358261108398438,31.273727416992188,50.8348388671875,23.662500381469727,5.059084892272949,-1.216376781463623,-10.236924171447754,-0.517875611782074,2.0688986778259277,1.4062986373901367,3.4408926963806152
Silence - Dataset 2.m4a,silence,30,0.0014671891694888473,0.0244140625,995.0926939008457,-616.6401977539062,140.1425018310547,22.31732940673828,28.109909057617188,51.915855407714844,26.902660369873047,1.7925050258636475,-4.009357929229736,-7.6971306800842285,-2.357786178588867,-0.09015780687332153,-0.010138630867004395,-0.48902446031570435
Silence - Dataset 2.m4a,silence,31,0.0014444435946643353,0.02685546875,1034.1980037431094,-608.75244140625,141.54180908203125,24.373807907104492,27.60365867614746,49.68230438232422,16.541545867919922,-4.610630035400391,-10.159192085266113,-10.628774642944336,-7.215750217437744,-5.07618522644043,-4.434700012207031,-9.799897193908691
Silence - Dataset 2.m4a,silence,32,0.0013179421657696366,0.03369140625,1119.0304191738157,-601.4775390625,140.90069580078125,20.491348266601562,26.70669937133789,44.80048370361328,10.17786693572998,-6.507184028625488,-12.958492279052734,-9.789300918579102,-5.827091217041016,-3.5531129837036133,0.42155921459198,-3.936915397644043
Silence - Dataset 2.m4a,silence,33,0.0019930528942495584,0.0283203125,1185.3375428077015,-604.8023681640625,137.39405822753906,18.117218017578125,29.28318214416504,46.13923263549805,10.77813720703125,-6.1417236328125,-12.043673515319824,-6.984340667724609,-2.8198440074920654,-3.363266706466675,3.8487510681152344,8.32471752166748
Silence - Dataset 2.m4a,silence,34,0.0023971963673830032,0.03076171875,887.7860228500138,-603.0866088867188,139.7001953125,26.662311553955078,34.58086395263672,57.09538269042969,17.786998748779297,-4.545889377593994,-9.169954299926758,2.550088882446289,0.5890400409698486,-2.2152066230773926,5.429563522338867,13.963502883911133
Silence - Dataset 2.m4a,silence,35,0.0024269495625048876,0.02783203125,694.9168416069781,-603.9585571289062,145.1110076904297,33.66870880126953,43.32570266723633,64.35371398925781,24.158145904541016,-4.590897560119629,-12.180375099182129,3.9108376502990723,1.527551531791687,-3.495069980621338,4.734891891479492,13.254280090332031
Silence - Dataset 2.m4a,silence,36,0.0024382881820201874,0.0205078125,747.9841228967131,-606.7464599609375,147.06179809570312,24.897871017456055,44.712623596191406,60.569984436035156,24.087753295898438,-8.681877136230469,-13.430286407470703,6.865017414093018,3.6688714027404785,-5.2084641456604,4.72297477722168,9.738980293273926
Silence - Dataset 2.m4a,silence,37,0.0019896100275218487,0.0224609375,937.1881957493847,-611.130859375,142.75106811523438,17.32210350036621,38.74253845214844,52.49418258666992,18.05025863647461,-10.979260444641113,-12.752847671508789,3.967175245285034,-0.8116999268531799,-5.827055931091309,7.3409013748168945,7.230568885803223
Silence - Dataset 2.m4a,silence,38,0.0018861682619899511,0.0146484375,937.1948898955222,-611.976318359375,141.25608825683594,15.653352737426758,33.878700256347656,48.10749816894531,21.53075408935547,-0.20204176008701324,-11.095165252685547,-1.7036412954330444,-0.31439149379730225,-2.287259578704834,7.50416374206543,10.619404792785645
Silence - Dataset 2.m4a,silence,39,0.002000450622290373,0.0146484375,793.2758346465519,-596.0081176757812,148.909423828125,16.184215545654297,36.94795227050781,48.787818908691406,24.590076446533203,3.9569475650787354,-8.461491584777832,-2.9646155834198,0.42037296295166016,3.032754421234131,9.290909767150879,12.688746452331543
Silence - Dataset 2.m4a,silence,40,0.0019697912503033876,0.01806640625,819.904012420259,-586.4699096679688,150.98239135742188,10.746827125549316,31.645206451416016,42.49172592163086,28.45962905883789,8.385246276855469,-6.843581676483154,-5.651376724243164,-2.374494791030884,2.800729513168335,10.849522590637207,13.21367073059082
Silence - Dataset 2.m4a,silence,41,0.002177516231313348,0.0185546875,1060.4679169710193,-590.6077880859375,142.56600952148438,6.785610675811768,28.071243286132812,37.769554138183594,29.06071662902832,5.9988813400268555,-6.833892345428467,-9.287652015686035,-6.362950325012207,2.0896401405334473,9.507288932800293,12.502578735351562
Silence - Dataset 2.m4a,silence,42,0.002138494048267603,0.02197265625,988.9638068024608,-584.4988403320312,139.4589080810547,6.299951553344727,35.68938446044922,44.63157653808594,29.29464340209961,1.2547943592071533,-6.653585433959961,-11.369454383850098,-8.556026458740234,5.351309776306152,9.526716232299805,11.328347206115723
Silence - Dataset 2.m4a,silence,43,0.002232317114248872,0.02490234375,895.5796366615326,-569.1831665039062,146.78396606445312,8.236377716064453,42.831111907958984,40.252105712890625,28.60089874267578,4.686453342437744,-8.756009101867676,-11.823596000671387,-10.563444137573242,7.996773719787598,14.351076126098633,14.808774948120117
Silence - Dataset 2.m4a,silence,44,0.0025341776199638844,0.02001953125,897.7391768457986,-562.93994140625,147.13755798339844,8.489297866821289,45.86089324951172,34.5301628112793,24.538272857666016,3.310854911804199,-11.051507949829102,-11.609972953796387,-6.905739784240723,12.525871276855469,17.110084533691406,17.64054298400879
Silence - Dataset 2.m4a,silence,45,0.0023745193611830473,0.02490234375,977.2544977892032,-566.7997436523438,140.38177490234375,4.776759147644043,47.21617889404297,36.97917175292969,25.570220947265625,4.009330749511719,-13.122965812683105,-8.563922882080078,-1.7091456651687622,9.977039337158203,15.360974311828613,16.221776962280273
Silence - Dataset 2.m4a,silence,46,0.00218015699647367,0.02587890625,967.2898476148703,-570.384521484375,139.49099731445312,4.427032470703125,47.78382873535156,38.448482513427734,24.473590850830078,8.505989074707031,-8.090917587280273,-9.254290580749512,-2.631441593170166,2.491755962371826,12.178235054016113,15.056495666503906
Silence - Dataset 2.m4a,silence,47,0.002038893522694707,0.02587890625,1006.909795050406,-567.83349609375,141.7334442138672,6.063939094543457,45.5137939453125,39.56611633300781,21.131263732910156,0.21328365802764893,-7.026040077209473,-7.710077285766602,-6.330862998962402,-2.3894705772399902,10.815608978271484,15.583882331848145
Silence - Dataset 2.m4a,silence,48,0.0018877024995163083,0.02880859375,1081.8482997934075,-572.3055419921875,140.0015869140625,5.600964546203613,46.202484130859375,37.753665924072266,20.639694213867188,0.9184733629226685,-14.533926010131836,-12.784360885620117,-4.7406907081604,-1.3865530490875244,12.530031204223633,15.060776710510254
Silence - Dataset 2.m4a,silence,49,0.001985573209822178,0.02685546875,1065.0946040067365,-577.0523681640625,134.78683471679688,10.138193130493164,53.61281204223633,42.04308319091797,20.84453582763672,5.229755878448486,-18.016937255859375,-16.690427780151367,-6.390048503875732,-1.1566333770751953,10.200321197509766,13.697694778442383
Silence - Dataset 2.m4a,silence,50,0.0019977951887995005,0.0302734375,982.862486987368,-575.70263671875,137.53353881835938,13.707620620727539,55.94100570678711,43.26319885253906,20.996112823486328,3.355342388153076,-17.184467315673828,-15.053773880004883,-0.5378290414810181,0.6777800917625427,5.911951065063477,13.78529167175293
Silence - Dataset 2.m4a,silence,51,0.002057136269286275,0.04296875,990.4398258405188,-570.1640625,138.98040771484375,14.35014820098877,49.63459014892578,36.27535629272461,23.056379318237305,2.4613919258117676,-17.373592376708984,-12.984764099121094,5.265130043029785,1.7214548587799072,6.807816505432129,13.283456802368164
Silence - Dataset 2.m4a,silence,52,0.002219100948423147,0.04931640625,1674.449468672232,-517.2176513671875,107.91706848144531,-6.496426582336426,53.73744201660156,35.84526062011719,23.49913215637207,2.6731090545654297,-15.761770248413086,-16.086463928222656,9.575725555419922,0.9572893381118774,2.965308904647827,6.810207366943359
Silence - Dataset 2.m4a,silence,53,0.002307314658537507,0.05517578125,1880.6411919649654,-486.1423645019531,96.8576889038086,-13.307624816894531,61.456695556640625,35.836936950683594,23.022869110107422,8.076868057250977,-9.902411460876465,-12.744029998779297,4.37894868850708,2.0146095752716064,1.9032702445983887,-1.0543841123580933
Silence - Dataset 2.m4a,silence,54,0.002455945359542966,0.05859375,1636.4701807485612,-499.87994384765625,100.14817810058594,5.013792037963867,63.737579345703125,31.820125579833984,24.56475830078125,7.128872871398926,-7.626672267913818,-10.595348358154297,-1.068922996520996,7.103201866149902,4.965708255767822,3.7939834594726562
Silence - Dataset 2.m4a,silence,55,0.0034394136164337397,0.0517578125,1809.231228403869,-503.5801696777344,94.98779296875,23.089731216430664,52.619022369384766,29.887741088867188,32.6950569152832,0.1424630880355835,-11.274663925170898,-11.38034725189209,-1.8730156421661377,8.863079071044922,0.8884134292602539,5.855843544006348
Silence - Dataset 2.m4a,silence,56,0.00546317407861352,0.06591796875,2313.6776330274306,-406.77154541015625,97.1424331665039,11.926460266113281,21.823230743408203,14.692863464355469,17.678138732910156,-4.7846503257751465,-3.052203893661499,-8.9730224609375,7.832592010498047,5.6256937980651855,3.4112486839294434,-0.8085069060325623
Silence - Dataset 2.m4a,silence,57,0.007345553953200579,0.0869140625,2442.695594343739,-321.4246826171875,93.32461547851562,0.2935985028743744,17.035057067871094,16.073577880859375,16.8883056640625,-3.8376784324645996,-0.20374397933483124,-9.476040840148926,10.822420120239258,2.5044703483581543,6.439598083496094,-1.9253523349761963
Silence - Dataset 2.m4a,silence,58,0.009431124664843082,0.109375,2661.50257551905,-273.37957763671875,87.57704162597656,-12.084877014160156,12.816000938415527,10.06193733215332,12.206099510192871,-4.095123291015625,2.951016902923584,-8.895096778869629,10.78189468383789,-0.23946738243103027,5.996309280395508,-3.413440227508545
Silence - Dataset 2.m4a,silence,59,0.01188016775995493,0.1181640625,2626.9196275803088,-244.07424926757812,87.8662338256836,-23.04530906677246,9.3436861038208,7.104988098144531,5.426345348358154,-8.506523132324219,2.391791343688965,-5.420722007751465,11.96749496459961,-1.709900140762329,5.095391273498535,-2.2864155769348145
Silence - Dataset 2.m4a,silence,60,0.014206229709088802,0.11767578125,2374.4294411309234,-240.34292602539062,98.81398010253906,-19.42319679260254,2.9684195518493652,8.772473335266113,10.165904998779297,-5.8763203620910645,-0.46208423376083374,-6.2676615715026855,7.332262992858887,-4.239429950714111,3.4011549949645996,-0.46968212723731995
Silence - Dataset 2.m4a,silence,61,0.014924103394150734,0.109375,2089.829949364259,-236.70787048339844,112.9713134765625,-9.35682487487793,-1.8675050735473633,6.62638521194458,11.2121000289917,-3.865654706954956,-0.1989603042602539,-10.043061256408691,-0.602486789226532,-10.368141174316406,-5.3200883865356445,-6.657163619995117
Silence - Dataset 2.m4a,silence,62,0.015320848673582077,0.1044921875,2139.4715994983344,-244.71124267578125,111.72442626953125,-8.82766342163086,0.6510211825370789,3.172595977783203,6.24372673034668,-8.260604858398438,-3.08571195602417,-13.440629959106445,-1.5642787218093872,-8.606090545654297,-1.421757698059082,-8.860245704650879
Silence - Dataset 2.m4a,silence,63,0.017122378572821617,0.125,2341.977093864899,-243.4600067138672,102.6593017578125,-14.235538482666016,3.8241512775421143,2.349219560623169,6.168170928955078,-13.36577033996582,-5.257097244262695,-11.276894569396973,1.8054556846618652,-2.4956462383270264,6.974291801452637,-5.496729850769043
Silence - Dataset 2.m4a,silence,64,0.019685618579387665,0.14794921875,2684.919883002158,-198.8682098388672,81.55753326416016,-29.92477035522461,10.799470901489258,-1.6066935062408447,12.200830459594727,-6.905230522155762,1.2092641592025757,-2.723353862762451,5.190417289733887,1.3002560138702393,9.08658504486084,-1.8971372842788696
Silence - Dataset 2.m4a,silence,65,0.022307641804218292,0.16845703125,2747.8181294541296,-168.27684020996094,76.01728820800781,-37.0037841796875,11.531636238098145,0.8976861238479614,19.78083038330078,-2.5919172763824463,4.308925628662109,3.6888904571533203,6.11393928527832,-1.5038812160491943,1.9528716802597046,1.9305987358093262
Silence - Dataset 2.m4a,silence,66,0.023275554180145264,0.1826171875,2722.300291811731,-166.82318115234375,77.8934555053711,-37.97661590576172,9.327848434448242,1.5117253065109253,11.86452579498291,-6.6117730140686035,1.0409555435180664,4.992990016937256,2.0950424671173096,-4.6676788330078125,0.13265007734298706,4.852863311767578
Silence - Dataset 2.m4a,silence,67,0.022911522537469864,0.19873046875,2812.6722335919226,-172.40101623535156,74.4657211303711,-39.0583610534668,1.1521949768066406,0.5740225911140442,4.631446361541748,-8.65153980255127,4.354770183563232,4.588476181030273,0.3458075523376465,-4.880311012268066,6.297186851501465,4.239180564880371
Silence - Dataset 2.m4a,silence,68,0.022908156737685204,0.1728515625,3251.6952151870373,-183.6243896484375,61.529441833496094,-27.287282943725586,-0.6742221713066101,7.753957748413086,9.37228012084961,-4.381669521331787,5.305288314819336,3.157242774963379,3.237292766571045,-6.400914669036865,9.328805923461914,0.31452125310897827
Silence - Dataset 2.m4a,silence,69,0.02345007285475731,0.1376953125,3303.6724195301786,-200.05397033691406,61.371192932128906,-8.669313430786133,9.613077163696289,20.842525482177734,17.07843017578125,4.141265869140625,5.655303955078125,7.119573593139648,11.432077407836914,-7.24634313583374,7.6097002029418945,2.260038137435913
Silence - Dataset 2.m4a,silence,70,0.022198986262083054,0.10400390625,2553.104510516956,-226.80592346191406,79.86271667480469,4.5643463134765625,24.884798049926758,24.379404067993164,18.149999618530273,7.496565818786621,9.995254516601562,4.525631904602051,16.937793731689453,-6.57276725769043,4.010099411010742,3.449392795562744
Silence - Dataset 2.m4a,silence,71,0.019864536821842194,0.07080078125,2048.3246081372486,-270.68450927734375,88.81773376464844,4.754453659057617,36.919944763183594,19.43990707397461,22.0679931640625,7.52177619934082,14.074803352355957,3.615386724472046,15.407529830932617,0.7056826949119568,3.444359302520752,0.13936342298984528
Silence - Dataset 2.m4a,silence,72,0.014912045560777187,0.05908203125,2121.8846006507015,-373.8661193847656,85.52061462402344,5.324179649353027,29.881061553955078,14.380030632019043,24.799571990966797,8.397148132324219,15.737838745117188,4.505823135375977,14.309162139892578,2.2868895530700684,4.20172119140625,-0.2728312313556671
Silence - Dataset 2.m4a,silence,73,0.006454916205257177,0.07080078125,1962.0958192026435,-445.8106994628906,104.59461212158203,15.636068344116211,23.038707733154297,7.546287536621094,17.578601837158203,5.388793468475342,7.909449577331543,2.349518299102783,5.442477226257324,-3.2825446128845215,7.840684413909912,4.112287998199463
Silence - Dataset 2.m4a,silence,74,0.002842898480594158,0.076171875,1878.4514229551955,-472.0245056152344,108.75519561767578,9.060835838317871,28.511932373046875,10.865355491638184,14.971794128417969,5.431178092956543,5.511832237243652,4.957116603851318,2.2214388847351074,-6.996837615966797,4.031373023986816,0.05929630994796753
Silence - Dataset 2.m4a,silence,75,0.0026797030586749315,0.06005859375,2037.877817005448,-445.8334045410156,100.95704650878906,0.7696776390075684,29.485610961914062,13.454292297363281,19.517745971679688,8.908830642700195,9.614675521850586,4.51807975769043,3.8892602920532227,-7.313733100891113,3.0196967124938965,-3.2473244667053223
Silence - Dataset 2.m4a,silence,76,0.0024605817161500454,0.0556640625,1792.2009825366622,-472.310302734375,108.61056518554688,6.89792537689209,32.22658920288086,15.922447204589844,21.75574493408203,5.909640312194824,9.572988510131836,2.1637463569641113,4.6080498695373535,-2.8102307319641113,5.5203399658203125,-0.7875908017158508
Silence - Dataset 2.m4a,silence,77,0.002547644777223468,0.04248046875,1370.4535754081548,-526.0048828125,126.29226684570312,14.705617904663086,40.42317581176758,22.023841857910156,16.330171585083008,-2.4087514877319336,2.0170106887817383,-1.4189718961715698,-0.7273792624473572,-0.8034416437149048,6.617198944091797,-3.6698975563049316
Silence - Dataset 2.m4a,silence,78,0.00218650558963418,0.0322265625,1149.620329755549,-539.2804565429688,134.03277587890625,14.84798812866211,43.80484390258789,26.362274169921875,15.69295883178711,3.2834317684173584,1.0085630416870117,-2.1849005222320557,-3.797403335571289,0.9826074838638306,2.573295831680298,4.814453125
Silence - Dataset 2.m4a,silence,79,0.002120619174093008,0.033203125,1180.2570780887777,-561.6007080078125,131.14329528808594,13.890661239624023,44.962860107421875,27.378864288330078,14.098897933959961,5.934275150299072,2.864022731781006,-3.05332088470459,-5.1120805740356445,-0.6323413848876953,-0.23907971382141113,5.2367048263549805
Silence - Dataset 2.m4a,silence,80,0.002196096582338214,0.03076171875,1002.9220963008624,-587.0795288085938,136.63302612304688,17.12677001953125,49.52241516113281,31.88918113708496,16.2672119140625,8.724979400634766,0.6483769416809082,-3.1837549209594727,-0.27883103489875793,2.7378129959106445,0.6793015003204346,-0.030572354793548584
Silence - Dataset 2.m4a,silence,81,0.0021035342942923307,0.0283203125,842.3225343873836,-591.8081665039062,143.07989501953125,21.381208419799805,48.680885314941406,34.20561218261719,21.003326416015625,12.716341018676758,-1.101570963859558,-4.897019386291504,-2.483891487121582,1.8336119651794434,-1.2617497444152832,1.0480600595474243
Silence - Dataset 2.m4a,silence,82,0.016873911023139954,0.02783203125,923.6262845817482,-479.6152038574219,159.50064086914062,9.657535552978516,40.931461334228516,36.95510482788086,10.613122940063477,-6.606136322021484,-11.991081237792969,-14.50658893585205,-0.798919677734375,-8.773313522338867,1.34725821018219,-6.308353424072266
Silence - Dataset 2.m4a,silence,83,0.019869040697813034,0.0302734375,736.1051974515141,-362.0863952636719,164.5972900390625,27.457199096679688,40.621734619140625,36.64873123168945,14.989386558532715,-2.5964512825012207,-5.468692779541016,-10.68634033203125,-0.09340151399374008,-7.659818649291992,2.310548782348633,-6.89482307434082
Silence - Dataset 2.m4a,silence,84,0.02167893387377262,0.03125,1240.4999448984895,-315.67132568359375,128.8684539794922,53.870330810546875,26.66443634033203,26.460403442382812,17.397323608398438,3.4944584369659424,1.571762204170227,-1.824159860610962,0.6324597001075745,-6.633544445037842,2.5915822982788086,-4.7843098640441895
Silence - Dataset 2.m4a,silence,85,0.021960819140076637,0.05078125,2260.622088532597,-332.0090026855469,88.0988540649414,49.297855377197266,17.326942443847656,17.05267333984375,18.306793212890625,6.0948381423950195,8.780674934387207,9.095366477966309,13.37225341796875,1.179398536682129,13.003006935119629,3.7879743576049805
Silence - Dataset 2.m4a,silence,86,0.014362909831106663,0.08544921875,2648.087005128831,-394.8123474121094,63.23537826538086,51.34123229980469,24.93613052368164,25.531452178955078,27.428239822387695,8.50808048248291,6.529193878173828,9.84351634979248,14.150988578796387,3.077117681503296,11.087667465209961,5.431368827819824
Silence - Dataset 2.m4a,silence,87,0.009877795353531837,0.13818359375,3290.1125222320175,-423.7784423828125,56.964141845703125,61.1724967956543,28.269163131713867,21.37729263305664,28.024961471557617,5.395115375518799,4.505282878875732,1.3326516151428223,1.9011720418930054,-1.903982162475586,5.12436580657959,0.8165849447250366
Silence - Dataset 2.m4a,silence,88,0.004805363714694977,0.1806640625,4124.880511174682,-426.1460266113281,44.56202697753906,62.49986267089844,24.601802825927734,12.001691818237305,24.479618072509766,9.606489181518555,8.499679565429688,3.126892566680908,9.417190551757812,-4.817253112792969,2.117670774459839,-8.372084617614746
Silence - Dataset 2.m4a,silence,89,0.0033931569196283817,0.208984375,4238.363516382182,-429.5098876953125,43.18999099731445,57.794227600097656,20.104135513305664,11.243976593017578,27.590444564819336,14.365626335144043,7.02264404296875,0.8594512343406677,7.917153358459473,-10.48088550567627,-2.9334092140197754,-9.735540390014648
Silence - Dataset 2.m4a,silence,90,0.0028869120869785547,0.2216796875,3852.8331068634134,-431.2744445800781,50.42671203613281,46.68663024902344,21.67044448852539,15.707540512084961,28.32251739501953,13.486083984375,6.931242942810059,0.23060715198516846,3.4157662391662598,-12.570821762084961,-6.458512783050537,-6.909700393676758
Silence - Dataset 2.m4a,silence,91,0.0029370032716542482,0.18994140625,3876.992387714992,-420.2839050292969,51.38241195678711,40.082115173339844,19.958324432373047,15.212876319885254,25.713489532470703,7.780194282531738,8.807634353637695,-5.1739373207092285,1.9255173206329346,-5.557809829711914,-6.147480010986328,-5.399703502655029
Silence - Dataset 2.m4a,silence,92,0.0029555116780102253,0.197265625,3920.106491869315,-415.5320739746094,48.0887336730957,36.83479309082031,21.936012268066406,16.170482635498047,25.092472076416016,5.858520984649658,9.44970703125,-8.113773345947266,1.0033788681030273,-3.0517044067382812,-3.659268856048584,-1.8892091512680054
Silence - Dataset 2.m4a,silence,93,0.002880999818444252,0.1953125,3868.563337627096,-414.2730712890625,46.63176727294922,37.1966552734375,26.585037231445312,24.430959701538086,23.994586944580078,0.9815424680709839,7.735837936401367,-7.8014116287231445,1.4973008632659912,-4.778383731842041,0.24917399883270264,0.7506614923477173
Silence - Dataset 2.m4a,silence,94,0.00282448367215693,0.181640625,3986.5451021842855,-421.45306396484375,44.273521423339844,31.515846252441406,25.396854400634766,32.60785675048828,23.062597274780273,-1.9975943565368652,2.341721534729004,-10.002676963806152,4.9824934005737305,-1.979390263557434,3.9160361289978027,-1.925037145614624
Silence - Dataset 2.m4a,silence,95,0.0024654243607074022,0.19091796875,3767.0832309771313,-431.68280029296875,55.91862487792969,29.839584350585938,18.51641082763672,30.589691162109375,20.781307220458984,-3.2069859504699707,1.4835822582244873,-8.225282669067383,3.6957759857177734,-8.158777236938477,1.5800220966339111,-5.992238521575928
Silence - Dataset 2.m4a,silence,96,0.0021589365787804127,0.17431640625,3577.602001005451,-437.2826843261719,60.04315185546875,26.882898330688477,17.01723861694336,23.515033721923828,19.419147491455078,0.2873362898826599,1.8847172260284424,-2.9426074028015137,0.7643808126449585,-10.11796760559082,-3.236785888671875,-4.461198806762695
Silence - Dataset 2.m4a,silence,97,0.0019747684709727764,0.17041015625,3638.561720042595,-436.0586853027344,57.31828308105469,20.21796989440918,18.80231475830078,20.344161987304688,18.114696502685547,3.4865779876708984,2.947388172149658,3.2950687408447266,-1.4997069835662842,-6.541189193725586,0.9207361936569214,-5.128535270690918
Silence - Dataset 2.m4a,silence,98,0.001872207853011787,0.17041015625,3465.6482930677234,-435.36181640625,61.027610778808594,15.415949821472168,21.739891052246094,12.949556350708008,12.487276077270508,3.5658135414123535,5.681550025939941,3.897484302520752,-0.885178804397583,-2.9871983528137207,3.5448575019836426,-3.5736255645751953
Silence - Dataset 2.m4a,silence,99,0.002268084790557623,0.1513671875,3298.2943508504586,-441.4891662597656,67.15493774414062,17.680227279663086,22.698486328125,9.627147674560547,11.890045166015625,0.06472373008728027,9.663809776306152,1.7231991291046143,-0.5721073746681213,-3.7209393978118896,5.120412826538086,-2.8080520629882812
Silence - Dataset 2.m4a,silence,100,0.006083467975258827,0.12646484375,2794.9562877980297,-427.38330078125,79.3216552734375,21.94245719909668,25.20584487915039,10.591341018676758,15.737107276916504,0.7464339137077332,8.103702545166016,-0.12676306068897247,4.7935380935668945,-2.599493980407715,11.000734329223633,-0.924738883972168
Silence - Dataset 2.m4a,silence,101,0.007048830855637789,0.08642578125,1828.7008146793626,-408.66497802734375,92.71583557128906,34.67387771606445,38.771427154541016,16.148984909057617,24.144804000854492,8.013435363769531,12.396883964538574,1.924445390701294,7.3414483070373535,0.425590455532074,8.244003295898438,-4.347500801086426
Silence - Dataset 2.m4a,silence,102,0.007170661818236113,0.0771484375,1703.4532815293321,-407.6680603027344,91.46432495117188,38.46666717529297,43.912113189697266,17.836862564086914,24.91287612915039,13.990662574768066,15.620144844055176,2.0626022815704346,4.621488094329834,-1.9441230297088623,5.3795294761657715,-6.095765113830566
Silence - Dataset 2.m4a,silence,103,0.007653477136045694,0.07861328125,2489.6240950688752,-410.7446594238281,81.56217956542969,34.19788360595703,30.091068267822266,12.060935974121094,19.614486694335938,3.9507172107696533,9.9559907913208,3.7468295097351074,7.51350212097168,1.8502674102783203,4.951816558837891,-1.3619061708450317
Silence - Dataset 2.m4a,silence,104,0.005781174637377262,0.0888671875,3006.9179341164768,-387.78704833984375,73.91632080078125,34.82368469238281,18.482412338256836,12.311544418334961,23.00135040283203,-0.1298811435699463,1.2265647649765015,1.7545973062515259,5.302351951599121,-1.7942619323730469,5.4890217781066895,-2.6387598514556885
Silence - Dataset 2.m4a,silence,105,0.004950400907546282,0.10791015625,2809.459326312129,-376.0354309082031,78.75003051757812,37.221290588378906,21.033842086791992,17.658212661743164,22.306743621826172,5.1130475997924805,3.4380996227264404,-3.376755714416504,0.08301383256912231,-11.558099746704102,0.1347440481185913,-4.950807094573975
Silence - Dataset 2.m4a,silence,106,0.005371115170419216,0.12158203125,3129.663577669179,-383.7798767089844,71.57168579101562,39.75105285644531,18.674978256225586,14.700496673583984,20.86898422241211,6.286655902862549,7.119820594787598,-3.350449562072754,0.3474654257297516,-11.88072395324707,-0.2640719413757324,-3.7879724502563477
Silence - Dataset 2.m4a,silence,107,0.004931801464408636,0.13623046875,3718.0209110717915,-377.41607666015625,58.022010803222656,43.3028564453125,19.65567398071289,16.447118759155273,20.385452270507812,-1.266540765762329,9.038752555847168,-0.6352309584617615,0.0027059614658355713,-10.173477172851562,-0.33289653062820435,-2.312407970428467
Silence - Dataset 2.m4a,silence,108,0.004595213104039431,0.15673828125,3678.802272831301,-371.2720031738281,55.06871795654297,44.42579650878906,27.358917236328125,22.855186462402344,18.377365112304688,-2.42295503616333,-0.9556201100349426,-7.872304916381836,0.735933244228363,-9.42841911315918,-2.78359055519104,-4.099320888519287
Silence - Dataset 2.m4a,silence,109,0.004900229163467884,0.166015625,3610.713610324112,-368.4040832519531,60.359657287597656,33.616729736328125,19.349205017089844,16.697914123535156,15.639044761657715,-0.5215994119644165,-6.051811218261719,-11.085100173950195,-1.4704068899154663,-9.718393325805664,-3.3792617321014404,-6.943653106689453
Silence - Dataset 2.m4a,silence,110,0.005489639472216368,0.1728515625,3296.098710666326,-337.1053771972656,70.65756225585938,11.674763679504395,11.516611099243164,5.792651176452637,4.394269943237305,-0.5787357091903687,-2.5649516582489014,-1.3601057529449463,3.063528060913086,-0.2778722643852234,1.5542428493499756,0.08808702230453491
Silence - Dataset 2.m4a,silence,111,0.006747933570295572,0.17919921875,3084.5046597970677,-299.44775390625,74.4181137084961,0.05618178844451904,7.89704704284668,-1.837557077407837,-7.110908031463623,-3.9197278022766113,-0.06975404173135757,4.251338005065918,3.1288833618164062,2.878507137298584,3.6346850395202637,4.442111015319824
Silence - Dataset 2.m4a,silence,112,0.013582952320575714,0.162109375,3272.503488433639,-273.09893798828125,66.99970245361328,-5.324800491333008,8.68521785736084,2.4200668334960938,1.3622690439224243,-3.4114227294921875,-1.8154637813568115,-2.763417959213257,2.3414382934570312,-3.459049940109253,3.923804998397827,1.0759973526000977
Silence - Dataset 2.m4a,silence,113,0.023577915504574776,0.14697265625,2905.6232651560467,-224.89382934570312,75.06543731689453,-9.116870880126953,5.845707416534424,-4.536452293395996,0.897299587726593,-8.4430513381958,-1.9969565868377686,-6.179737091064453,3.280850410461426,0.0719536542892456,14.647216796875,9.112430572509766
Silence - Dataset 2.m4a,silence,114,0.0352352038025856,0.12158203125,2348.4189526267455,-174.1629638671875,92.84263610839844,-17.559093475341797,-2.2868213653564453,-18.106918334960938,-10.364706039428711,-14.517537117004395,-0.4178689122200012,3.6838128566741943,17.459754943847656,11.462949752807617,19.959487915039062,7.498617172241211
Silence - Dataset 2.m4a,silence,115,0.04133730009198189,0.1123046875,2238.538676858023,-136.69558715820312,97.7530517578125,-32.89862060546875,-2.8665452003479004,-29.274925231933594,-13.625988006591797,-6.300134658813477,7.715716361999512,12.673883438110352,18.84423065185547,2.555048942565918,0.6429702639579773,-5.614689350128174
Silence - Dataset 2.m4a,silence,116,0.04297046735882759,0.119140625,2417.0718915127136,-122.69285583496094,89.31349182128906,-41.28428649902344,-7.113016128540039,-28.323623657226562,-10.881738662719727,3.131525754928589,10.89943790435791,4.839419364929199,8.736113548278809,-3.5410635471343994,-1.2206246852874756,-4.70688533782959
Silence - Dataset 2.m4a,silence,117,0.0396994948387146,0.1181640625,2393.206497131309,-137.92662048339844,92.39602661132812,-38.330177307128906,-8.840154647827148,-22.11611557006836,-15.740437507629395,-2.607893943786621,3.8675053119659424,0.043616414070129395,7.405139446258545,0.4668312072753906,11.61690902709961,1.3605667352676392
Silence - Dataset 2.m4a,silence,118,0.02984204702079296,0.115234375,2351.3995626003407,-172.79373168945312,97.76408386230469,-31.77043342590332,-3.8139002323150635,-12.52109146118164,-16.39109230041504,-10.591115951538086,-2.6299901008605957,-2.2482943534851074,3.8475089073181152,-3.9841208457946777,10.748842239379883,2.4188687801361084
Silence - Dataset 2.m4a,silence,119,0.020179057493805885,0.1005859375,2154.8528128314197,-241.89205932617188,108.30359649658203,-17.819087982177734,6.13188362121582,-7.3169846534729,-7.3597211837768555,-8.852169036865234,0.01625913381576538,-5.4805121421813965,4.857975959777832,-1.451669692993164,9.998218536376953,0.45119011402130127
Silence - Dataset 2.m4a,silence,120,0.0114003736525774,0.08251953125,2326.7861944122355,-334.53289794921875,100.0810546875,6.807035446166992,19.64407730102539,-1.2891091108322144,14.295419692993164,-1.7790305614471436,-1.057948112487793,-14.861413955688477,0.6668232679367065,2.761427402496338,5.356466293334961,-9.64251708984375
Silence - Dataset 2.m4a,silence,121,0.004819624591618776,0.07275390625,2068.942924434542,-411.0140075683594,107.0216064453125,26.34095001220703,20.344900131225586,7.037111282348633,14.175102233886719,0.7008616924285889,-0.8643878102302551,-8.956743240356445,1.5118536949157715,0.1284044235944748,2.4125471115112305,-8.275897979736328
Silence - Dataset 2.m4a,silence,122,0.003336919704452157,0.056640625,1730.1711998485823,-468.7623291015625,111.90164184570312,31.029808044433594,31.929616928100586,18.55580711364746,12.545085906982422,1.1292093992233276,-1.7578325271606445,0.32087406516075134,1.6845157146453857,-2.8375027179718018,-3.3251519203186035,-7.331026077270508
Silence - Dataset 2.m4a,silence,123,0.0028380595613271,0.0400390625,1651.8738311238303,-507.4775390625,114.47914123535156,24.887584686279297,36.63627624511719,16.44626808166504,11.971795082092285,3.194462537765503,-1.5178276300430298,0.10401204973459244,1.2110798358917236,1.3010503053665161,3.5368871688842773,-1.6947013139724731
Silence - Dataset 2.m4a,silence,124,0.002234118292108178,0.03662109375,1431.1308145493178,-535.0779418945312,122.55030822753906,27.991321563720703,39.42930603027344,16.662416458129883,12.625631332397461,1.794478416442871,-3.325855255126953,-7.078015327453613,1.8830918073654175,3.133122444152832,5.465310573577881,2.247908115386963
Silence - Dataset 2.m4a,silence,125,0.002131015295162797,0.03125,1163.8773706707095,-557.5697631835938,130.26123046875,29.9958438873291,47.034461975097656,21.286026000976562,10.49245834350586,-0.8653585314750671,-2.3990628719329834,-1.063078761100769,9.416852951049805,4.803764820098877,4.369866847991943,2.604884147644043
Silence - Dataset 2.m4a,silence,126,0.0023758476600050926,0.02783203125,1100.7043212378921,-569.4510498046875,132.60064697265625,28.280540466308594,47.434837341308594,19.76171112060547,9.366907119750977,0.7075150012969971,-1.6123536825180054,1.7546135187149048,12.09041976928711,6.281489372253418,3.307448387145996,4.955147743225098
Silence - Dataset 2.m4a,silence,127,0.0023371439892798662,0.02587890625,1006.8366569184474,-565.5648193359375,132.8640594482422,24.533578872680664,49.223114013671875,23.99456787109375,14.05195426940918,6.930415630340576,4.964242935180664,0.22413784265518188,11.12043571472168,1.9428808689117432,1.56490159034729,6.86549186706543
Silence - Dataset 2.m4a,silence,128,0.0028407603967934847,0.02392578125,968.2542360063283,-548.1809692382812,147.23643493652344,20.84734535217285,38.24617004394531,18.083839416503906,12.195418357849121,8.524134635925293,9.993866920471191,-6.105922222137451,-3.386751651763916,-4.283508777618408,4.331684112548828,16.373762130737305
Silence - Dataset 2.m4a,silence,129,0.0033308726269751787,0.04248046875,1007.6687420227319,-496.29278564453125,165.66720581054688,-0.09595966339111328,28.741863250732422,3.504960298538208,7.0160980224609375,2.8781557083129883,8.484418869018555,-8.650266647338867,-21.788902282714844,-5.183531284332275,7.982085227966309,10.20521354675293
Silence - Dataset 2.m4a,silence,130,0.0036129318177700043,0.05810546875,1744.60376694875,-413.3837585449219,135.4481201171875,-42.58576202392578,39.54203414916992,-5.961114406585693,10.852662086486816,-5.617463111877441,8.807738304138184,-11.469318389892578,-26.294227600097656,-1.235878586769104,14.368902206420898,4.15936279296875
Silence - Dataset 2.m4a,silence,131,0.004061420913785696,0.06689453125,1835.2818717263867,-392.23492431640625,128.08636474609375,-47.74544906616211,41.37797927856445,3.08091139793396,16.188804626464844,-8.637310028076172,9.216732025146484,-11.503599166870117,-18.593570709228516,0.9532631635665894,10.378458023071289,3.5865254402160645
Silence - Dataset 2.m4a,silence,132,0.00414285808801651,0.068359375,1611.0860392010761,-425.0127868652344,130.58441162109375,-37.886810302734375,46.94221496582031,13.584534645080566,20.210918426513672,-8.314867973327637,10.849943161010742,-7.566768646240234,-9.353158950805664,0.03877539187669754,4.509675025939941,6.102906703948975
Silence - Dataset 2.m4a,silence,133,0.0044130729511380196,0.05029296875,1312.7736558082645,-457.84698486328125,135.2943572998047,-16.264318466186523,48.444969177246094,19.99793243408203,24.006366729736328,-5.568368911743164,7.475809097290039,-5.685498237609863,-7.164555072784424,-2.3646655082702637,3.181779623031616,8.638031005859375
Silence - Dataset 2.m4a,silence,134,0.0042455922812223434,0.04150390625,1165.514206795973,-474.574462890625,137.11602783203125,-1.7117948532104492,44.74498748779297,20.15233612060547,21.636199951171875,-4.399860382080078,7.6548075675964355,0.7697292566299438,-0.08382540941238403,-1.1443575620651245,0.5164355039596558,7.372797966003418
Silence - Dataset 2.m4a,silence,135,0.006211957894265652,0.0576171875,1200.600040165847,-477.53857421875,134.15185546875,4.125328540802002,48.95813751220703,24.00423812866211,17.961320877075195,-7.763696670532227,5.095097541809082,-5.854693412780762,0.32404911518096924,-8.418745040893555,-5.593825817108154,8.73661994934082
Silence - Dataset 2.m4a,silence,136,0.007022629491984844,0.0810546875,2157.018688392797,-344.7691955566406,104.01949310302734,-55.79603958129883,35.83945083618164,22.976829528808594,26.67865753173828,-19.406532287597656,6.7029314041137695,-14.042734146118164,-4.9955644607543945,-11.917802810668945,-3.9974100589752197,7.424924373626709
Silence - Dataset 2.m4a,silence,137,0.006847725715488195,0.10693359375,2246.062693136373,-301.0805358886719,95.54158020019531,-69.57633972167969,24.90105438232422,17.069629669189453,28.067562103271484,-17.124004364013672,4.682239532470703,-14.715003967285156,-1.9827117919921875,-7.64918327331543,0.39671891927719116,8.526751518249512
Silence - Dataset 2.m4a,silence,138,0.006768996361643076,0.1279296875,2156.266091530661,-338.1916809082031,100.97805786132812,-61.42579650878906,19.62228012084961,13.415974617004395,27.583999633789062,-11.011590957641602,3.0138139724731445,-9.518516540527344,2.710968494415283,-3.879082679748535,5.495508670806885,7.007211685180664
Silence - Dataset 2.m4a,silence,139,0.004724724218249321,0.1181640625,2084.1257945998623,-395.60516357421875,107.42959594726562,-39.35935974121094,24.515430450439453,15.68820858001709,20.86009407043457,-9.738388061523438,1.2848446369171143,-7.921303749084473,2.913095712661743,-4.255646228790283,5.405830383300781,4.370832443237305
Silence - Dataset 2.m4a,silence,140,0.0030068315099924803,0.10107421875,1962.7300375969176,-440.3310241699219,106.9721908569336,-25.68634605407715,33.622711181640625,21.865520477294922,20.262691497802734,-4.630894660949707,5.879281044006348,-5.909314155578613,3.4354724884033203,0.08644431829452515,5.189518928527832,6.793347358703613
Silence - Dataset 2.m4a,silence,141,0.0027028294280171394,0.072265625,1737.1869737607212,-472.5293273925781,109.71949005126953,-15.363828659057617,48.30241394042969,31.8863525390625,21.86819076538086,-6.978652000427246,3.2665491104125977,-3.9357802867889404,2.7028355598449707,-0.17489664256572723,3.4844722747802734,7.755316734313965
Silence - Dataset 2.m4a,silence,142,0.002598062390461564,0.04833984375,1571.9272798060922,-493.643310546875,109.58065795898438,-7.567165374755859,58.373355865478516,37.8988037109375,26.04991912841797,-6.534130573272705,-2.8089840412139893,-8.001651763916016,2.621589422225952,-3.116525888442993,-1.6358652114868164,12.144466400146484
Silence - Dataset 2.m4a,silence,143,0.0023923346307128668,0.04443359375,1543.1462342698264,-511.9902648925781,107.12689208984375,-5.39314603805542,62.185935974121094,39.31694030761719,26.392189025878906,-8.099393844604492,-5.6566572189331055,-12.718659400939941,-1.3585916757583618,-2.0781257152557373,4.207530975341797,16.342697143554688
Silence - Dataset 2.m4a,silence,144,0.002395842457190156,0.033203125,1516.5235785944724,-527.9421997070312,110.4923095703125,-5.525816440582275,57.41609191894531,37.234642028808594,23.072586059570312,-9.052896499633789,-7.531163215637207,-7.955896377563477,0.1883765459060669,-0.2686588764190674,3.6799590587615967,11.85926628112793
Silence - Dataset 2.m4a,silence,145,0.0020715005230158567,0.03955078125,1388.6570031044312,-538.9540405273438,114.25732421875,-1.96412193775177,57.97362518310547,36.27116394042969,22.355411529541016,-5.308750629425049,-2.6552340984344482,-2.9689548015594482,3.9295780658721924,-0.22064167261123657,-0.10874304175376892,8.353617668151855
Silence - Dataset 2.m4a,silence,146,0.0019780427683144808,0.044921875,1396.7611312882182,-547.620849609375,112.07539367675781,3.5370614528656006,61.058631896972656,33.034454345703125,22.024032592773438,-8.124302864074707,-1.1126513481140137,-0.6242712736129761,1.4032447338104248,-3.078522205352783,-2.1939048767089844,3.0195088386535645
Silence - Dataset 2.m4a,silence,147,0.0018931705271825194,0.05029296875,1606.2749680446302,-536.7700805664062,104.1031723022461,6.658065319061279,62.2005729675293,25.9028377532959,23.673690795898438,-11.96316146850586,-2.57962703704834,-6.907026767730713,2.9579355716705322,-5.29127836227417,-1.8224035501480103,-0.3516905605792999
Silence - Dataset 2.m4a,silence,148,0.003527100430801511,0.0771484375,2264.7302347402206,-484.185302734375,90.99781799316406,-5.374818801879883,37.0759391784668,12.170160293579102,31.11282730102539,-6.530150890350342,3.255221366882324,-8.695080757141113,0.050565510988235474,-13.040674209594727,2.9850668907165527,-1.6410073041915894
Silence - Dataset 2.m4a,silence,149,0.009045702405273914,0.09814453125,2510.4928963455754,-360.98565673828125,89.61387634277344,-27.873809814453125,8.030902862548828,1.437042236328125,24.010467529296875,-15.894941329956055,7.150166988372803,-5.546825885772705,-4.137053966522217,-20.798009872436523,0.7880129814147949,-1.425809383392334
Silence - Dataset 2.m4a,silence,150,0.013979907147586346,0.0927734375,2072.026153156805,-295.5472106933594,103.63028717041016,-9.202496528625488,24.761459350585938,12.027776718139648,21.287647247314453,1.5499532222747803,11.331941604614258,-0.31914567947387695,-5.6286301612854,-17.9073429107666,-7.256363868713379,-5.249717712402344
Silence - Dataset 2.m4a,silence,151,0.015432789921760559,0.10205078125,1904.5807363066479,-270.1061706542969,103.97476196289062,6.497840881347656,26.992433547973633,12.326492309570312,21.159412384033203,14.34500503540039,14.805331230163574,4.161231994628906,-2.911127805709839,-10.408902168273926,-4.527688980102539,-9.154165267944336
Silence - Dataset 2.m4a,silence,152,0.02195793017745018,0.11279296875,2472.7508191116835,-263.606689453125,79.59037780761719,6.904665946960449,32.30524444580078,17.778491973876953,24.12384033203125,11.694766998291016,11.628360748291016,1.6749491691589355,3.0237975120544434,-3.9754834175109863,3.2247684001922607,-3.71466326713562
Silence - Dataset 2.m4a,silence,153,0.029819000512361526,0.11767578125,3253.747312051168,-204.9088897705078,50.762577056884766,11.637401580810547,42.740238189697266,16.203161239624023,20.84087371826172,6.709958076477051,8.858854293823242,-4.863001823425293,3.5164432525634766,-6.806008815765381,3.636808156967163,-0.6669818162918091
Silence - Dataset 2.m4a,silence,154,0.030390296131372452,0.1318359375,3480.426910012671,-149.68829345703125,51.222740173339844,10.719482421875,28.915803909301758,7.405224800109863,18.219648361206055,4.7946977615356445,5.541778564453125,-5.571707248687744,-1.1150615215301514,-4.347736835479736,2.435375690460205,-1.8099822998046875
Silence - Dataset 2.m4a,silence,155,0.03023713268339634,0.11865234375,3250.0684249843634,-165.64556884765625,59.60661315917969,13.618408203125,30.69525146484375,9.703727722167969,16.838537216186523,5.3665056228637695,4.48431921005249,-2.9576034545898438,-3.8095548152923584,-1.2616666555404663,0.8697503805160522,-1.8997567892074585
Silence - Dataset 2.m4a,silence,156,0.025731397792696953,0.08837890625,2728.774080771379,-267.713623046875,69.46142578125,30.44097137451172,39.31095886230469,17.62802505493164,14.859522819519043,9.75019645690918,7.027837753295898,1.51285719871521,0.7088623046875,-1.280845046043396,-0.5530812740325928,-7.53133487701416
Silence - Dataset 2.m4a,silence,157,0.013694762252271175,0.0673828125,2166.804071185378,-391.3929748535156,86.45146942138672,42.764869689941406,34.50303649902344,18.136005401611328,18.828407287597656,10.97083854675293,10.020583152770996,6.280522346496582,7.296187400817871,-9.336958885192871,1.0887857675552368,-7.350728988647461
Silence - Dataset 2.m4a,silence,158,0.006323698442429304,0.05322265625,1937.8845155115682,-444.7987365722656,112.11578369140625,11.926412582397461,16.62134552001953,12.664512634277344,16.260398864746094,3.8707308769226074,14.424427032470703,7.799986839294434,-1.3797192573547363,-12.749349594116211,-1.8636505603790283,4.053925514221191
Silence - Dataset 2.m4a,silence,159,0.002591700293123722,0.046875,1528.4031560731705,-472.1809997558594,131.86538696289062,7.348999977111816,17.602222442626953,15.679323196411133,13.103228569030762,-0.9487133026123047,8.845556259155273,9.291879653930664,-2.0502572059631348,-15.352455139160156,-7.14455509185791,4.7048115730285645
Silence - Dataset 2.m4a,silence,160,0.0025686253793537617,0.04296875,1390.5384915861423,-511.3777160644531,135.25958251953125,9.388368606567383,21.35373306274414,16.89894676208496,9.47816276550293,-2.589524745941162,4.345504283905029,6.6237335205078125,1.2699631452560425,-11.195075988769531,-7.846588134765625,2.195305824279785
Silence - Dataset 2.m4a,silence,161,0.002388040302321315,0.03369140625,1132.5507778976023,-531.4254150390625,143.7810821533203,13.217759132385254,27.513334274291992,21.219070434570312,15.888754844665527,-1.6216037273406982,1.1100599765777588,6.339178562164307,3.1068849563598633,-3.208089828491211,1.6769866943359375,-0.3568251132965088
Silence - Dataset 2.m4a,silence,162,0.0024223322980105877,0.03076171875,971.0222505746203,-543.2381591796875,147.6763153076172,14.669637680053711,37.788848876953125,27.035612106323242,21.04889678955078,-0.9333029985427856,-1.237412691116333,5.901500701904297,5.377284049987793,-2.9443817138671875,2.9448893070220947,2.672973155975342
Silence - Dataset 2.m4a,silence,163,0.002902701497077942,0.0234375,962.5307293390155,-562.4299926757812,143.38894653320312,13.776931762695312,42.019493103027344,32.73971176147461,23.956130981445312,6.056509017944336,-0.8451268672943115,3.7285823822021484,-2.3322439193725586,-5.004683971405029,-2.7866156101226807,2.7062485218048096
Silence - Dataset 2.m4a,silence,164,0.002860776148736477,0.01904296875,820.3852654633665,-573.3401489257812,149.18197631835938,22.88815689086914,43.42893600463867,40.3355712890625,25.20277214050293,4.956982612609863,-4.35939359664917,0.4189656674861908,-1.9949307441711426,-3.6124844551086426,-2.5792720317840576,2.422231674194336
Silence - Dataset 2.m4a,silence,165,0.00257487827911973,0.02490234375,697.5759457627219,-578.9459838867188,155.19671630859375,26.43329429626465,39.792076110839844,41.02949523925781,27.010021209716797,6.859576225280762,-5.422379970550537,1.1403017044067383,6.14798641204834,1.9590644836425781,2.8971452713012695,2.5670278072357178
Silence - Dataset 2.m4a,silence,166,0.0024491071235388517,0.025390625,804.34043514562,-597.8685913085938,147.55014038085938,21.7288818359375,39.34668731689453,43.1999397277832,27.04352569580078,6.607517719268799,-8.14613151550293,-1.6566308736801147,0.40757399797439575,-1.4342857599258423,8.48570442199707,8.520867347717285
Silence - Dataset 2.m4a,silence,167,0.002088745590299368,0.02734375,964.8050770265618,-600.2528686523438,144.90032958984375,16.8820858001709,33.344139099121094,37.04791259765625,21.770999908447266,5.635404586791992,-4.875019073486328,-0.33122050762176514,-4.018815994262695,-4.418754577636719,5.676452159881592,10.532819747924805
Silence - Dataset 2.m4a,silence,168,0.0020059715025126934,0.0263671875,803.4542191900434,-603.4137573242188,145.86648559570312,27.84419822692871,38.71113204956055,34.98033905029297,21.13501739501953,7.966609954833984,-0.5675033330917358,4.455615997314453,1.508948802947998,-3.297584056854248,4.099893569946289,10.889811515808105
Silence - Dataset 2.m4a,silence,169,0.0022392133250832558,0.0205078125,812.3835216923067,-599.0889892578125,142.0446319580078,36.67083740234375,50.088287353515625,32.227928161621094,16.252431869506836,2.299403190612793,-1.9600040912628174,4.086789131164551,0.26585713028907776,0.2903854250907898,6.414505481719971,3.0166122913360596
Silence - Dataset 2.m4a,silence,170,0.002196967601776123,0.02783203125,1061.8728201069107,-584.121337890625,120.36761474609375,40.269309997558594,61.631752014160156,30.482608795166016,18.726951599121094,0.6787983179092407,-3.8215012550354004,3.695101261138916,-2.9569811820983887,2.7692058086395264,3.482375144958496,-7.082649230957031
Silence - Dataset 2.m4a,silence,171,0.0019630268216133118,0.03955078125,1546.2865335144866,-573.7367553710938,92.30351257324219,42.34114074707031,65.28711700439453,29.057554244995117,24.864356994628906,-0.4546601176261902,-4.511955261230469,-1.3505867719650269,-4.101930618286133,-2.244307279586792,2.1760807037353516,-8.80366325378418
Silence - Dataset 2.m4a,silence,172,0.0017497667577117682,0.12109375,2766.309512474587,-541.6068115234375,56.226661682128906,41.273353576660156,65.1379165649414,30.426301956176758,25.81098747253418,-9.451472282409668,-7.200669288635254,3.5406417846679688,-4.566891670227051,-12.221988677978516,1.3651206493377686,-3.3437483310699463
Silence - Dataset 2.m4a,silence,173,0.0016634080093353987,0.16357421875,4097.010458686509,-482.93658447265625,15.784059524536133,40.406341552734375,64.95693969726562,28.69208335876465,28.476612091064453,-6.631031036376953,-8.805315017700195,5.270851135253906,2.6036629676818848,-10.339658737182617,3.063507556915283,-1.3261196613311768
Silence - Dataset 2.m4a,silence,174,0.0019965069368481636,0.17529296875,4270.00644989986,-463.22674560546875,11.211581230163574,38.75830841064453,63.11517333984375,23.750324249267578,28.56747055053711,-2.953040599822998,-13.9330472946167,-1.3844304084777832,6.689821243286133,-8.146902084350586,7.594130992889404,7.384941101074219
Silence - Dataset 2.m4a,silence,175,0.0023040492087602615,0.17822265625,3615.247957398181,-466.9838562011719,28.969585418701172,37.510406494140625,66.77516174316406,17.343894958496094,24.82382583618164,1.205104947090149,-8.01797103881836,1.0032880306243896,6.616191864013672,-9.323535919189453,8.258123397827148,9.6348876953125
Silence - Dataset 2.m4a,silence,176,0.0023129561450332403,0.12255859375,3149.8978537949815,-479.3547668457031,41.033023834228516,38.88894271850586,67.00592803955078,19.9228572845459,24.920745849609375,2.3167977333068848,-2.705005645751953,0.7925561666488647,0.5725070834159851,-9.572432518005371,12.68841552734375,9.499181747436523
Silence - Dataset 2.m4a,silence,177,0.0023448646534234285,0.1162109375,2954.389055385003,-493.1395568847656,47.25957489013672,43.508323669433594,67.57696533203125,21.873687744140625,26.71428680419922,1.5539238452911377,-5.893350601196289,-7.896427154541016,-0.3992772102355957,-5.09836483001709,8.417509078979492,9.081819534301758
Silence - Dataset 2.m4a,silence,178,0.0021174312569200993,0.13330078125,3528.2958839599137,-484.9716491699219,29.970006942749023,44.353363037109375,72.33256530761719,25.95979881286621,23.37936782836914,-3.541226863861084,-10.502580642700195,-3.324216842651367,1.6777273416519165,-8.918402671813965,3.8934459686279297,9.185800552368164
Silence - Dataset 2.m4a,silence,179,0.0019150219159200788,0.16015625,3905.8867122001043,-474.9817810058594,22.11182403564453,44.61864471435547,70.38306427001953,29.131820678710938,20.39098358154297,-9.295327186584473,-13.585453033447266,2.8732011318206787,0.06428685784339905,-10.769834518432617,5.270806789398193,5.211764335632324
Silence - Dataset 2.m4a,silence,180,0.001881083007901907,0.15771484375,3606.922134084636,-482.9787902832031,32.921531677246094,43.04810333251953,68.36006927490234,26.90904998779297,19.348920822143555,-6.972189903259277,-9.557476043701172,-1.489876627922058,-0.6932566165924072,-7.531928062438965,5.431778907775879,0.5020123720169067
Silence - Dataset 2.m4a,silence,181,0.0016911759739741683,0.171875,3356.528178796427,-491.4332580566406,35.36907196044922,37.325889587402344,71.55433654785156,29.645511627197266,20.142541885375977,-3.569577693939209,-4.723204612731934,-4.414124011993408,0.9747346639633179,-7.761431694030762,7.90933895111084,5.598248481750488
Silence - Dataset 2.m4a,silence,182,0.0016117211198434234,0.173828125,3407.301852036715,-499.64404296875,38.68781280517578,35.82770538330078,67.81814575195312,24.355182647705078,16.261442184448242,-5.828570365905762,-3.9821596145629883,-6.287997722625732,-0.5746450424194336,-11.765405654907227,10.537788391113281,5.992031097412109
Silence - Dataset 2.m4a,silence,183,0.0014850901206955314,0.14697265625,3547.9533572366927,-505.648681640625,39.130226135253906,32.81378936767578,61.78047561645508,21.297016143798828,20.722238540649414,-3.549785614013672,-4.808865547180176,-2.1043200492858887,-0.3884808421134949,-16.510364532470703,6.765959739685059,2.3521251678466797
Silence - Dataset 2.m4a,silence,184,0.0014486097497865558,0.14599609375,3322.386305580464,-506.38775634765625,38.42186737060547,28.216869354248047,63.19959259033203,26.19207000732422,28.374235153198242,1.7556486129760742,-3.9361493587493896,1.949142336845398,4.271957874298096,-12.92181396484375,2.1421875953674316,-1.334480881690979
Silence - Dataset 2.m4a,silence,185,0.001421602675691247,0.13134765625,3279.222169984444,-501.599365234375,41.865440368652344,24.38233184814453,63.47895812988281,26.203739166259766,23.36119842529297,-3.710592746734619,-1.0996514558792114,0.9258668422698975,8.71181583404541,-6.462510108947754,5.594485282897949,-0.8365710973739624
Silence - Dataset 2.m4a,silence,186,0.0015773643972352147,0.119140625,3355.1831616430027,-500.6053466796875,41.627681732177734,23.070720672607422,61.218963623046875,22.907745361328125,17.65134048461914,-2.364720106124878,1.6629999876022339,1.4276131391525269,6.83416748046875,-6.538845062255859,8.54743766784668,-0.2721424102783203
Silence - Dataset 2.m4a,silence,187,0.00167505641002208,0.1376953125,3135.6267080919397,-499.3949279785156,46.348655700683594,26.287715911865234,61.88785171508789,24.826684951782227,22.738494873046875,-0.24739448726177216,4.928607940673828,0.18317881226539612,4.353507995605469,-7.770634651184082,9.88284683227539,1.8876545429229736
Silence - Dataset 2.m4a,silence,188,0.0015991192776709795,0.166015625,3050.0131158269623,-492.2505798339844,50.10133361816406,31.83456802368164,59.77851104736328,22.467437744140625,23.760414123535156,4.360771656036377,4.823512077331543,-2.800597667694092,2.3683981895446777,-9.443148612976074,6.811610698699951,-2.7314648628234863
Silence - Dataset 2.m4a,silence,189,0.00163799780420959,0.16845703125,3380.4696619464275,-496.768310546875,42.914302825927734,28.031490325927734,58.18010711669922,19.454622268676758,24.21150016784668,1.0549533367156982,-1.248733639717102,-10.256669044494629,-2.0707387924194336,-11.010051727294922,2.8650481700897217,-5.187835216522217
Silence - Dataset 2.m4a,silence,190,0.0015658395132049918,0.1533203125,3463.328940345482,-502.51373291015625,39.41864776611328,24.185400009155273,59.10649490356445,23.4445743560791,25.583396911621094,-1.0378143787384033,-2.7447054386138916,-14.576992988586426,-3.5987229347229004,-9.709442138671875,3.044475555419922,-4.925592422485352
Silence - Dataset 2.m4a,silence,191,0.0015466614859178662,0.12841796875,3062.9209440393215,-499.900146484375,52.33269119262695,26.23458480834961,57.82332229614258,26.433759689331055,22.574607849121094,-3.6371192932128906,-6.274425506591797,-10.32734489440918,2.3120875358581543,-4.609000205993652,5.2827630043029785,-0.27949661016464233
Silence - Dataset 2.m4a,silence,192,0.001729475217871368,0.09130859375,2626.270014581104,-509.6246643066406,61.78022766113281,30.786895751953125,58.349632263183594,29.511131286621094,27.697879791259766,-5.079118728637695,-8.461126327514648,-3.26004695892334,4.995601654052734,-5.7454400062561035,3.71828031539917,2.198826313018799
Silence - Dataset 2.m4a,silence,193,0.0019037567544728518,0.06201171875,2514.337749754784,-522.152099609375,62.66923522949219,32.905677795410156,65.45684051513672,30.127899169921875,28.65131378173828,-8.981077194213867,-11.847845077514648,-3.9166994094848633,7.55226993560791,-5.810605049133301,3.096891403198242,3.6681454181671143
Silence - Dataset 2.m4a,silence,194,0.0018014521338045597,0.07275390625,2435.2597873366876,-527.6658935546875,66.27285766601562,32.27021408081055,64.07032012939453,23.23169708251953,25.668048858642578,-7.381380081176758,-9.600164413452148,-3.326350688934326,12.4375,-4.332752227783203,1.87406587600708,5.751747131347656
Silence - Dataset 2.m4a,silence,195,0.0016399743035435677,0.080078125,2425.1353667277826,-527.80126953125,67.40747833251953,25.63178825378418,64.16127014160156,22.943557739257812,24.175674438476562,-6.230265140533447,-7.5222368240356445,-2.723024845123291,13.00637435913086,-3.022873878479004,0.25352954864501953,4.958924293518066
Silence - Dataset 2.m4a,silence,196,0.0014569208724424243,0.08642578125,2569.769671903713,-532.2090454101562,67.965087890625,20.361343383789062,61.17338943481445,20.999248504638672,22.476970672607422,-7.4857048988342285,-9.400493621826172,-8.018180847167969,7.880987167358398,-2.711825370788574,-0.972674548625946,1.7829948663711548
Silence - Dataset 2.m4a,silence,197,0.001134137506596744,0.09912109375,2506.820590428838,-539.420166015625,69.40504455566406,21.103038787841797,60.20257568359375,25.114931106567383,26.254575729370117,-9.83421516418457,-7.909287929534912,-7.9972453117370605,5.7196149826049805,-4.29935359954834,-0.28253692388534546,2.7566521167755127
Silence - Dataset 2.m4a,silence,198,0.0012914713006466627,0.091796875,2355.4774431984956,-547.3723754882812,72.24310302734375,22.336631774902344,62.32872009277344,28.236499786376953,27.020750045776367,-13.496908187866211,-10.446922302246094,-3.622523784637451,6.841193199157715,-6.041934967041016,0.6846504211425781,3.378110408782959
Silence - Dataset 2.m4a,silence,199,0.0014182650484144688,0.07958984375,2236.6862887090424,-559.3809814453125,72.64958190917969,19.984004974365234,65.36203002929688,28.83423614501953,27.345623016357422,-8.903644561767578,-7.782529830932617,3.2296643257141113,9.843700408935547,0.6694061160087585,5.229307174682617,3.641960620880127
Silence - Dataset 2.m4a,silence,200,0.0015395679511129856,0.06396484375,1802.1574725061107,-562.7188110351562,86.54010009765625,20.081064224243164,62.15788269042969,30.572490692138672,31.668052673339844,-2.6722257137298584,-5.94432258605957,1.0718971490859985,7.3012800216674805,-1.705628752708435,3.031343698501587,5.6932220458984375
Silence - Dataset 2.m4a,silence,201,0.002068101894110441,0.0419921875,1467.5685206636986,-568.7647705078125,103.18470001220703,23.73715591430664,56.6452522277832,27.922374725341797,29.785717010498047,-2.8042640686035156,-9.090517044067383,0.7308463454246521,3.196458339691162,-2.33494234085083,3.1615407466888428,5.304635047912598
Silence - Dataset 2.m4a,silence,202,0.002306011039763689,0.02490234375,1105.7451457267603,-578.2102661132812,118.13365173339844,28.315759658813477,58.084957122802734,33.95697021484375,26.223468780517578,-1.3772146701812744,-8.390790939331055,-4.6039509773254395,1.3208690881729126,-0.840449333190918,-0.5417228937149048,1.9461731910705566
Silence - Dataset 2.m4a,silence,203,0.002260523149743676,0.02734375,910.1540875043726,-582.5852661132812,132.37918090820312,26.25428009033203,53.119102478027344,41.013916015625,21.261463165283203,1.3387398719787598,-7.61098575592041,-6.975335121154785,-1.3705239295959473,-1.7286596298217773,-2.418239116668701,2.130453586578369
Silence - Dataset 2.m4a,silence,204,0.002344974549487233,0.02392578125,911.4466937817151,-596.5006713867188,139.54725646972656,17.969009399414062,41.227806091308594,41.62123107910156,17.64563751220703,0.5512353181838989,-10.434242248535156,-10.221561431884766,-6.5142107009887695,-7.327016353607178,-7.351078987121582,4.026841640472412
Silence - Dataset 2.m4a,silence,205,0.001952680409885943,0.025390625,957.2939093919749,-610.4605102539062,136.1280975341797,14.295174598693848,35.506507873535156,42.91803741455078,22.532623291015625,3.6529598236083984,-9.14424991607666,-6.423364639282227,-1.4593195915222168,-2.3099260330200195,-3.7779994010925293,5.040961265563965
Silence - Dataset 2.m4a,silence,206,0.0016493379371240735,0.02734375,842.9200881314989,-617.1416625976562,138.0745849609375,24.192787170410156,40.86943817138672,45.50984573364258,23.908809661865234,1.1591870784759521,-11.704263687133789,-3.6927595138549805,2.682265043258667,0.19318018853664398,-4.843691349029541,2.5167665481567383
Silence - Dataset 2.m4a,silence,207,0.0016157127683982253,0.02587890625,865.6226053475368,-621.9441528320312,139.36117553710938,27.79275131225586,36.53461837768555,42.312217712402344,24.70598602294922,3.960482358932495,-11.536094665527344,-0.5531525611877441,6.699127197265625,-1.849806547164917,-9.941018104553223,0.2856171131134033
Silence - Dataset 2.m4a,silence,208,0.0014649316435679793,0.02490234375,906.1979319406958,-622.0817260742188,142.60348510742188,26.671829223632812,29.460887908935547,41.076171875,25.7493953704834,1.9547216892242432,-10.634503364562988,-0.4434930682182312,6.990850448608398,0.9162074327468872,-5.110696792602539,1.9334328174591064
Silence - Dataset 2.m4a,silence,209,0.0016462431522086263,0.0224609375,877.1431401399116,-620.390869140625,146.7080078125,29.276538848876953,30.060571670532227,38.04924774169922,18.972801208496094,-1.1571648120880127,-11.34640121459961,-4.456830978393555,7.099173545837402,7.973869323730469,0.5598819255828857,-0.10094708204269409
Silence - Dataset 2.m4a,silence,210,0.0018652690341696143,0.02197265625,799.7553151271418,-613.58740234375,150.56634521484375,27.768062591552734,32.56510925292969,41.187740325927734,21.264480590820312,1.9590175151824951,-11.886085510253906,-5.201939582824707,5.739614486694336,6.100583076477051,1.442800760269165,-0.5543620586395264
Silence - Dataset 2.m4a,silence,211,0.0020593840163201094,0.01708984375,700.8186230832558,-612.4578247070312,153.423828125,30.397748947143555,35.96263885498047,47.382179260253906,25.610698699951172,5.635054111480713,-9.522855758666992,-8.248228073120117,2.927527904510498,4.117332935333252,-2.478878974914551,-2.7379651069641113
Silence - Dataset 2.m4a,silence,212,0.0020653160754591227,0.0205078125,725.0453116771271,-613.3502197265625,156.7293701171875,33.98869705200195,31.031536102294922,40.9034309387207,19.963638305664062,2.669790029525757,-7.974809646606445,-6.652820587158203,2.6137399673461914,3.3755135536193848,-2.991847038269043,-1.14304518699646
Silence - Dataset 2.m4a,silence,213,0.0020062224939465523,0.01904296875,741.7580038854906,-614.2919921875,152.9246368408203,32.20380401611328,32.3915901184082,37.387081146240234,19.277667999267578,6.777730464935303,-4.1640095710754395,-4.980193614959717,-0.34656909108161926,-0.24270999431610107,-2.235365390777588,-1.8877038955688477
Silence - Dataset 2.m4a,silence,214,0.0017407453851774335,0.0146484375,854.8715466073751,-617.072021484375,147.42568969726562,31.39244842529297,36.50841522216797,36.894535064697266,16.52737045288086,4.314123630523682,-4.974051475524902,-4.116940498352051,-3.099220037460327,-0.8157351613044739,-1.0053315162658691,-2.7348849773406982
Silence - Dataset 2.m4a,silence,215,0.0013659552205353975,0.0107421875,1149.9209601754637,-599.6065063476562,133.85939025878906,34.77958679199219,34.94805145263672,29.896286010742188,13.15329360961914,-0.2507161498069763,-2.736288070678711,3.466355800628662,-0.6305685639381409,-0.3362618684768677,-1.1000308990478516,-0.5954489707946777
Silence - Dataset 3.m4a,silence,0,0.0005677746958099306,0.10498046875,1537.6915814349,-778.52734375,34.867286682128906,29.746479034423828,27.395051956176758,26.6275577545166,22.650285720825195,15.442253112792969,10.158370018005371,9.03123664855957,8.094947814941406,3.9337353706359863,-0.7298082113265991,-1.5799636840820312
Silence - Dataset 3.m4a,silence,1,0.0010237476089969277,0.10986328125,1052.8018945317763,-677.593017578125,106.09092712402344,20.86329460144043,29.93714141845703,45.148597717285156,33.48114013671875,17.11114501953125,5.162322998046875,9.266935348510742,15.206623077392578,7.498373985290527,-5.820598125457764,-11.098731994628906
Silence - Dataset 3.m4a,silence,2,0.0011048094602301717,0.11572265625,852.2671385760675,-654.2007446289062,123.51028442382812,24.652421951293945,33.54984664916992,50.79437255859375,39.65752410888672,17.7645206451416,2.2563371658325195,4.38787317276001,6.7552103996276855,4.537227630615234,-7.43294620513916,-12.89866828918457
Silence - Dataset 3.m4a,silence,3,0.0014395712641999125,0.0654296875,942.7793920047291,-663.699462890625,128.53369140625,31.146446228027344,23.50749397277832,49.558677673339844,36.1466064453125,5.689404487609863,-3.4145560264587402,-0.8015655875205994,1.5826048851013184,6.722927093505859,-2.61651349067688,-8.155406951904297
Silence - Dataset 3.m4a,silence,4,0.001484292559325695,0.0185546875,901.6974855890612,-660.0191650390625,132.06927490234375,31.724430084228516,22.803970336914062,46.42266845703125,35.60271453857422,8.26318359375,-4.7821550369262695,-2.0966150760650635,3.4216127395629883,5.751673698425293,0.09375187754631042,-1.0533100366592407
Silence - Dataset 3.m4a,silence,5,0.0013946526451036334,0.01806640625,817.0367404647933,-659.2362060546875,134.35009765625,35.9434814453125,23.947792053222656,48.04157638549805,37.44585418701172,8.092049598693848,-7.901768207550049,-3.5416529178619385,4.0946173667907715,5.559079170227051,-2.1315407752990723,-0.7155928611755371
Silence - Dataset 3.m4a,silence,6,0.0014395513571798801,0.01708984375,943.6451987952653,-656.4608154296875,135.24267578125,32.790496826171875,22.039352416992188,46.400718688964844,34.497840881347656,3.1796486377716064,-9.946884155273438,-4.340394973754883,1.2895101308822632,0.26757389307022095,-5.235577583312988,-1.8853986263275146
Silence - Dataset 3.m4a,silence,7,0.001219269004650414,0.02099609375,1022.6166794902097,-654.7212524414062,135.6584014892578,28.08012580871582,16.995925903320312,45.456817626953125,32.89619827270508,-2.673784017562866,-10.484703063964844,-0.5625076293945312,4.2638163566589355,3.0128045082092285,-2.0025758743286133,0.628562331199646
Silence - Dataset 3.m4a,silence,8,0.0010983123211190104,0.02734375,1044.2524516593207,-652.9562377929688,130.10638427734375,26.184919357299805,25.657743453979492,47.936363220214844,32.804962158203125,-4.4772796630859375,-11.871257781982422,-1.6366236209869385,1.7397913932800293,5.077106475830078,-7.623376846313477,-4.848852157592773
Silence - Dataset 3.m4a,silence,9,0.0010106993140652776,0.033203125,1251.6657714807877,-633.0955810546875,121.73661804199219,16.11372947692871,33.67289733886719,39.05848693847656,29.34819984436035,-2.1665713787078857,-0.6821808815002441,2.791465997695923,-0.9342062473297119,15.598227500915527,-9.192825317382812,-7.509198188781738
Silence - Dataset 3.m4a,silence,10,0.0011407859856262803,0.03564453125,1316.1332179780577,-637.3493041992188,117.68873596191406,16.139041900634766,35.34252166748047,43.17174530029297,26.44122314453125,-2.0994884967803955,7.711331367492676,7.062394142150879,-2.711700677871704,12.906698226928711,-11.758682250976562,-9.497339248657227
Silence - Dataset 3.m4a,silence,11,0.0013995280023664236,0.03125,1076.0405154728692,-648.6356811523438,121.12064361572266,20.220335006713867,36.63047409057617,54.33694839477539,30.222848892211914,1.6900205612182617,2.6246352195739746,1.035682201385498,3.129556179046631,10.513198852539062,-8.674999237060547,-8.176325798034668
Silence - Dataset 3.m4a,silence,12,0.001474469667300582,0.02587890625,899.1711115223727,-650.7194213867188,124.54524230957031,21.978534698486328,36.94776916503906,61.110694885253906,34.47003173828125,3.5941858291625977,-1.7592236995697021,1.757921814918518,6.239178657531738,8.42409610748291,-4.725983142852783,-6.047534942626953
Silence - Dataset 3.m4a,silence,13,0.0014818585477769375,0.02197265625,925.4380901687583,-653.1218872070312,128.0337371826172,20.741819381713867,28.919178009033203,57.682125091552734,34.01464080810547,2.347289562225342,-0.21185800433158875,6.561454772949219,7.6812052726745605,4.625897407531738,-4.903603553771973,-5.1031413078308105
Silence - Dataset 3.m4a,silence,14,0.001434584497474134,0.0234375,1160.0660438001926,-654.5355834960938,124.39761352539062,21.698575973510742,22.82457160949707,51.358177185058594,33.54590606689453,0.9881099462509155,-3.469252347946167,5.583109378814697,5.066905975341797,-3.1526153087615967,-7.144109725952148,-2.2516493797302246
Silence - Dataset 3.m4a,silence,15,0.0012094721896573901,0.029296875,1234.816286729756,-648.3179321289062,114.30671691894531,25.783384323120117,26.49334716796875,57.57420349121094,34.48130798339844,2.5624496936798096,-4.093580722808838,6.112127780914307,8.011855125427246,-1.7398290634155273,-1.7734789848327637,-1.7321085929870605
Silence - Dataset 3.m4a,silence,16,0.0015645681414753199,0.0263671875,1285.8237206404433,-640.7946166992188,110.1285400390625,27.491289138793945,27.676971435546875,62.330543518066406,35.894065856933594,-0.9267526268959045,-2.375454902648926,10.408672332763672,15.102651596069336,1.2708178758621216,1.4225589036941528,-1.2826900482177734
Silence - Dataset 3.m4a,silence,17,0.001731151482090354,0.0224609375,1186.065309769806,-634.1258544921875,108.7207260131836,26.075489044189453,28.295589447021484,63.484806060791016,32.032203674316406,-1.7217655181884766,3.8570683002471924,13.125436782836914,17.584197998046875,0.2988413870334625,1.147334098815918,3.5792202949523926
Silence - Dataset 3.m4a,silence,18,0.001715084188617766,0.021484375,1213.455959002034,-634.6533203125,108.8939208984375,25.787351608276367,29.349807739257812,63.15272903442383,31.431777954101562,-2.0620296001434326,2.081531524658203,7.2473649978637695,15.788333892822266,2.3043856620788574,2.8752145767211914,-0.7103422284126282
Silence - Dataset 3.m4a,silence,19,0.001736692269332707,0.02587890625,1232.950345819586,-639.2750244140625,112.30862426757812,27.65517807006836,31.187946319580078,64.03660583496094,31.851470947265625,-2.293170928955078,-2.3713748455047607,-0.23494410514831543,13.158641815185547,2.2719550132751465,1.499666690826416,-3.6127049922943115
Silence - Dataset 3.m4a,silence,20,0.001441222964785993,0.0322265625,1343.32230351407,-636.9580078125,113.81289672851562,23.23876190185547,31.62940788269043,65.823486328125,31.768556594848633,-6.821688652038574,-6.072000026702881,-8.594841003417969,11.674718856811523,7.473215103149414,-1.8639501333236694,-5.291736602783203
Silence - Dataset 3.m4a,silence,21,0.0012187340762466192,0.0458984375,1192.528054539082,-608.8106689453125,129.0057373046875,13.240673065185547,27.68446159362793,51.99359130859375,26.109233856201172,-3.6521880626678467,-3.858957290649414,-9.758333206176758,10.237808227539062,11.295909881591797,8.176803588867188,-1.9567220211029053
Silence - Dataset 3.m4a,silence,22,0.001173341297544539,0.04931640625,1315.725779148423,-581.3246459960938,137.92596435546875,-1.4035519361495972,24.877187728881836,36.95005798339844,14.683805465698242,-0.2720586061477661,-9.343799591064453,-12.052495956420898,4.858076095581055,10.28817367553711,13.696879386901855,-0.9716207981109619
Silence - Dataset 3.m4a,silence,23,0.0010738680139183998,0.05078125,1403.3185155542565,-589.6958618164062,133.33604431152344,-0.7570094466209412,25.544757843017578,38.51332092285156,15.251468658447266,1.6558841466903687,-9.98676586151123,-11.719818115234375,4.599536895751953,8.275422096252441,8.178829193115234,-2.7614622116088867
Silence - Dataset 3.m4a,silence,24,0.0009393777581863105,0.05517578125,1429.0456645082909,-600.8003540039062,127.45050048828125,3.6509780883789062,27.466472625732422,39.09674072265625,15.97864055633545,-0.6026145815849304,-10.828197479248047,-12.203975677490234,7.429634094238281,7.840058326721191,-2.9849295616149902,-4.954780101776123
Silence - Dataset 3.m4a,silence,25,0.0009014142560772598,0.05224609375,1468.8788476568361,-609.9973754882812,124.00386047363281,5.7265424728393555,27.33573341369629,39.49625015258789,18.128814697265625,-1.4278290271759033,-10.134659767150879,-12.11509895324707,3.7939605712890625,3.5905685424804688,-5.492216110229492,-5.342499732971191
Silence - Dataset 3.m4a,silence,26,0.0009835594100877643,0.052734375,1545.2928009802768,-604.3193359375,125.5394287109375,5.240699768066406,17.351604461669922,40.96728515625,21.6129150390625,0.2939349114894867,-4.035284996032715,-11.675090789794922,0.8184666633605957,1.5522475242614746,2.8498964309692383,-2.7755002975463867
Silence - Dataset 3.m4a,silence,27,0.0010482099605724216,0.0498046875,1411.4101303308653,-593.77978515625,128.3096160888672,5.3622894287109375,16.69936752319336,43.829803466796875,22.749462127685547,6.837888717651367,-2.908853530883789,-10.345203399658203,1.1334810256958008,1.5878485441207886,12.04677677154541,2.342606782913208
Silence - Dataset 3.m4a,silence,28,0.0012777862139046192,0.04248046875,1454.0382711011216,-601.8267822265625,120.68631744384766,2.941725969314575,22.989660263061523,52.61321258544922,25.300447463989258,9.122869491577148,-2.8198599815368652,-7.727563858032227,2.6382718086242676,0.9317819476127625,15.151992797851562,0.6197413802146912
Silence - Dataset 3.m4a,silence,29,0.001461238949559629,0.03662109375,1349.950215238588,-600.68505859375,121.13500213623047,1.4865657091140747,26.684125900268555,53.60441589355469,27.367656707763672,6.159064769744873,-1.800534725189209,1.4151277542114258,7.551143646240234,1.6128120422363281,13.117446899414062,-5.719956398010254
Silence - Dataset 3.m4a,silence,30,0.0014287460362538695,0.03662109375,1192.779158158334,-589.043212890625,128.20211791992188,-3.641091823577881,24.59967041015625,52.52111053466797,29.839969635009766,8.59904670715332,0.12066107988357544,3.6591081619262695,3.0619027614593506,4.773514270782471,18.86176109313965,-4.696815490722656
Silence - Dataset 3.m4a,silence,31,0.0013995340559631586,0.0390625,1346.5070289529642,-589.5480346679688,129.84832763671875,-8.265043258666992,16.812877655029297,52.47996520996094,25.328824996948242,3.9049577713012695,-4.839633941650391,0.08195096254348755,5.232691287994385,9.693103790283203,22.440670013427734,0.3778432011604309
Silence - Dataset 3.m4a,silence,32,0.0013206078438088298,0.046875,1568.737288007129,-585.0535278320312,127.21055603027344,-11.314432144165039,9.055597305297852,51.032413482666016,21.127479553222656,0.8500180244445801,-4.611616134643555,-0.9402718544006348,3.720609664916992,14.232131958007812,26.76666831970215,-1.1518875360488892
Silence - Dataset 3.m4a,silence,33,0.0011560778366401792,0.0546875,1489.3501249573328,-579.5142211914062,129.33126831054688,-10.742741584777832,13.805200576782227,49.80702209472656,19.240673065185547,1.671223521232605,-1.3795480728149414,4.104527950286865,3.852231025695801,13.466466903686523,26.752300262451172,-8.54560661315918
Silence - Dataset 3.m4a,silence,34,0.0012172028655186296,0.0576171875,1518.154745231332,-583.65087890625,123.24977111816406,-5.007510662078857,22.94775390625,53.055450439453125,19.332660675048828,-2.950429916381836,-6.9560747146606445,2.6890969276428223,4.261144638061523,11.454565048217773,23.28777503967285,-13.871662139892578
Silence - Dataset 3.m4a,silence,35,0.0012249546125531197,0.06396484375,1621.4689356713789,-579.8997802734375,116.66463470458984,-6.708629131317139,22.963207244873047,51.50755310058594,20.427268981933594,0.18106579780578613,-1.437309980392456,0.8489029407501221,3.38199782371521,11.586179733276367,20.082244873046875,-16.72955322265625
Silence - Dataset 3.m4a,silence,36,0.0013465011725202203,0.06640625,1666.4403749356543,-566.4440307617188,116.8162841796875,-3.221770763397217,21.552448272705078,46.38764953613281,17.00257110595703,0.9834758043289185,0.5356341004371643,-4.512012481689453,6.338397026062012,11.228960037231445,17.402427673339844,-17.806217193603516
Silence - Dataset 3.m4a,silence,37,0.0013233323115855455,0.0712890625,1692.467642704612,-553.70654296875,113.77517700195312,3.850515842437744,21.18063735961914,46.221458435058594,20.484893798828125,4.2245941162109375,-1.9739844799041748,-6.5036940574646,6.280254364013672,9.137833595275879,15.119096755981445,-12.452789306640625
Silence - Dataset 3.m4a,silence,38,0.001237883698195219,0.07958984375,1867.6437002037917,-548.821044921875,107.90675354003906,6.560610771179199,18.13979721069336,46.74101638793945,21.74442481994629,2.6162827014923096,-3.4271011352539062,-6.521435260772705,6.6830878257751465,10.004218101501465,12.394289016723633,-7.797063827514648
Silence - Dataset 3.m4a,silence,39,0.001286323182284832,0.07373046875,2126.3558816161008,-563.1334838867188,98.99085998535156,1.6066362857818604,17.155292510986328,46.53969955444336,17.87848472595215,-4.654932498931885,-5.8145246505737305,-8.028382301330566,8.6348237991333,9.83731460571289,13.73073673248291,-3.3173134326934814
Silence - Dataset 3.m4a,silence,40,0.001301066018640995,0.0732421875,1829.9497769880527,-573.5936889648438,104.58030700683594,3.7714343070983887,23.079463958740234,51.53199005126953,20.100475311279297,-7.336275100708008,-1.4676271677017212,-6.531214714050293,9.436698913574219,11.182252883911133,11.217025756835938,-0.2519870400428772
Silence - Dataset 3.m4a,silence,41,0.0013219034299254417,0.0732421875,1454.9760721633852,-577.7171630859375,116.04197692871094,5.713221073150635,22.081077575683594,56.70391082763672,26.92255401611328,-3.047468423843384,5.061700344085693,-7.938723564147949,9.410604476928711,14.941131591796875,4.396904945373535,0.15487055480480194
Silence - Dataset 3.m4a,silence,42,0.0013104231329634786,0.06689453125,1477.2648375710005,-577.6659545898438,120.15373229980469,-0.0017535388469696045,15.495587348937988,56.58195114135742,26.281875610351562,-3.145634651184082,2.522542715072632,-12.305496215820312,12.644506454467773,17.517810821533203,7.374008655548096,4.412985801696777
Silence - Dataset 3.m4a,silence,43,0.0014400522923097014,0.064453125,1674.690579962105,-580.0155639648438,123.4447021484375,-9.23172664642334,7.881120681762695,54.76162338256836,19.418054580688477,-5.868838787078857,-3.711543560028076,-11.002944946289062,14.156499862670898,11.354854583740234,7.469048500061035,0.16288137435913086
Silence - Dataset 3.m4a,silence,44,0.0013287673937156796,0.060546875,1503.0220118393336,-580.9661254882812,127.33267211914062,-11.41452407836914,15.001070022583008,57.062496185302734,16.77977752685547,-2.222130298614502,-0.7844735383987427,-2.1644859313964844,8.621460914611816,9.954940795898438,13.292020797729492,-0.5250988006591797
Silence - Dataset 3.m4a,silence,45,0.0014801524812355638,0.04931640625,1281.8258983415387,-578.0099487304688,131.54473876953125,-12.706761360168457,25.623275756835938,55.6832275390625,19.406330108642578,4.85517692565918,3.9065208435058594,-2.3545775413513184,4.002945899963379,9.242570877075195,10.88360595703125,-1.8104350566864014
Silence - Dataset 3.m4a,silence,46,0.0015492676757276058,0.0478515625,1281.0064598188346,-582.8694458007812,131.32211303710938,-8.275195121765137,25.678913116455078,52.55738830566406,20.1135196685791,6.097204208374023,0.562812089920044,-3.9498534202575684,6.940721035003662,13.65294075012207,10.091510772705078,-5.254731178283691
Silence - Dataset 3.m4a,silence,47,0.0014743219362571836,0.052734375,1278.9834863701553,-585.3059692382812,133.90646362304688,-11.728721618652344,20.801692962646484,55.287208557128906,17.554031372070312,3.2027835845947266,3.1191587448120117,-5.339472770690918,6.163076400756836,18.06572723388672,10.516199111938477,-2.9555180072784424
Silence - Dataset 3.m4a,silence,48,0.0014382039662450552,0.0576171875,1304.9284971793145,-584.4889526367188,137.8243865966797,-14.412307739257812,18.470151901245117,56.045867919921875,16.08206558227539,1.1443959474563599,1.6920443773269653,-4.49072265625,3.5837855339050293,20.717273712158203,14.562254905700684,-0.0903019905090332
Silence - Dataset 3.m4a,silence,49,0.001369485049508512,0.06787109375,1318.3798780218174,-586.0576171875,137.4073486328125,-19.389896392822266,17.89171028137207,53.93157196044922,19.234180450439453,0.5620909929275513,0.4764258861541748,-0.6431087255477905,2.5769262313842773,16.58024024963379,14.653999328613281,-2.7163195610046387
Silence - Dataset 3.m4a,silence,50,0.0014515911461785436,0.064453125,1514.6682282027114,-548.145263671875,134.3421630859375,-17.52276611328125,15.015772819519043,38.659915924072266,14.455719947814941,-12.419486999511719,10.293313980102539,1.9528355598449707,6.957840919494629,8.03240966796875,8.112704277038574,-3.9915144443511963
Silence - Dataset 3.m4a,silence,51,0.0013636896619573236,0.0634765625,1498.146978133698,-530.4055786132812,136.75213623046875,-20.77154541015625,10.734088897705078,31.292266845703125,14.074665069580078,-11.335530281066895,11.802762985229492,1.5416667461395264,5.830605506896973,5.034430503845215,6.000858306884766,-5.297088623046875
Silence - Dataset 3.m4a,silence,52,0.0013166439021006227,0.0634765625,1355.7536014963678,-559.02001953125,140.935791015625,-18.46401596069336,12.218428611755371,33.69070053100586,13.334540367126465,0.30015820264816284,7.549866676330566,2.5299344062805176,5.374427318572998,12.201766014099121,4.346461296081543,-9.281312942504883
Silence - Dataset 3.m4a,silence,53,0.0013083434896543622,0.0576171875,1441.4881636495265,-576.921875,140.52879333496094,-20.240604400634766,15.16575813293457,35.620887756347656,12.018060684204102,1.8841681480407715,1.725083827972412,-0.5843914747238159,4.114051818847656,12.663755416870117,2.0972259044647217,-14.424421310424805
Silence - Dataset 3.m4a,silence,54,0.0011505803558975458,0.0576171875,1319.6860351770197,-579.9402465820312,142.98257446289062,-21.537334442138672,17.379140853881836,41.27548599243164,13.892123222351074,6.8811798095703125,0.7747941017150879,-0.7717118263244629,5.878774166107178,16.793468475341797,8.661569595336914,-10.852252006530762
Silence - Dataset 3.m4a,silence,55,0.0012176746968179941,0.060546875,1224.0751209169491,-584.7118530273438,144.46200561523438,-19.646888732910156,18.88927459716797,42.30518341064453,16.928308486938477,9.714736938476562,1.7277127504348755,-0.14718502759933472,3.0983877182006836,20.203571319580078,9.817635536193848,-10.93033218383789
Silence - Dataset 3.m4a,silence,56,0.0012438010890036821,0.0576171875,1261.1260390380808,-589.0099487304688,143.26824951171875,-15.595865249633789,22.864538192749023,41.38331604003906,15.165824890136719,5.529815673828125,0.009994268417358398,-3.5192642211914062,-4.636066913604736,14.822040557861328,8.21059799194336,-12.804207801818848
Silence - Dataset 3.m4a,silence,57,0.0011488581076264381,0.060546875,1178.7666080652848,-588.2892456054688,146.2317657470703,-12.676154136657715,25.497753143310547,42.690277099609375,13.82900619506836,4.699944496154785,-0.8895382285118103,-3.114013671875,0.2795877456665039,14.843049049377441,7.5229644775390625,-8.927085876464844
Silence - Dataset 3.m4a,silence,58,0.001164509216323495,0.06689453125,1264.155423710702,-592.53564453125,143.57005310058594,-17.433937072753906,16.26422119140625,42.44910430908203,15.808165550231934,4.691843032836914,3.1403656005859375,-0.9122639894485474,3.077341079711914,16.330730438232422,5.077714443206787,-10.175947189331055
Silence - Dataset 3.m4a,silence,59,0.0014601375441998243,0.05859375,1251.9367880064096,-593.2404174804688,142.9235076904297,-18.721864700317383,17.3659725189209,42.04204559326172,16.917438507080078,9.664488792419434,3.89302396774292,-2.110175848007202,5.51487922668457,15.809261322021484,0.6764376163482666,-11.821520805358887
Silence - Dataset 3.m4a,silence,60,0.023588595911860466,0.0673828125,2123.791717931179,-291.79840087890625,114.36312103271484,-57.818321228027344,30.681507110595703,-1.1057320833206177,5.532340049743652,-3.749756097793579,17.411636352539062,-1.053340196609497,-0.18061333894729614,-10.670858383178711,-7.254965782165527,-2.242419958114624
Silence - Dataset 3.m4a,silence,61,0.03674253821372986,0.0673828125,2016.0872911635702,-159.9613494873047,121.56974029541016,-52.07182312011719,25.962568283081055,-0.3424009084701538,4.797287940979004,-3.8253891468048096,10.621718406677246,-4.927305221557617,-0.4498337507247925,-4.95023775100708,-2.979154109954834,-1.4423755407333374
Silence - Dataset 3.m4a,silence,62,0.0384555384516716,0.0625,1651.6874395478599,-145.96153259277344,138.80828857421875,-31.556991577148438,26.99142074584961,0.9098629355430603,4.957952976226807,-7.782427787780762,-1.0201988220214844,-12.877060890197754,-3.1316709518432617,-1.628403663635254,0.37951216101646423,-2.313899040222168
Silence - Dataset 3.m4a,silence,63,0.03873073682188988,0.06591796875,1369.7809748640652,-195.4872283935547,148.78668212890625,-7.733395576477051,21.2052001953125,-3.0593955516815186,12.051619529724121,-7.923228740692139,-10.428871154785156,-12.34394645690918,-2.0401601791381836,-1.116347074508667,2.5273358821868896,-3.2755086421966553
Silence - Dataset 3.m4a,silence,64,0.030822765082120895,0.0576171875,1373.6860759208735,-299.9190979003906,144.40264892578125,-12.017215728759766,23.594085693359375,3.338413953781128,17.801116943359375,3.4029440879821777,-5.499292850494385,-9.202876091003418,0.008802175521850586,-2.2354393005371094,6.457180500030518,-4.127552509307861
Silence - Dataset 3.m4a,silence,65,0.012535551562905312,0.06640625,1415.6595810397398,-384.8770446777344,135.48443603515625,-12.653169631958008,30.384166717529297,14.063249588012695,20.657175064086914,4.5068678855896,0.16750317811965942,-7.53887939453125,4.8418426513671875,-8.558945655822754,5.1917853355407715,-6.614804267883301
Silence - Dataset 3.m4a,silence,66,0.0053656199015676975,0.07470703125,1863.8961131554452,-436.1196594238281,118.20451354980469,-2.672017812728882,14.805692672729492,20.75693130493164,19.25869369506836,6.695535659790039,-0.2841491103172302,-6.926969528198242,4.541795253753662,-7.31028938293457,5.507238388061523,-5.77865743637085
Silence - Dataset 3.m4a,silence,67,0.0026938242372125387,0.0810546875,2121.4119124263543,-470.228515625,111.76897430419922,2.761915683746338,8.04300308227539,19.453941345214844,14.559242248535156,5.848064422607422,1.706639289855957,-10.563172340393066,4.888616561889648,-1.4423059225082397,8.115291595458984,-6.05257511138916
Silence - Dataset 3.m4a,silence,68,0.0019662126433104277,0.07666015625,1998.1417050439195,-495.57635498046875,111.22407531738281,0.7924564480781555,13.033495903015137,18.845327377319336,14.658149719238281,8.386675834655762,0.4242003858089447,-7.6352314949035645,7.326139450073242,5.444747447967529,5.645931243896484,-4.192266464233398
Silence - Dataset 3.m4a,silence,69,0.001861254102550447,0.068359375,1796.609134785126,-504.2513732910156,115.01927185058594,1.9601739645004272,16.739147186279297,19.225481033325195,18.41256332397461,9.14352798461914,2.2190089225769043,-0.09708118438720703,8.891222953796387,6.939618110656738,3.030123233795166,-4.725918769836426
Silence - Dataset 3.m4a,silence,70,0.0018423437140882015,0.05517578125,1558.2667042713877,-528.7813720703125,125.31971740722656,-0.41442108154296875,18.520328521728516,25.14786148071289,18.896663665771484,5.241367340087891,0.4067106246948242,0.841389536857605,3.570699691772461,7.742496490478516,-0.41671648621559143,-8.364219665527344
Silence - Dataset 3.m4a,silence,71,0.001765618333593011,0.04931640625,1364.7907552227189,-555.0750122070312,135.4171142578125,-5.93634033203125,15.749897003173828,30.726577758789062,17.96335792541504,4.947025299072266,2.3308441638946533,4.010098457336426,4.283724308013916,14.489099502563477,1.5430728197097778,-7.714303970336914
Silence - Dataset 3.m4a,silence,72,0.001909973449073732,0.04345703125,1205.3758595378763,-567.7130737304688,141.16177368164062,-8.201269149780273,18.000783920288086,35.12517547607422,21.850698471069336,3.3282217979431152,-0.5277004241943359,4.509092330932617,11.893552780151367,17.961191177368164,2.4552910327911377,-2.3875186443328857
Silence - Dataset 3.m4a,silence,73,0.0023709035012871027,0.03076171875,985.0110764017302,-565.4466552734375,152.37649536132812,-0.2774919867515564,18.519485473632812,36.51898193359375,24.02642059326172,7.351805686950684,-4.1884260177612305,1.050274133682251,15.395315170288086,17.942760467529297,1.9807496070861816,0.9672812223434448
Silence - Dataset 3.m4a,silence,74,0.002549684839323163,0.02978515625,954.0718207413498,-563.5933837890625,152.46238708496094,-3.315659284591675,17.60823631286621,40.13355255126953,23.639747619628906,8.940317153930664,0.018563926219940186,4.353824615478516,10.572736740112305,18.85260009765625,6.150197505950928,-2.5875864028930664
Silence - Dataset 3.m4a,silence,75,0.002513202838599682,0.0283203125,967.7106373446973,-568.7787475585938,150.0881805419922,-13.167287826538086,13.125141143798828,45.92322540283203,29.589908599853516,8.521533966064453,-2.214573383331299,6.958320140838623,9.859638214111328,19.22154998779297,7.253399848937988,-4.365497589111328
Silence - Dataset 3.m4a,silence,76,0.0024056260008364916,0.03369140625,1101.1821370696853,-578.8289184570312,147.8819122314453,-13.17371940612793,13.134817123413086,45.441017150878906,25.785001754760742,5.823481559753418,-2.3984384536743164,4.414010524749756,7.802926063537598,16.464725494384766,8.033005714416504,-5.788033485412598
Silence - Dataset 3.m4a,silence,77,0.0019788742065429688,0.04931640625,1089.349440015628,-583.0498046875,150.2928466796875,-10.85781478881836,16.32785987854004,45.59138107299805,24.05294418334961,6.797326564788818,0.4620458781719208,-0.3358393907546997,0.27758240699768066,13.083736419677734,4.165633678436279,-8.634788513183594
Silence - Dataset 3.m4a,silence,78,0.00194538536015898,0.0498046875,1041.843492747722,-586.01025390625,153.5758056640625,-9.27469253540039,16.017986297607422,46.185997009277344,20.49945640563965,3.3226470947265625,0.49279287457466125,-2.6803994178771973,4.046548843383789,20.86020851135254,8.026942253112793,-12.152984619140625
Silence - Dataset 3.m4a,silence,79,0.0025585643015801907,0.04052734375,977.9866066082313,-585.1907348632812,155.989013671875,-4.660404205322266,16.334075927734375,43.57293701171875,20.803428649902344,1.0521092414855957,1.19178307056427,1.4529043436050415,12.021223068237305,20.294757843017578,5.570611000061035,-9.816255569458008
Silence - Dataset 3.m4a,silence,80,0.002572803059592843,0.03857421875,841.9242595429388,-577.8269653320312,158.26393127441406,-0.6988058090209961,13.24686050415039,40.405029296875,28.469764709472656,5.478045463562012,2.3354806900024414,6.167911529541016,14.04297924041748,18.457435607910156,6.6721882820129395,-6.369715690612793
Silence - Dataset 3.m4a,silence,81,0.0025829828809946775,0.0283203125,860.9307467915994,-581.467041015625,154.50318908691406,-2.5408012866973877,11.65056324005127,41.601158142089844,30.659637451171875,6.4205474853515625,-2.6955060958862305,6.585132598876953,14.161380767822266,18.20476531982422,9.172205924987793,-1.038875699043274
Silence - Dataset 3.m4a,silence,82,0.0023661216255277395,0.03564453125,944.8893352492616,-588.8270874023438,152.29617309570312,-3.568363904953003,14.223876953125,42.82817077636719,34.322853088378906,3.807107448577881,-3.510979175567627,10.627120971679688,12.325424194335938,14.76727294921875,5.951468467712402,-3.852043390274048
Silence - Dataset 3.m4a,silence,83,0.0016957484185695648,0.04296875,1102.3536948346823,-600.3484497070312,145.75193786621094,-6.25269889831543,8.906139373779297,42.08497619628906,35.168128967285156,5.485445022583008,-0.850787878036499,11.987897872924805,7.625887870788574,10.115245819091797,2.319470167160034,-8.150514602661133
Silence - Dataset 3.m4a,silence,84,0.0015548766823485494,0.041015625,1146.4206573989538,-600.9303588867188,150.1368865966797,-8.433670043945312,0.9804947376251221,38.485260009765625,32.1407470703125,5.065497398376465,-5.8490214347839355,6.991946220397949,5.958304405212402,6.360454559326172,3.3279857635498047,-6.12054443359375
Silence - Dataset 3.m4a,silence,85,0.0015218479093164206,0.0400390625,989.3517170822356,-595.5800170898438,158.92291259765625,-1.4115405082702637,2.1104490756988525,37.39664077758789,32.15601348876953,2.0282223224639893,-7.726520538330078,6.745316505432129,4.438973426818848,9.278858184814453,10.279824256896973,-0.2065030336380005
Silence - Dataset 3.m4a,silence,86,0.0015569024253636599,0.0380859375,957.9037939944885,-597.842041015625,155.51123046875,2.868776559829712,10.144683837890625,40.604461669921875,33.015892028808594,1.0221951007843018,-4.628298282623291,8.071685791015625,1.5937979221343994,11.995532989501953,13.470779418945312,-0.5540183782577515
Silence - Dataset 3.m4a,silence,87,0.0015169716207310557,0.03564453125,959.3842190738861,-603.57421875,153.5223388671875,6.379777908325195,10.044346809387207,40.2390251159668,38.41301727294922,2.8861472606658936,-6.628246784210205,7.434100151062012,0.4645587205886841,6.563066482543945,8.87417984008789,-1.7094130516052246
Silence - Dataset 3.m4a,silence,88,0.001457385253161192,0.03515625,1068.671073865977,-610.6188354492188,150.73068237304688,2.4431285858154297,0.9397276639938354,37.00006866455078,42.65895080566406,5.955572128295898,-11.583081245422363,5.630583763122559,3.6478137969970703,3.560345411300659,7.154725551605225,-1.9651275873184204
Silence - Dataset 3.m4a,silence,89,0.001520425663329661,0.0361328125,1088.3822634103476,-617.4261474609375,144.7716064453125,1.168126106262207,4.868654251098633,40.191551208496094,40.696319580078125,4.6097564697265625,-14.219544410705566,6.026579856872559,9.528934478759766,8.025230407714844,9.108386993408203,-2.0466535091400146
Silence - Dataset 3.m4a,silence,90,0.0015975015703588724,0.03125,978.072866470575,-608.1118774414062,150.01400756835938,3.4756550788879395,7.521193504333496,41.95344543457031,43.08856964111328,8.94190502166748,-10.087858200073242,6.418798446655273,5.804188251495361,5.6344828605651855,4.996642112731934,-1.4252727031707764
Silence - Dataset 3.m4a,silence,91,0.0016547666164115071,0.02685546875,957.2091808558849,-605.388671875,153.09463500976562,7.408006191253662,5.441396713256836,37.37638854980469,44.94255828857422,9.295188903808594,-12.017692565917969,6.317649841308594,8.459120750427246,10.161547660827637,6.7534260749816895,-1.0242023468017578
Silence - Dataset 3.m4a,silence,92,0.0016481868224218488,0.0302734375,1015.7758423405821,-612.0452880859375,153.29653930664062,12.59980297088623,3.62125825881958,32.406368255615234,38.16393280029297,4.796964645385742,-17.015684127807617,0.5698493719100952,14.761323928833008,17.909000396728516,7.065051078796387,-0.6080954670906067
Silence - Dataset 3.m4a,silence,93,0.0016058083856478333,0.029296875,1008.8117992832247,-615.8907470703125,153.2967071533203,16.148637771606445,4.416006565093994,32.845516204833984,35.342559814453125,4.189187049865723,-17.6025333404541,-3.2959628105163574,14.042755126953125,20.208980560302734,3.545248031616211,-3.0756211280822754
Silence - Dataset 3.m4a,silence,94,0.001476674573495984,0.03076171875,962.8259747370761,-614.5755004882812,153.12814331054688,13.928447723388672,6.072676181793213,34.87624740600586,36.253814697265625,3.259840965270996,-16.22219467163086,-2.31367564201355,11.534618377685547,14.230973243713379,3.320051908493042,1.4274243116378784
Silence - Dataset 3.m4a,silence,95,0.0013669340405613184,0.0439453125,971.9426797924477,-614.3382568359375,152.11871337890625,12.736013412475586,8.790767669677734,35.810821533203125,36.11183547973633,5.914385795593262,-14.984241485595703,-2.668602466583252,11.974653244018555,14.47177505493164,4.316964149475098,-0.3695138096809387
Silence - Dataset 3.m4a,silence,96,0.0012149126268923283,0.0498046875,1134.091548962535,-617.0571899414062,149.9396514892578,11.846418380737305,6.700375556945801,31.20560073852539,30.476612091064453,4.073054790496826,-19.451751708984375,-7.523940086364746,8.893167495727539,9.924247741699219,-1.6434731483459473,-4.477724075317383
Silence - Dataset 3.m4a,silence,97,0.0010895896703004837,0.04931640625,1208.7806703562674,-616.144287109375,147.09844970703125,9.845611572265625,5.801286697387695,27.280654907226562,28.77849578857422,6.071552753448486,-16.309017181396484,-5.645615100860596,7.983911514282227,7.510458946228027,-2.9831461906433105,-2.057202100753784
Silence - Dataset 3.m4a,silence,98,0.0010936189210042357,0.04638671875,1076.4116074142948,-616.3308715820312,147.87667846679688,14.131278991699219,10.0758695602417,27.02642059326172,27.081073760986328,10.866120338439941,-11.716869354248047,-4.163977146148682,9.733898162841797,8.389034271240234,-2.174179792404175,-2.1312270164489746
Silence - Dataset 3.m4a,silence,99,0.0014621957670897245,0.03564453125,1046.9086028579623,-614.916259765625,150.29013061523438,15.991576194763184,15.07508659362793,29.100055694580078,22.362743377685547,9.010047912597656,-10.903268814086914,-5.538572311401367,10.90715217590332,11.608392715454102,-1.477990984916687,-2.6069798469543457
Silence - Dataset 3.m4a,silence,100,0.0015598646132275462,0.0302734375,920.9973357860033,-611.6755981445312,150.13912963867188,17.54256248474121,19.30302619934082,28.475252151489258,20.157875061035156,8.268072128295898,-5.114565849304199,0.33532077074050903,14.541329383850098,16.20496368408203,1.6358965635299683,0.8411372900009155
Silence - Dataset 3.m4a,silence,101,0.0016255202936008573,0.03369140625,867.1657688154394,-607.9669799804688,156.29405212402344,22.16595458984375,17.198081970214844,31.569616317749023,26.972713470458984,11.423107147216797,-6.156966209411621,-5.381014823913574,6.671322822570801,10.112741470336914,0.510909914970398,-1.419765591621399
Silence - Dataset 3.m4a,silence,102,0.0017870469018816948,0.0361328125,991.9226014425622,-609.8095092773438,151.72372436523438,19.468069076538086,14.754461288452148,32.653438568115234,31.089370727539062,12.799229621887207,-9.605813980102539,-10.042222023010254,3.6418919563293457,11.34571361541748,1.1941518783569336,-6.328521251678467
Silence - Dataset 3.m4a,silence,103,0.001708023133687675,0.03564453125,900.1879118653344,-609.2745971679688,149.1790771484375,17.919279098510742,20.607385635375977,38.64277267456055,34.3987922668457,12.465368270874023,-13.144287109375,-8.893634796142578,2.8045992851257324,14.702971458435059,4.923859596252441,-1.119779109954834
Silence - Dataset 3.m4a,silence,104,0.001778808538801968,0.03173828125,937.6593200033296,-611.5963134765625,148.38143920898438,18.828975677490234,23.008182525634766,36.94542694091797,31.18138885498047,11.320280075073242,-10.123197555541992,-8.426655769348145,2.4842615127563477,12.711896896362305,0.4008774757385254,-2.0328609943389893
Silence - Dataset 3.m4a,silence,105,0.0018730066949501634,0.0224609375,916.7598899838601,-607.4608154296875,150.34298706054688,17.285842895507812,18.760019302368164,34.4798698425293,27.481182098388672,8.568940162658691,-6.334921836853027,-3.039562940597534,4.415630340576172,13.62072467803955,0.6765894889831543,-1.064890742301941
Silence - Dataset 3.m4a,silence,106,0.001673025544732809,0.0283203125,961.4427678510875,-606.4651489257812,151.017333984375,14.52577018737793,15.63193416595459,32.81706237792969,22.542739868164062,3.4982612133026123,-6.778476238250732,-5.0171990394592285,3.325815439224243,17.959096908569336,3.9798223972320557,-0.8371818661689758
Silence - Dataset 3.m4a,silence,107,0.0017603726591914892,0.02734375,1037.9006757791353,-616.5267333984375,147.00390625,13.169882774353027,16.689197540283203,36.86084747314453,23.580440521240234,2.544415235519409,-8.235179901123047,-4.228405952453613,3.25881028175354,15.122844696044922,1.7072583436965942,-7.200112819671631
Silence - Dataset 3.m4a,silence,108,0.0020745324436575174,0.02880859375,972.1941088035206,-618.4266967773438,141.92164611816406,13.342646598815918,22.7275333404541,39.15221405029297,27.91899871826172,5.546060562133789,-5.212479591369629,1.9180402755737305,5.924594879150391,14.142749786376953,1.3286646604537964,-8.740772247314453
Silence - Dataset 3.m4a,silence,109,0.001989070326089859,0.03662109375,852.6799274968928,-608.2470703125,145.45843505859375,19.008716583251953,26.53203582763672,38.05717468261719,32.148807525634766,4.769356727600098,-8.546939849853516,5.581967353820801,11.545162200927734,14.755496978759766,1.3917737007141113,-4.877925872802734
Silence - Dataset 3.m4a,silence,110,0.002164051402360201,0.0263671875,855.3536722754095,-607.5086669921875,150.28443908691406,17.87928581237793,20.061073303222656,35.89263153076172,30.441646575927734,3.4811363220214844,-7.075186729431152,8.298818588256836,15.098806381225586,15.907251358032227,5.109979629516602,-3.3507449626922607
Silence - Dataset 3.m4a,silence,111,0.0021093168761581182,0.02685546875,921.8828470225809,-614.62060546875,150.3214111328125,13.006670951843262,13.509269714355469,35.757293701171875,27.634597778320312,5.243892669677734,-4.166577339172363,9.538032531738281,14.650528907775879,18.18268585205078,10.839017868041992,-3.8890984058380127
Silence - Dataset 3.m4a,silence,112,0.0016455178847536445,0.029296875,931.1368950981324,-611.6499633789062,146.74118041992188,9.992363929748535,18.750347137451172,39.28455352783203,28.022842407226562,4.546139717102051,-8.458914756774902,1.0858135223388672,7.382916450500488,17.62871742248535,12.730749130249023,-1.9049988985061646
Silence - Dataset 3.m4a,silence,113,0.0015732368919998407,0.03173828125,938.1611827743727,-609.9020385742188,148.11734008789062,13.85220718383789,18.76007652282715,33.84218215942383,24.87734603881836,-0.6284732222557068,-12.199422836303711,4.071928024291992,10.552326202392578,15.79002857208252,10.409745216369629,2.7103078365325928
Silence - Dataset 3.m4a,silence,114,0.0015321222599595785,0.03759765625,1066.9053008792825,-614.7211303710938,150.77349853515625,16.5865421295166,13.679866790771484,31.284591674804688,18.587158203125,-7.1278581619262695,-12.947504043579102,4.8976826667785645,9.9310884475708,11.249242782592773,5.488864421844482,-3.5600955486297607
Silence - Dataset 3.m4a,silence,115,0.0015006480971351266,0.03955078125,940.5890131647759,-614.0579833984375,153.10267639160156,21.627544403076172,19.511449813842773,33.69575500488281,21.861133575439453,-3.5877065658569336,-14.349527359008789,1.8211581707000732,12.428672790527344,13.360848426818848,5.7788262367248535,-3.923809051513672
Silence - Dataset 3.m4a,silence,116,0.0018208532128483057,0.03369140625,904.4778389489493,-614.0127563476562,151.2882080078125,23.102392196655273,20.34636116027832,31.259872436523438,26.26848602294922,-1.563021183013916,-13.610380172729492,4.066141128540039,16.03885841369629,16.584888458251953,5.362433910369873,-4.553709983825684
Silence - Dataset 3.m4a,silence,117,0.0018371095648035407,0.0322265625,851.3982938230779,-614.3653564453125,149.57928466796875,22.259735107421875,20.800872802734375,32.076480865478516,26.14885139465332,2.2950377464294434,-7.810801982879639,6.107277870178223,17.248218536376953,16.055334091186523,6.337769031524658,-3.7333016395568848
Silence - Dataset 3.m4a,silence,118,0.0016848668456077576,0.03466796875,910.790205250941,-614.2280883789062,148.20314025878906,17.785966873168945,18.213680267333984,32.79996871948242,23.74825096130371,2.2576682567596436,-9.606212615966797,3.6323299407958984,16.91457176208496,17.231185913085938,7.832680702209473,-3.082423210144043
Silence - Dataset 3.m4a,silence,119,0.0015005560126155615,0.04150390625,1047.396181423795,-618.6654052734375,148.1879119873047,16.408105850219727,12.495479583740234,28.63872528076172,24.17890167236328,4.884614944458008,-13.971325874328613,-2.1782259941101074,15.169986724853516,18.590652465820312,7.6174468994140625,-2.1635942459106445
Silence - Dataset 3.m4a,silence,120,0.001095301122404635,0.04736328125,1104.8033058269227,-621.4334106445312,146.59959411621094,14.472487449645996,12.708890914916992,31.486488342285156,23.64051628112793,1.0714949369430542,-14.43761920928955,2.481156349182129,17.002819061279297,15.413015365600586,3.1326184272766113,-2.3695664405822754
Silence - Dataset 3.m4a,silence,121,0.0010584973497316241,0.04541015625,1072.9570827790167,-619.1958618164062,147.1922607421875,12.7618408203125,12.696836471557617,34.8989372253418,24.045406341552734,-3.959864616394043,-13.755821228027344,2.5136382579803467,12.224615097045898,12.716243743896484,2.525897741317749,0.25864309072494507
Silence - Dataset 3.m4a,silence,122,0.0012519152369350195,0.03955078125,1132.5003935257612,-620.9859008789062,145.30215454101562,13.363409042358398,14.58085823059082,33.909671783447266,22.671056747436523,-5.106620788574219,-14.591079711914062,2.077617645263672,11.456732749938965,10.335647583007812,1.295788049697876,1.8530769348144531
Silence - Dataset 3.m4a,silence,123,0.0012259113136678934,0.04296875,995.2828714792454,-615.016845703125,149.50794982910156,20.19158935546875,18.97049331665039,30.79236602783203,20.669410705566406,-6.324051856994629,-12.792352676391602,8.181578636169434,14.507291793823242,9.101078033447266,-0.5781607031822205,-2.209745407104492
Silence - Dataset 3.m4a,silence,124,0.001171140349470079,0.05078125,945.460107414902,-611.6104736328125,154.77780151367188,21.481746673583984,16.77912139892578,28.788375854492188,20.804710388183594,-4.589114189147949,-10.040857315063477,10.274657249450684,11.429031372070312,6.421460151672363,-0.06377255916595459,-3.628584623336792
Silence - Dataset 3.m4a,silence,125,0.0010707557667046785,0.0625,1210.584834363725,-616.08837890625,145.30239868164062,12.743524551391602,12.98265266418457,24.608089447021484,17.633392333984375,-6.489670276641846,-12.192155838012695,7.761694431304932,10.849419593811035,6.264742374420166,-2.8523812294006348,-6.38482666015625
Silence - Dataset 3.m4a,silence,126,0.00079912762157619,0.06494140625,1285.8354243854847,-620.4962158203125,141.25698852539062,8.19410514831543,7.708080768585205,23.598617553710938,20.908851623535156,-4.956852912902832,-13.011558532714844,5.845589637756348,5.851019859313965,5.062434673309326,-1.8159704208374023,-3.145113229751587
Silence - Dataset 3.m4a,silence,127,0.0008729386609047651,0.05419921875,1277.2554354753818,-620.8521728515625,142.04049682617188,7.085182189941406,6.411850929260254,26.19157600402832,19.792625427246094,-6.295016288757324,-12.989444732666016,5.4261555671691895,7.926141262054443,6.984984397888184,0.16111917793750763,2.90217924118042
Silence - Dataset 3.m4a,silence,128,0.000946864252910018,0.04931640625,1145.7148857614775,-615.81298828125,145.5330810546875,7.597553253173828,9.197748184204102,32.803749084472656,22.597679138183594,-4.899477005004883,-9.547060012817383,9.31920337677002,14.123345375061035,10.348401069641113,1.4722636938095093,6.994028091430664
Silence - Dataset 3.m4a,silence,129,0.0011608131462708116,0.0361328125,1129.2269822147664,-610.4983520507812,147.12265014648438,5.597533226013184,10.415033340454102,32.59712600708008,26.61074447631836,-3.3513917922973633,-10.89352798461914,10.168867111206055,13.649787902832031,11.49512767791748,2.454256057739258,2.4073078632354736
Silence - Dataset 3.m4a,silence,130,0.0014618283603340387,0.02978515625,1005.700210827797,-606.74951171875,150.18045043945312,7.19719123840332,16.327957153320312,35.54693603515625,24.680849075317383,-1.7736703157424927,-11.364788055419922,5.397374153137207,13.515525817871094,15.089595794677734,5.631460189819336,-0.9600155353546143
Silence - Dataset 3.m4a,silence,131,0.00173643184825778,0.02734375,964.6232916008225,-605.3340454101562,150.94317626953125,6.869956016540527,15.84350299835205,36.99333190917969,24.430845260620117,-1.0871636867523193,-7.403079986572266,5.924459934234619,14.143455505371094,14.809738159179688,1.7718720436096191,0.048915594816207886
Silence - Dataset 3.m4a,silence,132,0.00205223192460835,0.01708984375,969.080419619049,-604.1322021484375,149.98037719726562,3.0897226333618164,13.633501052856445,38.78211212158203,27.60608673095703,1.5737695693969727,-5.909135818481445,7.198580741882324,14.468503952026367,9.784122467041016,-1.0177550315856934,2.002542495727539
Silence - Dataset 3.m4a,silence,133,0.0023008696734905243,0.01318359375,914.2168275927731,-600.6015014648438,151.19760131835938,6.699153900146484,16.14491844177246,37.58848190307617,31.614227294921875,8.053821563720703,-5.397596836090088,8.296746253967285,10.853952407836914,6.921010494232178,0.1629803329706192,3.1546072959899902
Silence - Dataset 3.m4a,silence,134,0.0022895652800798416,0.01416015625,876.019573956177,-599.7565307617188,147.16184997558594,6.0139875411987305,19.766298294067383,40.39271545410156,33.898597717285156,6.9391021728515625,-8.54654312133789,6.361753463745117,15.397695541381836,12.37731647491455,2.058832883834839,4.952644348144531
Silence - Dataset 3.m4a,silence,135,0.0023996641393750906,0.01220703125,901.3199065656476,-602.0202026367188,147.29017639160156,5.867677211761475,20.036930084228516,40.382713317871094,33.702152252197266,5.260165691375732,-12.101632118225098,3.523770332336426,17.300472259521484,13.438138961791992,0.6670680046081543,7.870595932006836
Silence - Dataset 3.m4a,silence,136,0.0022418838925659657,0.01708984375,892.4905737272229,-600.6682739257812,148.24539184570312,3.125326633453369,17.16131591796875,39.61566925048828,29.595703125,4.609342575073242,-13.67776107788086,7.758306503295898,25.700122833251953,17.800731658935547,-0.10371267795562744,7.060114860534668
Silence - Dataset 3.m4a,silence,137,0.0019737794063985348,0.02001953125,1060.1209995295328,-604.4085083007812,140.34384155273438,-5.043803691864014,13.982760429382324,36.921180725097656,27.172086715698242,2.954122543334961,-7.111155033111572,11.950859069824219,25.148212432861328,18.394119262695312,-1.3193228244781494,3.39372181892395
Silence - Dataset 3.m4a,silence,138,0.0018389789620414376,0.029296875,1124.113058757648,-602.7493286132812,138.15521240234375,-7.414339065551758,13.731945037841797,39.16139602661133,31.854942321777344,5.109121322631836,-3.754613161087036,12.560613632202148,23.113746643066406,14.552294731140137,-6.43515682220459,-0.49710193276405334
Silence - Dataset 3.m4a,silence,139,0.0015731888124719262,0.03857421875,1199.3379861648923,-602.4254760742188,140.05087280273438,-1.751766562461853,17.45608901977539,35.99745559692383,28.71645736694336,-0.8014609813690186,-10.368097305297852,11.219400405883789,19.525386810302734,11.028647422790527,-3.1632652282714844,0.8743425607681274
Silence - Dataset 3.m4a,silence,140,0.0014291745610535145,0.044921875,1155.4786223428368,-599.0120239257812,140.95474243164062,3.223789691925049,18.41252899169922,35.98799133300781,30.525062561035156,0.7728794813156128,-8.799982070922852,11.481420516967773,14.777412414550781,8.411130905151367,-0.5613069534301758,3.955169200897217
Silence - Dataset 3.m4a,silence,141,0.0015221508219838142,0.0478515625,1296.7663357049103,-588.1466064453125,129.23780822753906,7.768765449523926,20.915283203125,33.91912078857422,33.595359802246094,-1.4783117771148682,-11.318862915039062,10.743770599365234,16.251834869384766,7.749488830566406,-0.37454503774642944,5.212890625
Silence - Dataset 3.m4a,silence,142,0.0016435764264315367,0.0400390625,1180.2058274022265,-589.7891235351562,133.48397827148438,10.376126289367676,29.365619659423828,37.34669876098633,30.207590103149414,-6.573188781738281,-18.653669357299805,5.622006416320801,12.555025100708008,6.643171310424805,-2.8451895713806152,4.34647274017334
Silence - Dataset 3.m4a,silence,143,0.0014961776323616505,0.0400390625,1059.1483873470809,-592.9965209960938,142.08978271484375,8.450610160827637,29.648488998413086,45.21598815917969,28.08642578125,-12.155067443847656,-21.489643096923828,1.7466840744018555,7.310145378112793,6.933250904083252,-0.05821547657251358,6.284074783325195
Silence - Dataset 3.m4a,silence,144,0.0018303534016013145,0.0283203125,1100.6027042658015,-599.6473388671875,142.03675842285156,5.3615570068359375,27.53577423095703,44.59605407714844,24.94753646850586,-12.288813591003418,-17.52737045288086,1.795151710510254,8.240882873535156,6.124459266662598,0.2964242100715637,5.135217666625977
Silence - Dataset 3.m4a,silence,145,0.0020545017905533314,0.0244140625,1060.7467122905205,-600.4619750976562,139.21954345703125,3.2999496459960938,29.79275894165039,42.09865951538086,27.44363021850586,-6.944104194641113,-16.28656768798828,6.638281345367432,13.959628105163574,8.077253341674805,-0.7145349979400635,1.6271804571151733
Silence - Dataset 3.m4a,silence,146,0.0019396650604903698,0.03076171875,990.5564693822777,-599.79345703125,137.34017944335938,3.7831180095672607,29.06841278076172,37.92685317993164,29.556472778320312,-3.335880994796753,-16.83321189880371,7.723325252532959,17.55435562133789,15.431133270263672,4.265826225280762,4.220384120941162
Silence - Dataset 3.m4a,silence,147,0.0019224653951823711,0.03173828125,1054.494914250434,-600.6232299804688,138.2266845703125,3.110379219055176,28.09518814086914,34.26244354248047,27.153949737548828,-1.712367296218872,-14.624425888061523,7.711985111236572,17.090734481811523,15.733318328857422,0.48793134093284607,1.0830974578857422
Silence - Dataset 3.m4a,silence,148,0.001562710851430893,0.04931640625,1248.2294330541567,-600.2898559570312,135.18814086914062,-2.0958428382873535,29.170345306396484,33.84748840332031,21.897438049316406,-5.353854656219482,-13.966651916503906,9.268831253051758,12.458910942077637,11.42696762084961,-2.6525521278381348,-0.091910719871521
Silence - Dataset 3.m4a,silence,149,0.0009745421702973545,0.06201171875,1380.791976564131,-598.7424926757812,133.53018188476562,-3.1314284801483154,25.840980529785156,32.25737380981445,22.11764144897461,-9.199807167053223,-14.176448822021484,10.357808113098145,7.761913776397705,8.491827011108398,-6.417757511138916,-3.0700995922088623
Silence - Dataset 3.m4a,silence,150,0.0009545821812935174,0.0654296875,1468.7167289177,-596.7098388671875,133.21603393554688,-4.620482921600342,23.175701141357422,32.18367004394531,23.084537506103516,-12.254875183105469,-19.867080688476562,6.551438331604004,4.407512664794922,7.755411148071289,-7.059688568115234,-4.6538615226745605
Silence - Dataset 3.m4a,silence,151,0.0009814710356295109,0.0654296875,1294.964632892818,-591.3150024414062,140.43841552734375,-1.1210782527923584,24.266895294189453,32.00464630126953,23.710275650024414,-9.589616775512695,-20.046375274658203,3.32676362991333,4.134030818939209,6.045253753662109,-3.485156297683716,0.9530779719352722
Silence - Dataset 3.m4a,silence,152,0.0011278335005044937,0.060546875,1213.528465113191,-593.5089111328125,141.67495727539062,-1.4448847770690918,22.388580322265625,35.703819274902344,26.246816635131836,-6.3219757080078125,-15.93671989440918,6.940698146820068,10.966554641723633,6.304055213928223,-1.5774656534194946,4.075758934020996
Silence - Dataset 3.m4a,silence,153,0.0011833534808829427,0.05126953125,1150.5332178967155,-597.5449829101562,137.27969360351562,-0.09351792931556702,25.411178588867188,36.370418548583984,26.94524383544922,-2.458949089050293,-9.978475570678711,7.463202953338623,16.832183837890625,9.145263671875,-0.2431563436985016,7.503576755523682
Silence - Dataset 3.m4a,silence,154,0.001399221713654697,0.04443359375,1195.2619882784538,-599.4603271484375,137.4741973876953,0.013870477676391602,25.081178665161133,34.182212829589844,25.039657592773438,-4.396796703338623,-13.382599830627441,6.498979568481445,16.379684448242188,9.55811882019043,-1.7680611610412598,3.817333936691284
Silence - Dataset 3.m4a,silence,155,0.0016672282945364714,0.037109375,1086.9382851017326,-602.61279296875,139.49420166015625,3.8676626682281494,31.31093978881836,41.402099609375,26.12930679321289,-9.086732864379883,-20.043190002441406,9.364079475402832,19.041484832763672,10.847640991210938,-1.1699632406234741,1.7929593324661255
Silence - Dataset 3.m4a,silence,156,0.001669042743742466,0.03662109375,969.1454533831346,-598.497314453125,141.16943359375,5.189461708068848,36.77397155761719,43.779144287109375,22.527305603027344,-7.422811508178711,-17.51323699951172,13.257732391357422,20.97803497314453,11.617401123046875,-2.5283632278442383,-0.33014148473739624
Silence - Dataset 3.m4a,silence,157,0.0019128837157040834,0.03173828125,950.5946450167899,-595.3992919921875,147.7662353515625,8.993337631225586,34.89274215698242,39.58504104614258,20.168197631835938,-7.058317184448242,-18.21231460571289,11.449687957763672,14.87190055847168,7.141278266906738,-2.6381256580352783,-0.43346327543258667
Silence - Dataset 3.m4a,silence,158,0.002008833922445774,0.03076171875,992.4307434683814,-593.8925170898438,147.57220458984375,7.362356662750244,32.23587417602539,35.48167419433594,17.439983367919922,-4.98870849609375,-14.997288703918457,12.27513313293457,15.332609176635742,8.928812980651855,0.2342769056558609,0.24120640754699707
Silence - Dataset 3.m4a,silence,159,0.0019245060393586755,0.03076171875,918.0122787495617,-589.83349609375,147.56692504882812,9.05316162109375,35.257530212402344,34.88749694824219,17.892333984375,-0.9276385307312012,-11.53182601928711,13.561758041381836,19.121898651123047,9.389211654663086,-1.804231882095337,-0.19578486680984497
Silence - Dataset 3.m4a,silence,160,0.0018416078528389335,0.03271484375,951.6431950926801,-587.8905029296875,147.1357879638672,5.6906514167785645,32.04718017578125,31.77857208251953,17.259431838989258,-1.5681824684143066,-11.062570571899414,10.159744262695312,18.270721435546875,7.9947357177734375,-3.732363224029541,4.09174108505249
Silence - Dataset 3.m4a,silence,161,0.0015802771085873246,0.04638671875,1215.4728041454648,-595.199462890625,139.24850463867188,-1.6835076808929443,27.171241760253906,29.043323516845703,13.833449363708496,-4.047186851501465,-11.273052215576172,6.558307647705078,19.114927291870117,6.453879356384277,-3.9199371337890625,10.470752716064453
Silence - Dataset 3.m4a,silence,162,0.001213796902447939,0.0576171875,1328.6959461536164,-599.9207153320312,135.34506225585938,-6.277299880981445,25.45627212524414,30.566930770874023,15.595671653747559,-4.689330101013184,-19.895509719848633,1.3131824731826782,15.071076393127441,0.5845123529434204,-6.521921157836914,10.432767868041992
Silence - Dataset 3.m4a,silence,163,0.0013494500890374184,0.05615234375,1293.0706675692736,-599.697021484375,139.20240783691406,-4.050295829772949,24.60963249206543,33.0951042175293,20.191299438476562,-3.351283550262451,-24.06387710571289,2.319852828979492,14.539589881896973,-1.4984705448150635,-4.980442047119141,9.311137199401855
Silence - Dataset 3.m4a,silence,164,0.0016259760595858097,0.04443359375,1063.4921851865918,-594.01220703125,145.87939453125,2.0820229053497314,29.898548126220703,37.46487808227539,20.15787696838379,-5.278861045837402,-19.787092208862305,9.78067398071289,18.810457229614258,0.7562358379364014,-4.177267551422119,8.822208404541016
Silence - Dataset 3.m4a,silence,165,0.0016404767520725727,0.03857421875,965.3632731818934,-590.2608032226562,146.00469970703125,1.2016470432281494,30.09569549560547,39.161407470703125,22.31631851196289,-4.359647274017334,-15.369394302368164,9.03493595123291,18.620147705078125,6.068140983581543,-0.9826691150665283,14.954544067382812
Silence - Dataset 3.m4a,silence,166,0.00164815376047045,0.03466796875,1112.787141701555,-594.4715576171875,141.80435180664062,-2.205432891845703,27.123577117919922,40.123687744140625,23.851789474487305,-4.581213474273682,-13.899128913879395,8.77065658569336,14.690923690795898,4.891654968261719,-2.4852066040039062,10.52069091796875
Silence - Dataset 3.m4a,silence,167,0.0014724967768415809,0.03662109375,1155.3824461132858,-597.519775390625,144.369873046875,3.587120294570923,28.869853973388672,36.166954040527344,17.772279739379883,-10.82705307006836,-17.822593688964844,7.728180885314941,13.087345123291016,2.7644529342651367,-5.392938613891602,7.4042229652404785
Silence - Dataset 3.m4a,silence,168,0.001305022626183927,0.03955078125,1071.9718339271599,-598.4204711914062,145.61044311523438,7.409833908081055,29.309688568115234,31.50763702392578,17.64143943786621,-5.576508522033691,-19.799171447753906,6.688650131225586,18.931522369384766,5.796445846557617,-7.485761642456055,0.6801409721374512
Silence - Dataset 3.m4a,silence,169,0.0072700260207057,0.03515625,1058.8896267127352,-582.47607421875,155.96456909179688,-0.4998708963394165,10.8768310546875,16.529836654663086,22.363399505615234,6.315500259399414,-12.846685409545898,6.266863822937012,12.433915138244629,4.059509754180908,-2.4089648723602295,3.794179677963257
Silence - Dataset 3.m4a,silence,170,0.008164465427398682,0.0390625,1167.503689248695,-395.5593566894531,189.70928955078125,-37.83369445800781,-10.361308097839355,-29.754024505615234,17.644575119018555,-14.189591407775879,-3.26511812210083,2.731674909591675,-9.101431846618652,-4.694310665130615,12.010641098022461,1.1503351926803589
Silence - Dataset 3.m4a,silence,171,0.008405040949583054,0.04736328125,1141.7915769821889,-349.89678955078125,194.01162719726562,-39.67734909057617,-9.139649391174316,-29.77405548095703,15.351018905639648,-17.188188552856445,-2.712749481201172,3.2605843544006348,-9.186173439025879,-8.738919258117676,9.277495384216309,-2.033989429473877
Silence - Dataset 3.m4a,silence,172,0.008468159474432468,0.05126953125,1088.8116644205545,-404.2354736328125,195.65188598632812,-33.0653076171875,-6.207757949829102,-19.785627365112305,12.227898597717285,-9.303789138793945,0.9729983806610107,7.999943733215332,-3.8020095825195312,-4.025084018707275,4.113677978515625,1.2759804725646973
Silence - Dataset 3.m4a,silence,173,0.004544674884527922,0.06494140625,1039.513414957785,-473.7452697753906,186.0941619873047,-21.70734405517578,1.206943154335022,-10.710643768310547,13.120927810668945,5.486513137817383,5.6677117347717285,-0.389352947473526,-4.055082321166992,0.34113025665283203,4.952829360961914,7.262697219848633
Silence - Dataset 3.m4a,silence,174,0.002617710269987583,0.06201171875,1076.0642782669847,-520.5303344726562,175.63186645507812,-17.627138137817383,2.163344383239746,-2.7070441246032715,9.306045532226562,5.829214096069336,1.5111850500106812,-1.0946563482284546,-0.1157110333442688,1.3991516828536987,1.6981792449951172,8.322307586669922
Silence - Dataset 3.m4a,silence,175,0.001557661802507937,0.06591796875,1215.2891774832333,-557.00634765625,161.8587188720703,-16.887107849121094,2.248190402984619,7.320098876953125,8.408954620361328,6.14710807800293,2.196760416030884,2.9704790115356445,4.411458969116211,1.0492291450500488,-8.805419921875,-0.6380348205566406
Silence - Dataset 3.m4a,silence,176,0.0012821037089452147,0.06396484375,1287.8642499616521,-573.875,154.16363525390625,-12.444290161132812,6.152595520019531,12.625804901123047,10.862760543823242,3.9058046340942383,-2.809849262237549,3.8929409980773926,5.661962985992432,-3.02360200881958,-13.741357803344727,-0.2121790051460266
Silence - Dataset 3.m4a,silence,177,0.001631643739528954,0.04638671875,1164.90914746954,-577.6355590820312,155.3228759765625,-6.313680648803711,11.828824996948242,18.45992660522461,14.937116622924805,5.728548049926758,-7.013490676879883,9.997923851013184,17.484512329101562,1.59466552734375,-11.726516723632812,2.294265031814575
Silence - Dataset 3.m4a,silence,178,0.0017310017719864845,0.04052734375,1012.0792974191293,-575.8759765625,156.82899475097656,-0.9609634876251221,19.519174575805664,22.07453727722168,14.430389404296875,4.706965446472168,-9.914163589477539,10.610187530517578,23.265148162841797,3.5464067459106445,-7.606078147888184,7.335270404815674
Silence - Dataset 3.m4a,silence,179,0.001816321862861514,0.03564453125,965.2502350161606,-583.8206787109375,152.48143005371094,1.6001505851745605,25.573068618774414,31.99466323852539,19.32152557373047,3.9905033111572266,-9.375789642333984,8.593685150146484,19.827037811279297,4.305422782897949,-7.526274681091309,6.943569183349609
Silence - Dataset 3.m4a,silence,180,0.002081581624224782,0.03271484375,1079.6088105657961,-594.6553955078125,144.48074340820312,1.3911113739013672,29.452594757080078,36.586341857910156,19.107769012451172,-0.8184472918510437,-10.913320541381836,11.86384391784668,17.381309509277344,4.511207103729248,-5.123739242553711,5.893479824066162
Silence - Dataset 3.m4a,silence,181,0.002056801225990057,0.03662109375,932.2432075070096,-585.4144287109375,151.57022094726562,7.455981254577637,33.229034423828125,34.226463317871094,16.891563415527344,-5.760538578033447,-13.704460144042969,15.040716171264648,18.30994415283203,8.040919303894043,-5.296425819396973,2.8394782543182373
Silence - Dataset 3.m4a,silence,182,0.0020758553873747587,0.03466796875,942.7930943183717,-581.9388427734375,151.31741333007812,5.550152778625488,30.635997772216797,30.16220474243164,21.43171501159668,-1.6368016004562378,-10.76351261138916,15.361828804016113,21.130006790161133,7.565406799316406,-8.43722915649414,3.2758798599243164
Silence - Dataset 3.m4a,silence,183,0.0020607702899724245,0.03564453125,984.3503653209063,-582.6824951171875,147.83717346191406,7.488136291503906,29.319046020507812,26.834335327148438,21.7149658203125,-3.4230830669403076,-9.298646926879883,13.925405502319336,21.481826782226562,3.7455215454101562,-10.932872772216797,2.533897876739502
Silence - Dataset 3.m4a,silence,184,0.0017466042190790176,0.03271484375,1118.828185623361,-591.6480102539062,146.1102294921875,6.7350172996521,23.40473175048828,24.183258056640625,19.029682159423828,-9.759679794311523,-14.014646530151367,15.888980865478516,19.493160247802734,3.520155429840088,-5.974209785461426,4.591093063354492
Silence - Dataset 3.m4a,silence,185,0.0014702767366543412,0.0380859375,1063.5485021401064,-591.3212890625,149.4253692626953,8.939249038696289,24.062549591064453,23.83855628967285,19.588123321533203,-11.979555130004883,-16.812232971191406,18.217098236083984,16.022796630859375,4.222165107727051,-5.4109649658203125,3.312922477722168
Silence - Dataset 3.m4a,silence,186,0.0018877601251006126,0.03466796875,1106.4077572924161,-594.1419067382812,146.1406707763672,7.686984062194824,24.077974319458008,24.650033950805664,20.43696403503418,-10.087261199951172,-15.70500373840332,17.28451156616211,15.941272735595703,8.923702239990234,-4.512752056121826,1.4160583019256592
Silence - Dataset 3.m4a,silence,187,0.002041360829025507,0.02685546875,917.1776303235863,-588.61181640625,149.2232208251953,7.446764945983887,27.342309951782227,32.485740661621094,23.04694938659668,-6.477557182312012,-9.82978630065918,18.014814376831055,17.2624454498291,11.84746265411377,-5.109701156616211,-4.331698417663574
Silence - Dataset 3.m4a,silence,188,0.0019576994236558676,0.03466796875,870.7594603559139,-585.0402221679688,152.26504516601562,7.951591491699219,30.421031951904297,34.31694412231445,23.34442138671875,-4.04801607131958,-9.066896438598633,17.495092391967773,18.2781982421875,12.739860534667969,-5.059776306152344,-1.7427172660827637
Silence - Dataset 3.m4a,silence,189,0.001921583665534854,0.033203125,1020.4253062974652,-590.576416015625,150.89999389648438,8.869161605834961,28.152873992919922,27.08403778076172,16.840980529785156,-3.863693952560425,-10.444052696228027,12.290216445922852,15.434789657592773,6.639695167541504,-9.97344970703125,-1.3034179210662842
Silence - Dataset 3.m4a,silence,190,0.0014157734112814069,0.0419921875,1156.6696231602077,-597.1064453125,144.3623046875,7.242707252502441,28.59827423095703,26.96509552001953,16.566320419311523,-8.634507179260254,-17.075775146484375,6.363258361816406,8.63760757446289,1.1604993343353271,-9.316837310791016,0.6964770555496216
Silence - Dataset 3.m4a,silence,191,0.001267238869331777,0.04052734375,1178.2244736346195,-598.5225219726562,143.28817749023438,2.918891191482544,23.12790298461914,28.609935760498047,18.029943466186523,-9.968069076538086,-15.835018157958984,12.214715957641602,14.834716796875,7.479522228240967,-4.837158679962158,1.1649577617645264
Silence - Dataset 3.m4a,silence,192,0.0013122539967298508,0.044921875,1180.760335368483,-597.042236328125,139.98989868164062,-0.38897135853767395,24.9317569732666,26.595359802246094,19.51061248779297,-2.5378031730651855,-6.602510452270508,19.28203773498535,15.89109992980957,9.272631645202637,-6.768811225891113,-7.3440752029418945
Silence - Dataset 3.m4a,silence,193,0.0012740445090457797,0.04541015625,1083.0250605830095,-594.2371215820312,140.3048858642578,-0.14766281843185425,31.01630973815918,32.293601989746094,21.89432144165039,-1.0189672708511353,-8.971236228942871,17.86479949951172,14.652444839477539,8.499369621276855,-4.263917922973633,-7.408939361572266
Silence - Dataset 3.m4a,silence,194,0.0012050712248310447,0.0498046875,1256.015048645067,-599.8379516601562,135.67156982421875,-1.8877438306808472,27.917739868164062,28.648536682128906,21.445110321044922,-0.09605610370635986,-13.107749938964844,10.904735565185547,10.146066665649414,-0.4230233430862427,-9.309946060180664,-1.8384724855422974
Silence - Dataset 3.m4a,silence,195,0.0011406398843973875,0.0546875,1294.3531017800565,-603.016357421875,136.0923614501953,-0.7022436857223511,22.685659408569336,24.38702964782715,17.723114013671875,-4.371037006378174,-13.643601417541504,5.511446952819824,7.149117469787598,-5.060603141784668,-18.514568328857422,-0.518211305141449
Silence - Dataset 3.m4a,silence,196,0.0014850888401269913,0.04150390625,1174.6733597243474,-600.6742553710938,141.57180786132812,4.3975443840026855,23.951091766357422,27.951570510864258,21.253713607788086,-9.273820877075195,-18.040233612060547,6.699367046356201,9.886502265930176,2.6631970405578613,-11.183692932128906,2.3811488151550293
Silence - Dataset 3.m4a,silence,197,0.0020519020035862923,0.0390625,1021.5374205298219,-594.1295776367188,143.41250610351562,7.391739845275879,32.41248321533203,35.901485443115234,24.645572662353516,-12.753134727478027,-15.82710075378418,15.0987548828125,15.378344535827637,7.069271564483643,-6.869368553161621,1.0943182706832886
Silence - Dataset 3.m4a,silence,198,0.002223342889919877,0.0283203125,981.7117958125446,-588.940673828125,140.96209716796875,5.2275824546813965,38.13712692260742,37.56914520263672,24.665538787841797,-15.433502197265625,-17.6558780670166,15.898061752319336,15.841737747192383,10.588319778442383,-5.107595443725586,5.499001502990723
Silence - Dataset 3.m4a,silence,199,0.0021702975500375032,0.03466796875,1006.5249437730814,-587.6438598632812,137.7667236328125,2.072026252746582,37.89044952392578,34.42530059814453,22.18353271484375,-10.879485130310059,-13.833929061889648,18.242170333862305,19.14252471923828,10.126533508300781,-7.872250556945801,10.947386741638184
Silence - Dataset 3.m4a,silence,200,0.0022703432478010654,0.037109375,1155.2824407264447,-591.3106689453125,136.087158203125,-0.2226502001285553,32.14594650268555,33.58112335205078,26.96271324157715,-7.050256252288818,-12.622978210449219,15.836114883422852,15.201486587524414,9.310726165771484,-9.080153465270996,8.285867691040039
Silence - Dataset 3.m4a,silence,201,0.022857341915369034,0.04638671875,1552.3193974683518,-312.68231201171875,146.56723022460938,-12.381326675415039,-15.086568832397461,-31.810253143310547,9.388936042785645,-17.32818603515625,-0.20105141401290894,2.1994123458862305,-11.753772735595703,-8.499862670898438,8.225786209106445,7.322065353393555
Silence - Dataset 3.m4a,silence,202,0.0237079169601202,0.06005859375,1503.2489755092515,-220.87997436523438,148.01837158203125,-15.668643951416016,-15.807296752929688,-29.846046447753906,6.2879180908203125,-21.114530563354492,-1.9360342025756836,3.139285087585449,-13.385109901428223,-13.14267349243164,5.036228656768799,3.8668212890625
Silence - Dataset 3.m4a,silence,203,0.02398024871945381,0.06005859375,1426.6352710664585,-246.52674865722656,155.0546112060547,-18.453475952148438,-14.833992004394531,-26.025606155395508,4.868520736694336,-20.376659393310547,-0.1878109574317932,6.529982566833496,-7.8900861740112305,-12.0706787109375,3.1350016593933105,0.3641453981399536
Silence - Dataset 3.m4a,silence,204,0.023998577147722244,0.0673828125,1353.200011603567,-336.420166015625,161.0716094970703,-20.34053611755371,-13.371255874633789,-20.00904083251953,4.672724723815918,-9.4649019241333,8.883289337158203,1.8902263641357422,-1.2674543857574463,-7.965137958526611,4.185540199279785,2.332474946975708
Silence - Dataset 3.m4a,silence,205,0.007555942516773939,0.068359375,1313.2510136007882,-399.75225830078125,159.42303466796875,-15.234399795532227,-6.340017318725586,-13.83336067199707,7.886326313018799,-5.107219696044922,10.375865936279297,-2.6749095916748047,-4.095145225524902,-5.369186878204346,8.732877731323242,10.308940887451172
Silence - Dataset 3.m4a,silence,206,0.004145924001932144,0.06298828125,1348.348300895727,-465.04449462890625,155.4027099609375,-15.245918273925781,-1.3189140558242798,-9.309438705444336,12.682479858398438,-0.9368554949760437,11.093517303466797,3.5473721027374268,1.5637333393096924,-7.330836296081543,0.4322904944419861,6.31380558013916
Silence - Dataset 3.m4a,silence,207,0.002046293346211314,0.06005859375,1354.8737469959199,-514.3494262695312,153.76803588867188,-16.31476593017578,0.17468303442001343,-4.283875465393066,18.548662185668945,2.1977269649505615,7.749026775360107,3.4129116535186768,4.782509803771973,-3.903393030166626,-4.766185760498047,5.574204444885254
Silence - Dataset 3.m4a,silence,208,0.0013628439046442509,0.0615234375,1318.5847615294426,-544.813232421875,151.09494018554688,-10.988931655883789,5.256973743438721,5.596996307373047,17.525455474853516,-1.1177741289138794,3.7050695419311523,5.830648899078369,4.136946678161621,1.1696141958236694,-11.118958473205566,6.653321266174316
Silence - Dataset 3.m4a,silence,209,0.0012415173696354032,0.05029296875,1371.165063392912,-563.750732421875,147.48541259765625,-8.395646095275879,12.775411605834961,11.747991561889648,14.958609580993652,-6.924520492553711,0.968676745891571,4.256586074829102,-0.5382252931594849,1.6979503631591797,-17.60379409790039,3.9334516525268555
Silence - Dataset 3.m4a,silence,210,0.0012009162455797195,0.0517578125,1272.5127780088965,-573.7479248046875,147.64410400390625,-5.270162582397461,16.827606201171875,22.265018463134766,20.613908767700195,-4.599987030029297,-0.38685399293899536,7.537411212921143,-2.005187511444092,-3.192643165588379,-17.28863525390625,3.2561721801757812
Silence - Dataset 3.m4a,silence,211,0.02208077162504196,0.04638671875,1158.567415342527,-550.5338134765625,162.15122985839844,-8.893396377563477,7.138036727905273,6.097816467285156,19.559621810913086,0.6981682777404785,0.33388155698776245,11.808053970336914,-4.001533508300781,0.08647418022155762,-8.556998252868652,2.277771234512329
Silence - Dataset 3.m4a,silence,212,0.025916721671819687,0.05517578125,1353.1664527912683,-285.2959899902344,163.55445861816406,-30.200775146484375,-16.471603393554688,-32.49747848510742,-0.07836610078811646,-18.161869049072266,4.94947624206543,3.955223321914673,-23.779367446899414,-10.308585166931152,8.000104904174805,1.8894070386886597
Silence - Dataset 3.m4a,silence,213,0.026410572230815887,0.06787109375,1319.0278757340843,-225.6777801513672,166.53741455078125,-29.790050506591797,-15.216099739074707,-28.064414978027344,1.0713919401168823,-18.08460235595703,3.979492425918579,5.9544782638549805,-18.646404266357422,-11.30223274230957,5.786535263061523,-0.02120029926300049
Silence - Dataset 3.m4a,silence,214,0.026501113548874855,0.056640625,1273.2846050007001,-273.8809509277344,171.58973693847656,-27.9410400390625,-13.650794982910156,-22.43067169189453,0.7700648307800293,-13.455130577087402,6.350199222564697,9.138202667236328,-6.691739559173584,-9.09766960144043,5.806715965270996,-0.03540724515914917
Silence - Dataset 3.m4a,silence,215,0.014695316553115845,0.04833984375,1385.29476353674,-350.88037109375,157.61871337890625,-15.943681716918945,-14.144046783447266,-9.093469619750977,-1.8642094135284424,1.8635740280151367,8.633792877197266,4.178001880645752,-7.146507263183594,-6.838606834411621,4.767769813537598,9.408021926879883
Whisper - Dataset 1.m4a,whispering,0,0.0009381189593113959,0.1474609375,1702.1629248061008,-644.8893432617188,37.700897216796875,29.63212013244629,23.117244720458984,18.718446731567383,13.241474151611328,6.668694496154785,2.910655975341797,3.3217811584472656,3.980381727218628,1.5267645120620728,-1.7701762914657593,-1.923020601272583
Whisper - Dataset 1.m4a,whispering,1,0.0012044606264680624,0.15380859375,1408.7815703055467,-552.749267578125,105.661865234375,19.95630645751953,18.155986785888672,31.752853393554688,17.1724910736084,4.185873985290527,3.3116588592529297,8.456682205200195,9.584212303161621,2.775385856628418,-2.7743663787841797,-3.196132183074951
Whisper - Dataset 1.m4a,whispering,2,0.001688833232037723,0.15966796875,1289.6915408969683,-543.4366455078125,112.77314758300781,18.750415802001953,15.61120891571045,33.64366912841797,23.57958984375,7.185389041900635,1.6925715208053589,7.482320785522461,8.129783630371094,2.478210210800171,-0.2690317630767822,-1.7281639575958252
Whisper - Dataset 1.m4a,whispering,3,0.0018320368835702538,0.06396484375,1026.2432659320016,-567.8004150390625,104.36433410644531,30.50147247314453,11.961711883544922,32.76043701171875,34.751033782958984,9.034928321838379,-4.577273368835449,5.6916399002075195,11.774911880493164,7.403157711029053,3.1578006744384766,2.2750027179718018
Whisper - Dataset 1.m4a,whispering,4,0.0016379886073991656,0.033203125,942.372147360125,-559.5156860351562,115.83052062988281,36.08476257324219,8.655716896057129,24.94944190979004,25.35279083251953,2.199551582336426,-9.055124282836914,1.0970977544784546,11.964122772216797,12.030353546142578,7.018084526062012,3.8471837043762207
Whisper - Dataset 1.m4a,whispering,5,0.0016452110139653087,0.0361328125,1062.938603275152,-558.0961303710938,116.76162719726562,32.8188591003418,-1.0510047674179077,12.082477569580078,16.58644676208496,1.1247210502624512,-6.257883071899414,1.6252415180206299,9.224822998046875,10.222417831420898,7.992515563964844,3.8447957038879395
Whisper - Dataset 1.m4a,whispering,6,0.001331398612819612,0.03955078125,1036.11298002697,-563.5869140625,111.70156860351562,33.238037109375,3.3328909873962402,17.29990005493164,19.956104278564453,1.6847282648086548,-6.658709526062012,2.6383583545684814,10.580013275146484,8.615202903747559,3.402033567428589,0.7068761587142944
Whisper - Dataset 1.m4a,whispering,7,0.0014367998810485005,0.03662109375,977.2755516281225,-564.6507568359375,109.38548278808594,32.380043029785156,9.03889274597168,27.626510620117188,25.941410064697266,-0.7446858882904053,-12.096372604370117,0.030625641345977783,10.015057563781738,6.767772674560547,0.24624943733215332,-1.1746413707733154
Whisper - Dataset 1.m4a,whispering,8,0.0015676704933866858,0.03564453125,940.8533028356651,-565.1959838867188,109.81071472167969,34.866607666015625,12.27596664428711,30.385272979736328,27.939075469970703,-0.18458330631256104,-13.827901840209961,-2.8310580253601074,9.004585266113281,8.799551963806152,2.8529253005981445,-0.9402403831481934
Whisper - Dataset 1.m4a,whispering,9,0.0016904602525755763,0.03271484375,928.2766880157463,-569.709228515625,104.25564575195312,33.547969818115234,17.40087890625,36.920005798339844,29.246946334838867,-2.6405527591705322,-14.233484268188477,-0.5993974208831787,10.915929794311523,10.426456451416016,5.1606926918029785,-0.15341979265213013
Whisper - Dataset 1.m4a,whispering,10,0.0017303013009950519,0.03759765625,873.5070695193142,-569.7021484375,102.9559097290039,31.026281356811523,16.30146026611328,37.46085739135742,29.904224395751953,-1.137026071548462,-10.53679084777832,4.075991153717041,15.032722473144531,14.308155059814453,8.470712661743164,0.7257647514343262
Whisper - Dataset 1.m4a,whispering,11,0.0016974996542558074,0.03857421875,953.0702615724036,-572.250732421875,100.55396270751953,30.33576202392578,15.683093070983887,36.73369598388672,30.887083053588867,1.9046533107757568,-7.633013725280762,4.845853805541992,13.250405311584473,10.202375411987305,3.4626874923706055,-1.9115065336227417
Whisper - Dataset 1.m4a,whispering,12,0.0015983146149665117,0.041015625,1010.5695541420016,-572.603759765625,100.24149322509766,30.151626586914062,14.896429061889648,35.249725341796875,30.191307067871094,2.6602554321289062,-7.820611953735352,1.5918976068496704,8.940584182739258,7.8927154541015625,2.881312370300293,-2.1908531188964844
Whisper - Dataset 1.m4a,whispering,13,0.0014322837814688683,0.04248046875,1011.5741290302648,-576.2008056640625,97.83599853515625,32.156925201416016,18.00279998779297,36.72422790527344,30.3486328125,2.019932746887207,-9.62156867980957,-0.8142722845077515,7.305670261383057,7.433613300323486,3.0924181938171387,-1.269034504890442
Whisper - Dataset 1.m4a,whispering,14,0.0012653822777792811,0.0478515625,1029.067315278212,-579.7055053710938,95.55986022949219,33.736698150634766,19.392608642578125,36.004798889160156,29.89432144165039,3.1390748023986816,-8.432745933532715,0.06461316347122192,9.114931106567383,9.04350757598877,1.1155905723571777,-7.192217826843262
Whisper - Dataset 1.m4a,whispering,15,0.0013026002561673522,0.046875,1127.7921800600411,-580.4390258789062,94.01240539550781,30.368085861206055,14.119026184082031,31.56068992614746,28.388633728027344,2.866509437561035,-9.019515991210938,1.4958348274230957,13.646623611450195,11.694544792175293,-2.872633934020996,-14.790894508361816
Whisper - Dataset 1.m4a,whispering,16,0.0014345957897603512,0.04248046875,1051.6398816750984,-563.4454956054688,108.35613250732422,26.901493072509766,3.5161211490631104,27.75979232788086,33.033546447753906,7.574122428894043,-11.040643692016602,-6.146234512329102,7.91986083984375,15.145119667053223,8.299112319946289,-6.178806304931641
Whisper - Dataset 1.m4a,whispering,17,0.001390088233165443,0.04736328125,986.0039466306528,-560.0691528320312,112.7120590209961,30.449859619140625,6.215507507324219,29.470767974853516,34.36127471923828,9.535876274108887,-9.506001472473145,-7.537850379943848,4.507656097412109,14.344902038574219,11.58986759185791,-3.123012065887451
Whisper - Dataset 1.m4a,whispering,18,0.0014237712603062391,0.03857421875,1050.617995331238,-567.6697998046875,105.02669525146484,28.655948638916016,7.82818603515625,30.597171783447266,33.13539123535156,7.373826026916504,-8.640108108520508,-2.443859100341797,7.8716325759887695,10.02584457397461,4.403299331665039,-3.241619825363159
Whisper - Dataset 1.m4a,whispering,19,0.0013250064803287387,0.04638671875,1118.579864946651,-571.08837890625,101.05899047851562,27.0538272857666,8.81583023071289,32.360443115234375,33.31816101074219,5.64339542388916,-10.14024829864502,-1.6792148351669312,9.795890808105469,9.7427396774292,1.4752590656280518,-4.398860931396484
Whisper - Dataset 1.m4a,whispering,20,0.0013580077793449163,0.0458984375,1081.1255855656486,-574.0426635742188,99.03291320800781,28.038772583007812,9.438787460327148,31.418790817260742,33.787010192871094,9.206686019897461,-6.161232948303223,-0.3114973306655884,9.094581604003906,9.454143524169922,2.7876462936401367,-1.7572623491287231
Whisper - Dataset 1.m4a,whispering,21,0.0017459617229178548,0.03857421875,1001.4761831318947,-571.1922607421875,103.80502319335938,32.12590789794922,9.726762771606445,29.604942321777344,33.98910140991211,11.022279739379883,-5.659964561462402,-1.0909823179244995,8.28270435333252,8.265918731689453,1.6798452138900757,-1.2004388570785522
Whisper - Dataset 1.m4a,whispering,22,0.0018370453035458922,0.03564453125,944.1706346574375,-567.7257690429688,106.71701049804688,33.38047409057617,13.183759689331055,33.60406494140625,33.43480682373047,7.772299766540527,-4.82725715637207,3.8244118690490723,10.74313735961914,6.556020259857178,0.6864864230155945,0.4616983234882355
Whisper - Dataset 1.m4a,whispering,23,0.0017681923927739263,0.033203125,916.2598998070621,-572.3613891601562,102.62320709228516,33.88245391845703,15.871085166931152,35.21770477294922,33.02680969238281,6.4462480545043945,-4.83579158782959,7.173781394958496,16.389554977416992,10.323883056640625,0.5077985525131226,-1.2044813632965088
Whisper - Dataset 1.m4a,whispering,24,0.0016448736423626542,0.037109375,1110.740046416039,-581.0653076171875,93.95143127441406,30.897869110107422,14.894107818603516,35.03481674194336,33.852108001708984,4.958704471588135,-9.934854507446289,4.050568580627441,19.033401489257812,13.892223358154297,-0.6696827411651611,-6.313590049743652
Whisper - Dataset 1.m4a,whispering,25,0.0011955831432715058,0.0439453125,1231.6568861096703,-577.525634765625,95.45953369140625,27.080244064331055,10.198675155639648,31.46336555480957,29.60268211364746,0.7622663974761963,-11.778892517089844,2.4791197776794434,14.4232759475708,8.590024948120117,-2.282259941101074,-5.146594047546387
Whisper - Dataset 1.m4a,whispering,26,0.0011244829511269927,0.04541015625,1208.2190369936868,-574.6192626953125,96.9102783203125,24.934463500976562,8.16808795928955,30.49578094482422,28.625160217285156,2.105440378189087,-6.130804061889648,8.43140697479248,16.217103958129883,8.044572830200195,-1.801317811012268,-4.589144706726074
Whisper - Dataset 1.m4a,whispering,27,0.001242142985574901,0.046875,1193.654881149958,-574.7880249023438,96.42765045166016,24.773826599121094,9.450390815734863,32.55351638793945,29.651744842529297,1.1342763900756836,-8.909639358520508,5.648685455322266,16.34725570678711,11.071685791015625,-0.13930261135101318,-6.49267053604126
Whisper - Dataset 1.m4a,whispering,28,0.001311667263507843,0.0439453125,1067.6053299011357,-571.5484619140625,100.379638671875,28.828723907470703,15.684366226196289,39.48004150390625,32.84708023071289,-0.6793621778488159,-12.345426559448242,3.920620918273926,16.558246612548828,11.749410629272461,-0.2238762378692627,-7.33310604095459
Whisper - Dataset 1.m4a,whispering,29,0.0014685579808428884,0.0439453125,944.2098786801488,-567.228515625,107.57341003417969,35.58967590332031,17.15512466430664,35.672889709472656,29.34828758239746,-0.7656675577163696,-11.284940719604492,3.681631326675415,15.502958297729492,11.166471481323242,0.07430380582809448,-6.216611862182617
Whisper - Dataset 1.m4a,whispering,30,0.0014291892293840647,0.04736328125,981.8640381999354,-570.4047241210938,104.00013732910156,33.68824005126953,15.43566608428955,32.263946533203125,25.352340698242188,-2.1770920753479004,-9.957775115966797,4.185910701751709,13.71318244934082,10.252561569213867,2.7472901344299316,-1.5173869132995605
Whisper - Dataset 1.m4a,whispering,31,0.0015109654050320387,0.04541015625,1041.098158445236,-575.0582275390625,98.08794403076172,29.13894271850586,12.819122314453125,32.74433517456055,28.324100494384766,0.2794705033302307,-9.6149320602417,3.3127520084381104,11.79576587677002,7.1948981285095215,1.0315955877304077,-0.15706712007522583
Whisper - Dataset 1.m4a,whispering,32,0.0015771560138091445,0.0400390625,943.2570180869204,-575.7771606445312,99.24708557128906,33.022735595703125,16.552764892578125,37.09393310546875,35.75860595703125,7.821376800537109,-7.5113844871521,-0.2417176365852356,6.587379455566406,2.7127490043640137,-2.3051323890686035,-2.181985855102539
Whisper - Dataset 1.m4a,whispering,33,0.0015940904850140214,0.0419921875,893.1342597171208,-571.4227294921875,103.1390380859375,34.102046966552734,19.231719970703125,43.2164306640625,41.3834228515625,8.647868156433105,-11.103940963745117,-4.452214241027832,4.698417663574219,2.858889102935791,-2.014798402786255,-1.952146291732788
Whisper - Dataset 1.m4a,whispering,34,0.0017194041283801198,0.0361328125,992.2220192266423,-569.56103515625,103.62600708007812,30.355464935302734,12.752378463745117,36.72032165527344,37.01879119873047,7.359416961669922,-10.312088012695312,-3.237661361694336,6.846823215484619,7.740516185760498,4.56484842300415,2.494475841522217
Whisper - Dataset 1.m4a,whispering,35,0.001601758529432118,0.0390625,1056.8878601362685,-571.0138549804688,101.81712341308594,29.906291961669922,14.293373107910156,38.28866195678711,36.29887390136719,5.094669342041016,-12.085789680480957,-4.587419509887695,4.995298385620117,6.023067951202393,3.7259442806243896,1.7862231731414795
Whisper - Dataset 1.m4a,whispering,36,0.0016483401414006948,0.0419921875,1047.904559981765,-572.3280029296875,101.17047119140625,30.29663848876953,13.550287246704102,37.31521987915039,37.300018310546875,6.816668510437012,-11.750080108642578,-4.680443286895752,5.084909439086914,3.988626718521118,-0.7559149861335754,-1.3065942525863647
Whisper - Dataset 1.m4a,whispering,37,0.0015976851573213935,0.03125,974.2706937989078,-569.1603393554688,105.05626678466797,32.496803283691406,13.608593940734863,35.99402618408203,36.07670593261719,6.472743988037109,-11.893860816955566,-5.869718074798584,2.8296546936035156,2.387331247329712,-0.17664307355880737,0.6788207292556763
Whisper - Dataset 1.m4a,whispering,38,0.0015877903206273913,0.0390625,926.7865188288715,-567.13525390625,106.28807830810547,32.25843048095703,14.271078109741211,35.91422653198242,33.65363311767578,5.513111114501953,-8.842652320861816,-2.6355385780334473,3.437382221221924,2.9148201942443848,1.726529598236084,2.078301191329956
Whisper - Dataset 1.m4a,whispering,39,0.0016620733076706529,0.03515625,919.91710546625,-561.6766967773438,110.24244689941406,29.681434631347656,9.796424865722656,33.91550827026367,32.74833679199219,3.601048231124878,-9.196306228637695,1.248685359954834,8.779032707214355,5.45241117477417,1.3897498846054077,0.9246415495872498
Whisper - Dataset 1.m4a,whispering,40,0.0017768664984032512,0.03564453125,989.3294531165816,-564.6578979492188,107.12139892578125,29.370174407958984,12.127641677856445,36.554718017578125,33.889068603515625,3.921771287918091,-8.766314506530762,0.9248987436294556,7.262413024902344,4.363364219665527,1.6814324855804443,1.47475266456604
Whisper - Dataset 1.m4a,whispering,41,0.001745686400681734,0.0478515625,944.2070017733049,-565.5811767578125,106.39054870605469,30.279569625854492,14.279642105102539,37.46540069580078,32.23854064941406,1.8138258457183838,-8.887590408325195,2.664499044418335,9.7296142578125,6.866820335388184,3.2554545402526855,1.74843168258667
Whisper - Dataset 1.m4a,whispering,42,0.002099878853186965,0.03759765625,914.831223025559,-566.2306518554688,105.64463806152344,29.88835334777832,14.569524765014648,39.20240020751953,35.24273681640625,3.830435276031494,-9.885848045349121,0.025195300579071045,8.727751731872559,8.074817657470703,4.043511390686035,0.5180913209915161
Whisper - Dataset 1.m4a,whispering,43,0.0023152490612119436,0.03515625,882.9273220630555,-569.1600952148438,103.20710754394531,29.309112548828125,13.488062858581543,39.11219024658203,39.12791061401367,9.548710823059082,-6.75752067565918,0.17953383922576904,7.650017261505127,5.872458457946777,1.3906195163726807,-0.18727928400039673
Whisper - Dataset 1.m4a,whispering,44,0.0021916974801570177,0.0361328125,769.8721286385306,-568.2981567382812,105.34595489501953,32.26613235473633,15.986934661865234,41.804412841796875,41.8694953918457,10.096158981323242,-7.318913459777832,2.481337308883667,11.412041664123535,5.818792819976807,-1.4371825456619263,-0.4926464557647705
Whisper - Dataset 1.m4a,whispering,45,0.0021761164534837008,0.03515625,855.1259721560319,-569.9940795898438,103.12690734863281,31.109722137451172,16.48947525024414,42.41642379760742,40.54240036010742,7.63323450088501,-8.597681999206543,1.854500412940979,8.90095043182373,2.15096378326416,-2.5162205696105957,1.3983863592147827
Whisper - Dataset 1.m4a,whispering,46,0.0017483779229223728,0.04248046875,990.0165902859115,-568.4617919921875,103.29220581054688,27.992305755615234,12.23991584777832,38.591575622558594,37.484619140625,6.151010036468506,-8.844366073608398,0.3491695523262024,5.304747581481934,-0.7065166234970093,-2.496711492538452,2.488783597946167
Whisper - Dataset 1.m4a,whispering,47,0.0013181031681597233,0.0498046875,1023.1476193650079,-569.3060302734375,103.58833312988281,29.135469436645508,9.965336799621582,33.07433319091797,34.24939727783203,7.06213903427124,-8.331900596618652,-2.1566267013549805,3.0027027130126953,-0.06042477488517761,-0.449537992477417,3.920849323272705
Whisper - Dataset 1.m4a,whispering,48,0.001226465217769146,0.05078125,1068.1438752517133,-571.5391845703125,102.1402587890625,29.52276611328125,9.255849838256836,31.524383544921875,34.30859375,7.507384777069092,-10.383550643920898,-4.768853664398193,4.047952175140381,2.834531307220459,-1.7301486730575562,-1.412200927734375
Whisper - Dataset 1.m4a,whispering,49,0.001199379563331604,0.0458984375,1036.508771763968,-571.836181640625,102.90634155273438,31.247535705566406,9.385931015014648,30.194652557373047,33.5860710144043,7.309815406799316,-10.268239974975586,-1.535902976989746,11.643745422363281,9.970945358276367,-0.3889879584312439,-4.683093070983887
Whisper - Dataset 1.m4a,whispering,50,0.0012975861318409443,0.04541015625,1014.1750549968864,-568.9840698242188,106.81549835205078,33.66937255859375,8.12968921661377,25.361820220947266,28.395503997802734,5.132051944732666,-8.435876846313477,3.1157419681549072,16.60082244873047,12.309968948364258,-1.9023675918579102,-8.390872955322266
Whisper - Dataset 1.m4a,whispering,51,0.0014251281972974539,0.041015625,950.2348962780139,-564.7605590820312,112.14314270019531,38.449424743652344,12.161728858947754,25.35145378112793,23.481477737426758,1.0613696575164795,-7.676398277282715,4.151054859161377,13.209697723388672,7.891663551330566,-2.364666700363159,-5.892634391784668
Whisper - Dataset 1.m4a,whispering,52,0.0015401076525449753,0.04345703125,929.7784494348965,-564.26953125,111.04331970214844,35.83039855957031,12.502762794494629,29.53129005432129,27.202281951904297,1.7665369510650635,-8.206960678100586,3.8300089836120605,12.641745567321777,8.096193313598633,0.7581758499145508,-0.5865220427513123
Whisper - Dataset 1.m4a,whispering,53,0.0016581194940954447,0.04248046875,870.0242402340923,-564.2158813476562,110.49960327148438,35.707210540771484,15.120176315307617,33.2531852722168,28.321455001831055,0.5101369619369507,-8.631607055664062,5.488572120666504,15.380395889282227,10.387174606323242,0.4476587772369385,-4.351916313171387
Whisper - Dataset 1.m4a,whispering,54,0.0016898912144824862,0.0478515625,885.1514848567759,-564.70751953125,110.00038146972656,36.02381896972656,16.371938705444336,34.00177001953125,27.109970092773438,-1.961846113204956,-10.669824600219727,4.083563804626465,13.98256778717041,9.624395370483398,1.2112760543823242,-3.138601064682007
Whisper - Dataset 1.m4a,whispering,55,0.0018528441432863474,0.044921875,884.5246095654538,-562.3014526367188,112.73429870605469,36.19876480102539,13.221466064453125,30.325836181640625,26.37725257873535,0.42859190702438354,-7.443251609802246,5.317441940307617,10.939099311828613,3.709547996520996,-2.1163792610168457,-1.2267249822616577
Whisper - Dataset 1.m4a,whispering,56,0.013473457656800747,0.0380859375,736.7152386191957,-541.81787109375,134.40370178222656,43.54271697998047,11.38275146484375,28.025474548339844,28.57304573059082,5.964311599731445,-4.619809627532959,1.1240923404693604,2.8972842693328857,-1.4348845481872559,-2.428083896636963,-0.5337813496589661
Whisper - Dataset 1.m4a,whispering,57,0.0370381698012352,0.03564453125,683.9606288566561,-407.27813720703125,191.1320343017578,27.34100341796875,17.948619842529297,-0.5123746395111084,9.345992088317871,15.527609825134277,-14.074941635131836,-7.7258405685424805,-4.941406726837158,-33.18965530395508,2.315131902694702,3.11348819732666
Whisper - Dataset 1.m4a,whispering,58,0.05503096058964729,0.02294921875,891.8366875055424,-312.7288818359375,172.49014282226562,17.367115020751953,17.044174194335938,-7.372100353240967,6.224471092224121,20.190576553344727,-16.165878295898438,-15.791755676269531,-2.6736464500427246,-44.33621597290039,17.18648910522461,6.320010662078857
Whisper - Dataset 1.m4a,whispering,59,0.062453221529722214,0.0205078125,1186.2523460026512,-271.8290100097656,142.75787353515625,10.926267623901367,14.355175018310547,-2.2873964309692383,13.296541213989258,25.73090362548828,-15.955322265625,-23.876712799072266,4.718169689178467,-38.105838775634766,25.894634246826172,2.475344181060791
Whisper - Dataset 1.m4a,whispering,60,0.06360914558172226,0.021484375,1424.8676947715612,-273.50592041015625,122.9751205444336,8.508504867553711,16.227861404418945,8.167623519897461,12.479165077209473,30.815868377685547,-16.292762756347656,-26.038387298583984,8.276533126831055,-28.444232940673828,24.554241180419922,-8.314360618591309
Whisper - Dataset 1.m4a,whispering,61,0.054495006799697876,0.0224609375,1424.1744693638889,-294.7415771484375,123.2762451171875,8.75054931640625,27.109561920166016,19.463787078857422,6.7918009757995605,24.719444274902344,-15.118762969970703,-24.625734329223633,7.655932426452637,-25.71688461303711,19.77035140991211,-11.983428955078125
Whisper - Dataset 1.m4a,whispering,62,0.03802553936839104,0.02197265625,1510.0766548240388,-322.3647766113281,119.92487335205078,7.340752601623535,45.108211517333984,22.40334701538086,6.209596633911133,11.790112495422363,-13.34162425994873,-16.7737979888916,6.924842834472656,-29.314565658569336,21.78200912475586,-7.783535957336426
Whisper - Dataset 1.m4a,whispering,63,0.02667606994509697,0.025390625,1500.4593893113195,-350.5179138183594,118.00469970703125,13.476963996887207,49.922508239746094,27.417301177978516,7.032148361206055,7.531158447265625,-9.446930885314941,-11.803159713745117,8.96069622039795,-28.028703689575195,22.613609313964844,-9.731927871704102
Whisper - Dataset 1.m4a,whispering,64,0.022138485684990883,0.025390625,1350.4784286448862,-370.5271911621094,121.83210754394531,17.66214370727539,42.60630798339844,33.16157531738281,6.760885238647461,13.508522033691406,-10.994773864746094,-13.112918853759766,10.675799369812012,-20.926074981689453,19.495620727539062,-14.557893753051758
Whisper - Dataset 1.m4a,whispering,65,0.023488281294703484,0.02099609375,1331.2398897911235,-383.468017578125,123.75395202636719,22.291967391967773,36.639793395996094,35.0596923828125,8.751532554626465,18.505281448364258,-14.284955978393555,-18.921348571777344,4.068792343139648,-19.82781982421875,24.804275512695312,-11.446413040161133
Whisper - Dataset 1.m4a,whispering,66,0.024966638535261154,0.02001953125,1307.8542350392968,-385.0910949707031,127.1529769897461,26.07375717163086,32.82463455200195,31.819164276123047,10.784427642822266,25.305639266967773,-17.62319564819336,-27.234434127807617,6.844578742980957,-14.188470840454102,29.037349700927734,-15.152801513671875
Whisper - Dataset 1.m4a,whispering,67,0.027020491659641266,0.01513671875,1432.182782412057,-370.2781066894531,123.26075744628906,21.620616912841797,34.51973342895508,28.52429962158203,6.460051536560059,25.314678192138672,-16.370981216430664,-24.312175750732422,10.422640800476074,-18.057830810546875,32.35930252075195,-16.34217643737793
Whisper - Dataset 1.m4a,whispering,68,0.027981596067547798,0.013671875,1471.0967381217688,-359.34185791015625,115.60779571533203,17.340511322021484,42.94712448120117,33.837127685546875,6.056053161621094,17.973651885986328,-14.459755897521973,-23.242908477783203,9.049306869506836,-23.56094741821289,31.069360733032227,-12.690671920776367
Whisper - Dataset 1.m4a,whispering,69,0.025697140023112297,0.015625,1401.3117527908469,-364.68841552734375,114.27316284179688,17.369049072265625,48.239967346191406,37.380470275878906,6.366066932678223,11.064258575439453,-14.082521438598633,-18.48639488220215,8.62391471862793,-26.32818603515625,27.18444061279297,-11.194608688354492
Whisper - Dataset 1.m4a,whispering,70,0.021771591156721115,0.0166015625,1322.4842247826582,-388.5628967285156,116.57736206054688,22.43048858642578,50.640281677246094,42.58618927001953,6.40211296081543,6.4696760177612305,-10.801809310913086,-11.805985450744629,10.732925415039062,-25.061176300048828,24.79001235961914,-9.111944198608398
Whisper - Dataset 1.m4a,whispering,71,0.015177448280155659,0.02001953125,1212.5939869681451,-424.571044921875,125.55574035644531,25.84675407409668,47.4477653503418,43.00844955444336,11.867727279663086,0.662667453289032,-5.050562858581543,-5.9262847900390625,9.007444381713867,-23.654216766357422,16.43076515197754,-15.615867614746094
Whisper - Dataset 1.m4a,whispering,72,0.008655899204313755,0.03076171875,1164.0576730254184,-479.24224853515625,128.96807861328125,25.537586212158203,40.70660400390625,36.90478515625,11.993208885192871,-0.7734556198120117,-5.590356826782227,-1.1428550481796265,5.787251949310303,-17.27370834350586,8.069578170776367,-16.565235137939453
Whisper - Dataset 1.m4a,whispering,73,0.004698051139712334,0.041015625,1260.0421758837817,-525.2425537109375,121.61885070800781,27.18006134033203,26.538150787353516,33.15610885620117,18.86686134338379,-0.7235089540481567,-14.399961471557617,-3.2093169689178467,3.3978023529052734,-2.1716785430908203,7.309624671936035,-10.535236358642578
Whisper - Dataset 1.m4a,whispering,74,0.0025795339606702328,0.03955078125,1228.6625978541792,-549.1942749023438,115.25929260253906,28.586814880371094,17.08640480041504,34.24523162841797,24.75058937072754,-2.477693796157837,-12.50803279876709,-1.339568018913269,2.5814220905303955,2.623656988143921,5.0023016929626465,-3.6537132263183594
Whisper - Dataset 1.m4a,whispering,75,0.0024637654423713684,0.0390625,974.385830951017,-553.9813232421875,114.62222290039062,28.614978790283203,12.37455940246582,34.97004699707031,28.26620101928711,1.8290913105010986,-6.209348678588867,1.6254316568374634,6.713169097900391,7.3732075691223145,4.885373115539551,0.9990636110305786
Whisper - Dataset 1.m4a,whispering,76,0.0025048102252185345,0.029296875,831.4326743531059,-552.599853515625,118.59822082519531,31.852489471435547,11.373136520385742,36.20442199707031,33.88166809082031,4.244937419891357,-8.687881469726562,1.0846378803253174,9.215700149536133,6.642024517059326,1.782120943069458,1.8684210777282715
Whisper - Dataset 1.m4a,whispering,77,0.0028709424659609795,0.0185546875,890.6619862576334,-556.663818359375,115.867431640625,31.612537384033203,8.608329772949219,33.12599563598633,34.19352340698242,4.693297386169434,-10.736814498901367,-0.7164705991744995,9.062602043151855,6.646087646484375,1.4196627140045166,0.8896266222000122
Whisper - Dataset 1.m4a,whispering,78,0.0024247344117611647,0.02294921875,828.6098888284229,-561.0327758789062,110.49723052978516,28.889408111572266,9.678472518920898,36.55559539794922,36.839969635009766,5.3387041091918945,-10.220394134521484,1.448482871055603,12.25442886352539,9.645231246948242,4.101927757263184,2.943197250366211
Whisper - Dataset 1.m4a,whispering,79,0.0023218959104269743,0.02294921875,805.6926230670135,-559.8992919921875,112.70433044433594,32.73442459106445,14.286544799804688,38.13215255737305,32.86008834838867,-0.853408932685852,-12.723650932312012,3.763633966445923,15.48363971710205,11.149908065795898,4.801332950592041,3.635511875152588
Whisper - Dataset 1.m4a,whispering,80,0.002256931969895959,0.03125,872.4109203398635,-563.632568359375,109.35542297363281,31.24820899963379,11.361974716186523,35.0242919921875,33.313804626464844,1.4656226634979248,-13.02993106842041,1.5195448398590088,15.242449760437012,13.065093994140625,5.846904754638672,2.954496383666992
Whisper - Dataset 1.m4a,whispering,81,0.0018117649015039206,0.03271484375,912.0834425794126,-564.573974609375,108.13905334472656,30.21009635925293,10.370431900024414,34.71894836425781,35.54601287841797,6.564938545227051,-8.784526824951172,0.5188356637954712,9.205741882324219,5.827568054199219,0.26856729388237,-0.007544603198766708
Whisper - Dataset 1.m4a,whispering,82,0.00172963656950742,0.03564453125,948.3252337692777,-567.8267211914062,106.22999572753906,32.86883544921875,13.553681373596191,34.3304328918457,33.22031784057617,5.93557596206665,-8.539294242858887,-1.1337679624557495,6.665127754211426,5.369626522064209,2.340489387512207,2.675644874572754
Whisper - Dataset 1.m4a,whispering,83,0.0016673868522047997,0.0419921875,855.1909731247442,-561.7134399414062,113.24411010742188,35.65254211425781,12.751494407653809,34.335609436035156,36.45045852661133,9.128180503845215,-8.672880172729492,-2.754335880279541,6.154188632965088,4.887588024139404,0.6082873344421387,0.63849276304245
Whisper - Dataset 1.m4a,whispering,84,0.0020210747607052326,0.0302734375,861.7971362930809,-558.77685546875,117.41116333007812,37.909671783447266,10.525501251220703,29.480003356933594,33.22325134277344,7.952332973480225,-10.558462142944336,-5.669929504394531,4.904805660247803,6.191213607788086,1.7897504568099976,0.04286423325538635
Whisper - Dataset 1.m4a,whispering,85,0.0019486952805891633,0.03466796875,832.5142605645824,-558.6625366210938,116.75646209716797,36.38074493408203,9.114957809448242,27.809370040893555,31.566373825073242,8.431514739990234,-7.627301216125488,-2.2991795539855957,8.301652908325195,10.215041160583496,4.691516399383545,0.3415091037750244
Whisper - Dataset 1.m4a,whispering,86,0.0020443941466510296,0.037109375,868.0214405521294,-562.2952270507812,111.51335144042969,32.397300720214844,8.097070693969727,28.43803596496582,32.08338165283203,9.433731079101562,-6.050858974456787,-1.8219754695892334,7.5675811767578125,10.46534538269043,7.082657814025879,2.985952377319336
Whisper - Dataset 1.m4a,whispering,87,0.002103598555549979,0.029296875,924.9125161790125,-561.5073852539062,112.24134063720703,32.37748718261719,7.240938186645508,26.16682243347168,28.0706787109375,5.067246437072754,-8.413894653320312,-1.620244026184082,8.10151481628418,9.009482383728027,4.2116007804870605,1.0952880382537842
Whisper - Dataset 1.m4a,whispering,88,0.0017341552302241325,0.0390625,876.5671801756433,-560.8256225585938,113.21000671386719,33.65308380126953,8.763418197631836,26.707366943359375,27.028430938720703,3.9872283935546875,-7.835306167602539,0.564305305480957,11.1981782913208,12.407720565795898,6.783713340759277,2.558650255203247
Whisper - Dataset 1.m4a,whispering,89,0.001801209058612585,0.03564453125,914.38439387609,-565.9146118164062,108.51107788085938,34.39781188964844,14.220705032348633,33.3830451965332,30.417369842529297,2.7783617973327637,-9.93402099609375,0.2559553384780884,10.145605087280273,8.789703369140625,3.7771658897399902,2.5873312950134277
Whisper - Dataset 1.m4a,whispering,90,0.0018657053587958217,0.02783203125,952.3092027328878,-569.8936767578125,105.09156036376953,35.052040100097656,17.796119689941406,37.691993713378906,31.112857818603516,-2.7913687229156494,-16.36578369140625,-0.5538504123687744,11.720695495605469,6.946768283843994,1.6473978757858276,4.812493324279785
Whisper - Dataset 1.m4a,whispering,91,0.0025058076716959476,0.02783203125,864.9529019140112,-568.5367431640625,106.81552124023438,34.79364013671875,14.238441467285156,34.32840347290039,32.30672073364258,1.020524024963379,-15.050134658813477,-1.5455107688903809,12.80931282043457,11.101733207702637,6.027410507202148,8.045724868774414
Whisper - Dataset 1.m4a,whispering,92,0.003756522201001644,0.01708984375,738.5678568503213,-562.0895385742188,113.25517272949219,36.25478744506836,13.480585098266602,35.352684020996094,36.71918487548828,7.814366817474365,-7.992784023284912,4.086629867553711,16.304141998291016,12.1262845993042,4.829315185546875,6.443550109863281
Whisper - Dataset 1.m4a,whispering,93,0.004206526558846235,0.0146484375,641.8505438940225,-558.3101806640625,114.69049072265625,33.52559280395508,14.76195240020752,42.79555130004883,43.682395935058594,10.560660362243652,-6.777432441711426,5.2203145027160645,15.54146957397461,9.397830963134766,2.3021531105041504,5.115395545959473
Whisper - Dataset 1.m4a,whispering,94,0.004324102308601141,0.01416015625,640.5236029679332,-557.3327026367188,115.95975494384766,34.43277359008789,15.183649063110352,42.573673248291016,42.140785217285156,7.25661563873291,-10.943617820739746,1.4713484048843384,12.777682304382324,8.540868759155273,4.263323783874512,8.172651290893555
Whisper - Dataset 1.m4a,whispering,95,0.003958080429583788,0.02294921875,703.3533215673513,-560.2805786132812,112.57843017578125,31.983516693115234,11.975248336791992,38.13311767578125,39.01567459106445,8.06456184387207,-7.666750907897949,2.902068614959717,11.093381881713867,7.245816230773926,6.050420761108398,10.925325393676758
Whisper - Dataset 1.m4a,whispering,96,0.0032282329630106688,0.021484375,800.7867168403019,-567.0924072265625,106.94712829589844,31.967914581298828,11.3461332321167,34.00743865966797,35.0609130859375,7.070880889892578,-6.2365546226501465,6.371088027954102,15.494369506835938,8.858563423156738,2.843078136444092,5.670238018035889
Whisper - Dataset 1.m4a,whispering,97,0.0031191259622573853,0.02001953125,749.515056716688,-567.785400390625,108.13905334472656,36.95453643798828,18.048377990722656,40.31962203979492,39.780487060546875,8.877449989318848,-7.172381401062012,4.816682815551758,13.930337905883789,5.846623420715332,-0.8298614025115967,4.2144975662231445
Whisper - Dataset 1.m4a,whispering,98,0.0031209031585603952,0.02001953125,669.0551936605115,-561.4590454101562,114.64611053466797,38.9969482421875,18.00790023803711,41.507083892822266,43.492042541503906,13.322484016418457,-5.272280693054199,4.170945167541504,14.68349838256836,8.982644081115723,-0.12987753748893738,-0.46672219038009644
Whisper - Dataset 1.m4a,whispering,99,0.003527291351929307,0.00927734375,729.2061076732688,-561.627685546875,111.65016174316406,33.09830856323242,14.338822364807129,41.181331634521484,44.295928955078125,15.163890838623047,-3.0952887535095215,3.911278486251831,12.763452529907227,9.127311706542969,1.6815967559814453,0.13859766721725464
Whisper - Dataset 1.m4a,whispering,100,0.0033841882832348347,0.0166015625,764.5952374802316,-565.0765380859375,107.375,30.815364837646484,14.821086883544922,42.572208404541016,43.393882751464844,12.407894134521484,-4.2646613121032715,3.8121843338012695,9.808856964111328,4.015809535980225,-0.7243177890777588,1.9447466135025024
Whisper - Dataset 1.m4a,whispering,101,0.0030234898440539837,0.0283203125,725.4469358326148,-567.9080810546875,106.77291870117188,34.8336181640625,18.044301986694336,42.734405517578125,43.11894989013672,12.06626033782959,-6.439210891723633,2.0863089561462402,12.638483047485352,10.11988639831543,3.6310200691223145,2.490334987640381
Whisper - Dataset 1.m4a,whispering,102,0.002745493780821562,0.03759765625,800.03198431173,-566.9595336914062,108.78266906738281,36.004207611083984,15.29434585571289,37.77427673339844,39.693214416503906,9.205855369567871,-10.643365859985352,-0.006571173667907715,15.702592849731445,13.746048927307129,2.0891451835632324,-2.4605584144592285
Whisper - Dataset 1.m4a,whispering,103,0.002198617672547698,0.04345703125,885.0987523467757,-569.506591796875,105.31221008300781,33.01887512207031,13.086559295654297,36.211387634277344,38.553924560546875,8.816926002502441,-10.18039608001709,-0.23349818587303162,12.799572944641113,8.796671867370605,-1.9010138511657715,-3.7152538299560547
Whisper - Dataset 1.m4a,whispering,104,0.0018580255564302206,0.04345703125,1066.851991081121,-571.2039184570312,102.10127258300781,29.118038177490234,9.586180686950684,32.644615173339844,35.23442840576172,7.6585469245910645,-9.276785850524902,-0.04175333306193352,10.440648078918457,5.66954231262207,-2.4157657623291016,-1.8286490440368652
Whisper - Dataset 1.m4a,whispering,105,0.009279380552470684,0.03173828125,1126.5413668096126,-555.1937866210938,109.85452270507812,30.725177764892578,19.18749237060547,28.74600601196289,28.82984161376953,14.474895477294922,-9.268302917480469,-3.418640375137329,14.15192985534668,4.599359512329102,-1.979980707168579,2.4370968341827393
Whisper - Dataset 1.m4a,whispering,106,0.02348225563764572,0.02587890625,623.9788261934901,-456.93304443359375,172.59576416015625,41.185630798339844,31.367238998413086,17.97299575805664,20.984390258789062,19.72701072692871,-18.691917419433594,-13.343433380126953,-2.451184034347534,-26.154640197753906,5.723067283630371,0.8692965507507324
Whisper - Dataset 1.m4a,whispering,107,0.036284781992435455,0.02392578125,738.3082499066568,-377.0486145019531,176.21424865722656,28.164548873901367,29.58487319946289,6.956467628479004,21.15886116027832,26.297954559326172,-9.316360473632812,-17.754465103149414,3.092362403869629,-41.51055908203125,19.352325439453125,-0.5500507354736328
Whisper - Dataset 1.m4a,whispering,108,0.04158559441566467,0.0185546875,957.7182548316248,-334.49072265625,154.970703125,21.909069061279297,23.90966796875,-0.8628915548324585,24.600143432617188,28.741966247558594,-1.8621561527252197,-17.926721572875977,5.2836503982543945,-36.29916000366211,23.696619033813477,5.214713096618652
Whisper - Dataset 1.m4a,whispering,109,0.04265855625271797,0.0205078125,1066.72420604158,-328.2432556152344,147.28305053710938,25.070642471313477,23.196624755859375,-6.427182197570801,23.05240821838379,24.296764373779297,-4.584079742431641,-17.556236267089844,8.59395694732666,-32.01960754394531,22.242111206054688,3.7730228900909424
Whisper - Dataset 1.m4a,whispering,110,0.03709663823246956,0.01904296875,988.9807545234561,-352.84429931640625,153.44754028320312,30.990285873413086,25.89760971069336,-4.211787223815918,19.207706451416016,20.90372657775879,-9.14010238647461,-18.134151458740234,10.735671997070312,-28.645713806152344,19.725614547729492,1.8718572854995728
Whisper - Dataset 1.m4a,whispering,111,0.024899408221244812,0.017578125,901.992999735782,-398.9432067871094,159.620849609375,32.14361572265625,25.62020492553711,5.05176305770874,19.343711853027344,19.790950775146484,-10.079998970031738,-15.574378967285156,7.514251708984375,-23.40719223022461,15.37972354888916,-4.062509536743164
Whisper - Dataset 1.m4a,whispering,112,0.014456147328019142,0.02099609375,856.8630086766334,-457.5241394042969,158.547607421875,31.243499755859375,21.216373443603516,15.059586524963379,23.206655502319336,19.4976749420166,-8.024515151977539,-2.9046952724456787,0.4369904398918152,-19.53028678894043,8.877151489257812,-4.041954517364502
Whisper - Dataset 1.m4a,whispering,113,0.0059255575761199,0.02978515625,840.3457525773953,-502.5761413574219,146.01742553710938,28.865617752075195,15.141270637512207,22.733936309814453,29.503143310546875,15.561723709106445,-8.314155578613281,2.9486348628997803,-0.21463555097579956,-9.667262077331543,6.455124855041504,-3.0422019958496094
Whisper - Dataset 1.m4a,whispering,114,0.003614365588873625,0.03857421875,937.8806205410046,-536.4993286132812,129.12557983398438,31.957103729248047,10.28475570678711,27.75815200805664,27.619338989257812,4.116614818572998,-8.619525909423828,3.239126682281494,7.14948034286499,3.103006601333618,3.5176165103912354,-3.9039840698242188
Whisper - Dataset 1.m4a,whispering,115,0.0019503138028085232,0.0478515625,1025.1450405930473,-554.2459106445312,118.613525390625,32.46062469482422,6.279384613037109,27.27236557006836,27.133235931396484,-0.24534380435943604,-12.50300407409668,-0.7648693323135376,8.86319351196289,5.284998893737793,-1.166116714477539,-1.8908960819244385
Whisper - Dataset 1.m4a,whispering,116,0.0015662346268072724,0.04638671875,1005.180867287292,-560.9000244140625,112.51753234863281,31.284814834594727,6.685571670532227,29.015899658203125,31.065942764282227,2.521578073501587,-13.089134216308594,-1.0121748447418213,10.964692115783691,5.914206027984619,-2.836639881134033,-1.5994757413864136
Whisper - Dataset 1.m4a,whispering,117,0.0018416454549878836,0.0390625,946.1296357944955,-568.0576171875,107.21612548828125,33.77216720581055,11.255647659301758,32.8007698059082,37.068031311035156,9.842883110046387,-10.367958068847656,-3.1315441131591797,9.967692375183105,7.520542144775391,-2.4129302501678467,-3.1588072776794434
Whisper - Dataset 1.m4a,whispering,118,0.001945706782862544,0.03466796875,843.0794841404038,-565.7609252929688,110.18961334228516,36.14258575439453,12.913461685180664,33.39161682128906,36.33574676513672,8.611615180969238,-10.694862365722656,-1.7954667806625366,13.413485527038574,12.967647552490234,2.819023847579956,-0.47869986295700073
Whisper - Dataset 1.m4a,whispering,119,0.0022758126724511385,0.025390625,820.4554617607503,-563.9012451171875,112.24360656738281,37.107566833496094,12.859848022460938,31.706146240234375,32.79928207397461,6.038715839385986,-8.659242630004883,3.7340164184570312,17.657146453857422,14.208343505859375,3.14664363861084,-0.08995315432548523
Whisper - Dataset 1.m4a,whispering,120,0.0023581362329423428,0.025390625,836.0963437369006,-567.7638549804688,108.46856689453125,35.47565460205078,11.036762237548828,30.66075897216797,36.69325637817383,14.973331451416016,-0.6982632279396057,5.912384033203125,16.31255531311035,14.341228485107422,4.847413063049316,-0.7421275973320007
Whisper - Dataset 1.m4a,whispering,121,0.002151272026821971,0.02587890625,826.2430023177767,-568.1829223632812,106.5103988647461,33.21476745605469,12.25668716430664,34.41005325317383,39.469940185546875,16.89653778076172,1.8882825374603271,8.019423484802246,16.009523391723633,11.61652660369873,1.1511856317520142,-3.894301176071167
Whisper - Dataset 1.m4a,whispering,122,0.002206704579293728,0.02392578125,1009.8655506638179,-574.395263671875,99.60993957519531,30.35240936279297,12.581521034240723,34.681819915771484,36.04912567138672,9.702197074890137,-5.421726703643799,2.142580509185791,9.841529846191406,6.014470100402832,-0.3213701546192169,-1.1343086957931519
Whisper - Dataset 1.m4a,whispering,123,0.002193736843764782,0.02587890625,1013.5902216791927,-572.4849853515625,102.01127624511719,32.641029357910156,15.038555145263672,35.693702697753906,33.754913330078125,5.176384925842285,-9.09732437133789,0.7298387289047241,9.727396011352539,6.725215911865234,2.5561130046844482,4.297730445861816
Whisper - Dataset 1.m4a,whispering,124,0.002626804169267416,0.02197265625,892.9539949493436,-563.0704345703125,109.28945922851562,32.78854751586914,17.799579620361328,41.75852584838867,36.18798828125,5.090386390686035,-6.012272834777832,5.631046295166016,12.289968490600586,7.434937477111816,2.3538389205932617,1.2807213068008423
Whisper - Dataset 1.m4a,whispering,125,0.0033747986890375614,0.0185546875,879.799761841052,-560.986572265625,110.24642181396484,32.6096076965332,21.344642639160156,47.02370834350586,35.64976501464844,-1.2126351594924927,-10.119144439697266,6.3979597091674805,13.1427583694458,6.51558256149292,2.190119981765747,1.5918169021606445
Whisper - Dataset 1.m4a,whispering,126,0.003685436211526394,0.01708984375,830.5987008929019,-560.4240112304688,109.67514038085938,30.724712371826172,21.119083404541016,48.706520080566406,36.278594970703125,-2.1394529342651367,-9.751470565795898,8.731245040893555,14.57975959777832,5.732446193695068,1.264216423034668,1.8151206970214844
Whisper - Dataset 1.m4a,whispering,127,0.0039007081650197506,0.01318359375,830.2466504234565,-556.91650390625,114.7349853515625,33.932342529296875,19.9549560546875,45.36495590209961,34.561119079589844,-2.7303459644317627,-10.925496101379395,8.433323860168457,15.999454498291016,6.84869384765625,2.0509023666381836,4.333308219909668
Whisper - Dataset 1.m4a,whispering,128,0.0036211274564266205,0.01416015625,809.5966081334647,-555.9479370117188,118.22089385986328,38.78468704223633,20.65623664855957,42.23289108276367,33.90906524658203,0.240523099899292,-9.570459365844727,6.871622085571289,15.788330078125,9.240447998046875,3.733570098876953,3.680209159851074
Whisper - Dataset 1.m4a,whispering,129,0.003328730585053563,0.01513671875,864.0027137464472,-561.9290161132812,111.6932144165039,35.037200927734375,17.391740798950195,39.592018127441406,34.69169998168945,4.655600547790527,-5.080395698547363,9.046631813049316,17.323768615722656,11.550079345703125,4.5488152503967285,2.358996868133545
Whisper - Dataset 1.m4a,whispering,130,0.003165794536471367,0.01220703125,907.903606480295,-561.601318359375,110.87879943847656,31.68822479248047,13.493228912353516,38.44397735595703,35.9015007019043,4.676861763000488,-6.592824459075928,9.280706405639648,19.685489654541016,12.686452865600586,3.6029748916625977,2.423523426055908
Whisper - Dataset 1.m4a,whispering,131,0.0028636669740080833,0.01806640625,861.130761703241,-555.3009033203125,117.48333740234375,33.75996398925781,12.821124076843262,37.77979278564453,36.014949798583984,4.635066509246826,-7.814881324768066,6.868138313293457,17.664962768554688,13.03819465637207,5.796164512634277,3.4891226291656494
Whisper - Dataset 1.m4a,whispering,132,0.002864107023924589,0.02001953125,987.5928188998498,-557.82421875,114.74835205078125,32.0284538269043,10.203022003173828,33.59766387939453,32.84022521972656,4.7672119140625,-6.324029922485352,6.155613899230957,14.969551086425781,12.012136459350586,8.337254524230957,7.140151023864746
Whisper - Dataset 1.m4a,whispering,133,0.0026916780043393373,0.02392578125,970.5670247322917,-559.4745483398438,112.66996765136719,30.66087532043457,9.514253616333008,33.3597526550293,33.81178283691406,7.714263439178467,-3.010679244995117,6.766387939453125,11.743900299072266,6.711790084838867,3.7203731536865234,4.936276912689209
Whisper - Dataset 1.m4a,whispering,134,0.003291203873232007,0.02294921875,975.7211131766323,-560.5131225585938,112.52241516113281,32.65266418457031,11.8477144241333,34.02085494995117,32.0750846862793,4.328284740447998,-6.307306289672852,4.92706298828125,11.791402816772461,8.329601287841797,5.389532089233398,5.33914852142334
Whisper - Dataset 1.m4a,whispering,135,0.0034523664508014917,0.02099609375,854.0011079733596,-554.666259765625,117.981689453125,34.87883758544922,14.747772216796875,36.46380615234375,30.832820892333984,1.9303585290908813,-5.602774620056152,7.879595756530762,13.351487159729004,7.079714775085449,3.0059151649475098,4.655317306518555
Whisper - Dataset 1.m4a,whispering,136,0.003627806669101119,0.0205078125,803.5619980873357,-552.9923706054688,119.04830932617188,33.438453674316406,12.35446834564209,36.266029357910156,34.71342468261719,7.946946144104004,-1.9719641208648682,6.937753677368164,10.068408012390137,4.36094856262207,1.1080436706542969,3.061138153076172
Whisper - Dataset 1.m4a,whispering,137,0.0034994925372302532,0.01708984375,866.9793427389927,-555.451904296875,116.39877319335938,31.694015502929688,11.825643539428711,39.80811309814453,41.72380828857422,12.359829902648926,-3.099635124206543,3.5512278079986572,7.111928939819336,1.4394125938415527,-1.6382960081100464,1.3319088220596313
Whisper - Dataset 1.m4a,whispering,138,0.0030415041837841272,0.01611328125,901.7696729331698,-560.9033203125,111.63856506347656,31.03852653503418,10.263710021972656,34.785011291503906,36.48973846435547,9.832062721252441,-2.8333590030670166,7.075554847717285,13.130064964294434,5.711152076721191,-1.347191333770752,-0.12316775321960449
Whisper - Dataset 1.m4a,whispering,139,0.0031137196347117424,0.01171875,920.6061835444423,-563.2033081054688,110.20821380615234,32.826358795166016,13.194175720214844,36.33308410644531,35.581321716308594,6.400638103485107,-7.2281317710876465,5.053461074829102,14.926420211791992,8.320093154907227,-1.5270178318023682,-2.8014495372772217
Whisper - Dataset 1.m4a,whispering,140,0.002846333896741271,0.01220703125,782.6429229145747,-559.908203125,115.40825653076172,38.48670196533203,17.858543395996094,38.828529357910156,35.40968704223633,4.1382646560668945,-8.841072082519531,6.9201483726501465,19.01001739501953,10.398643493652344,-2.4108433723449707,-2.9708595275878906
Whisper - Dataset 1.m4a,whispering,141,0.0030775920022279024,0.01123046875,770.8399929839159,-561.4353637695312,114.45332336425781,39.93717956542969,20.15062713623047,38.94841384887695,32.698936462402344,1.4604332447052002,-9.327470779418945,6.714207649230957,16.368974685668945,6.181874752044678,-5.357515335083008,-3.6557130813598633
Whisper - Dataset 1.m4a,whispering,142,0.0028917700983583927,0.01513671875,1008.671941898481,-548.0840454101562,122.25848388671875,32.59039306640625,12.574020385742188,36.105979919433594,29.772335052490234,-1.5056484937667847,-11.660306930541992,2.204892158508301,10.377758026123047,4.192615032196045,-1.1689105033874512,0.3098059892654419
Whisper - Dataset 1.m4a,whispering,143,0.002648691413924098,0.02294921875,1092.978337192444,-533.13525390625,127.88206481933594,30.267290115356445,16.668676376342773,35.04148864746094,28.127079010009766,-4.675671577453613,-19.350650787353516,-2.409715175628662,9.54499340057373,7.951294898986816,3.9099087715148926,0.21111631393432617
Whisper - Dataset 1.m4a,whispering,144,0.0029852327425032854,0.02294921875,1294.6252430536902,-530.4652709960938,119.06857299804688,20.288352966308594,19.191991806030273,35.772823333740234,31.111434936523438,-3.553821563720703,-23.780521392822266,-1.3954943418502808,10.910576820373535,8.722602844238281,7.978330612182617,1.3264341354370117
Whisper - Dataset 1.m4a,whispering,145,0.0027462446596473455,0.02587890625,1264.504529600522,-523.323486328125,118.78437805175781,11.722423553466797,17.2864990234375,37.969364166259766,34.63632583618164,-0.9733477830886841,-25.47281265258789,-1.3975743055343628,13.07525634765625,9.860818862915039,11.459224700927734,4.720610618591309
Whisper - Dataset 1.m4a,whispering,146,0.002755474764853716,0.02783203125,1198.25045534129,-526.4166259765625,119.69757080078125,12.584354400634766,15.519720077514648,39.555564880371094,33.306678771972656,0.4902653098106384,-19.23828887939453,0.7042829394340515,15.371173858642578,11.62304401397705,9.627277374267578,2.373164653778076
Whisper - Dataset 1.m4a,whispering,147,0.002684792038053274,0.02783203125,1176.1383504185387,-529.2576904296875,121.2193832397461,13.30986213684082,10.226877212524414,38.62535858154297,30.971881866455078,-2.475735664367676,-13.020170211791992,5.028383255004883,13.595566749572754,8.912446975708008,5.936480522155762,3.4188597202301025
Whisper - Dataset 1.m4a,whispering,148,0.00275715091265738,0.02685546875,1066.8789733664794,-535.0188598632812,122.38365173339844,18.45981216430664,9.417020797729492,38.55225372314453,30.2772216796875,-3.678041696548462,-14.45236587524414,4.207473278045654,15.520089149475098,7.30919075012207,4.121975898742676,7.731944561004639
Whisper - Dataset 1.m4a,whispering,149,0.003041621996089816,0.02099609375,975.6157960031215,-537.2796630859375,122.43733978271484,18.543533325195312,7.8276872634887695,41.51416778564453,37.481685638427734,3.1451454162597656,-14.840439796447754,-1.610205054283142,14.510022163391113,13.68098258972168,8.559453010559082,5.229393005371094
Whisper - Dataset 1.m4a,whispering,150,0.003053548512980342,0.01904296875,932.3878339480008,-538.8471069335938,122.25652313232422,22.001483917236328,11.61275577545166,42.782264709472656,38.06114196777344,4.472722053527832,-14.07497501373291,-2.8333888053894043,12.264467239379883,13.10924243927002,9.02541732788086,4.697587013244629
Whisper - Dataset 1.m4a,whispering,151,0.003234345465898514,0.01123046875,898.7328300045702,-549.6814575195312,117.41295623779297,27.199111938476562,12.48433780670166,39.59224319458008,33.71720886230469,1.9950900077819824,-10.202280044555664,2.661182165145874,12.434701919555664,8.333187103271484,5.091674327850342,7.123372554779053
Whisper - Dataset 1.m4a,whispering,152,0.0028958660550415516,0.01416015625,874.3855018679761,-554.2054443359375,116.39765167236328,29.935333251953125,9.568441390991211,34.653663635253906,32.569671630859375,1.719430923461914,-10.725773811340332,3.4239501953125,13.79925537109375,10.402868270874023,6.492569446563721,6.012542247772217
Whisper - Dataset 1.m4a,whispering,153,0.002471677493304014,0.02587890625,799.4543052465671,-555.5382080078125,117.99661254882812,34.343013763427734,10.07658576965332,31.388084411621094,30.310766220092773,2.675610303878784,-7.907367706298828,5.810606479644775,15.589275360107422,10.829484939575195,3.0635459423065186,-0.27765023708343506
Whisper - Dataset 1.m4a,whispering,154,0.0024877467658370733,0.0263671875,898.1715812905061,-559.7694091796875,113.80593872070312,33.54689025878906,11.340266227722168,33.002037048339844,31.403343200683594,2.4926016330718994,-9.656192779541016,3.828036308288574,15.43187141418457,12.273810386657715,2.743551731109619,-5.0328145027160645
Whisper - Dataset 1.m4a,whispering,155,0.002620531478896737,0.02978515625,827.8917148390174,-557.7802124023438,116.67855834960938,35.53247833251953,11.769641876220703,34.156532287597656,34.90874481201172,5.393436908721924,-9.922645568847656,3.3769781589508057,17.700885772705078,14.275308609008789,1.847062587738037,-5.0075836181640625
Whisper - Dataset 1.m4a,whispering,156,0.0029428035486489534,0.02587890625,782.165418444237,-562.6173095703125,112.01904296875,34.960182189941406,13.709428787231445,36.725181579589844,37.02090835571289,6.204204559326172,-9.886013984680176,4.228776931762695,19.034814834594727,14.446656227111816,2.1747608184814453,-1.1273010969161987
Whisper - Dataset 1.m4a,whispering,157,0.0033334773033857346,0.0166015625,756.6954296308442,-568.1881713867188,106.54126739501953,33.817527770996094,14.541665077209473,37.09156036376953,37.042144775390625,6.694568634033203,-9.488176345825195,3.2985782623291016,16.900514602661133,13.381612777709961,4.560833930969238,4.139138221740723
Whisper - Dataset 1.m4a,whispering,158,0.003645932534709573,0.01318359375,764.1277869282857,-564.774169921875,109.95602416992188,33.847991943359375,11.708158493041992,34.362640380859375,36.83303451538086,8.192180633544922,-8.657925605773926,3.247074842453003,17.950904846191406,15.924022674560547,5.767340660095215,1.4858938455581665
Whisper - Dataset 1.m4a,whispering,159,0.003757466794922948,0.01416015625,706.1631017951303,-562.8796997070312,112.12086486816406,37.26505661010742,18.23175048828125,39.08981704711914,34.63103485107422,2.956179141998291,-10.725837707519531,3.440183639526367,17.477895736694336,15.94265365600586,6.534502983093262,0.1230849027633667
Whisper - Dataset 1.m4a,whispering,160,0.00401447806507349,0.01708984375,704.7245590653793,-561.9159545898438,112.78500366210938,36.66520690917969,16.788129806518555,37.516807556152344,34.44440460205078,5.500577926635742,-6.9463043212890625,5.167737007141113,16.132770538330078,12.974039077758789,3.320923089981079,-1.6967384815216064
Whisper - Dataset 1.m4a,whispering,161,0.0038410911802202463,0.01708984375,671.1990609125714,-558.968017578125,113.64144897460938,33.52452087402344,15.971725463867188,41.762535095214844,40.169219970703125,9.701796531677246,-4.152233123779297,6.9585795402526855,16.879680633544922,12.728087425231934,2.119337558746338,-2.669865846633911
Whisper - Dataset 1.m4a,whispering,162,0.0034648296423256397,0.02099609375,699.0836029705429,-560.1448974609375,111.39645385742188,31.325008392333984,15.944395065307617,43.265899658203125,39.80534362792969,6.541726112365723,-7.202049255371094,5.85211181640625,16.393291473388672,12.482599258422852,4.106940746307373,1.2201648950576782
Whisper - Dataset 1.m4a,whispering,163,0.003320603631436825,0.01904296875,878.4439168122142,-563.2644653320312,107.13873291015625,26.71468162536621,9.854402542114258,36.06437683105469,33.85504913330078,4.02138090133667,-6.7671098709106445,6.354189872741699,15.214365005493164,11.491052627563477,5.864850044250488,4.776860237121582
Whisper - Dataset 1.m4a,whispering,164,0.002729107392951846,0.01611328125,797.0817095822067,-561.9615478515625,110.28839111328125,30.45633316040039,10.535619735717773,34.130489349365234,33.449554443359375,6.078929901123047,-4.571469306945801,8.435761451721191,18.284677505493164,14.12139892578125,6.109487056732178,3.5316145420074463
Whisper - Dataset 1.m4a,whispering,165,0.0028272445779293776,0.02001953125,766.6312854783431,-561.1947021484375,111.98600006103516,33.47611999511719,13.870786666870117,35.85169982910156,34.04784393310547,8.080524444580078,-1.9084422588348389,7.5860676765441895,13.687597274780273,11.025848388671875,6.401664733886719,2.21176815032959
Whisper - Dataset 1.m4a,whispering,166,0.002970428904518485,0.02001953125,801.0083816025102,-564.8259887695312,109.06880187988281,34.081459045410156,15.686585426330566,37.92182159423828,36.75075912475586,9.594927787780762,-4.074132919311523,2.7952892780303955,10.222745895385742,10.9391450881958,7.325230598449707,0.6166887283325195
Whisper - Dataset 1.m4a,whispering,167,0.002917417325079441,0.02001953125,761.8726276992998,-564.4923706054688,108.768798828125,32.63064193725586,14.339029312133789,37.690364837646484,37.273582458496094,9.908376693725586,-4.310321807861328,2.774479866027832,11.527148246765137,13.633957862854004,10.44905948638916,3.6610143184661865
Whisper - Dataset 1.m4a,whispering,168,0.0029704866465181112,0.02197265625,729.8139886342233,-562.6434936523438,111.3609619140625,35.21573257446289,16.564241409301758,38.95671081542969,37.685447692871094,9.751744270324707,-4.686464309692383,3.692427158355713,13.904815673828125,13.790876388549805,6.557573318481445,0.4272400140762329
Whisper - Dataset 1.m4a,whispering,169,0.0028483266942203045,0.02490234375,761.5370040198113,-563.4539794921875,109.8023910522461,33.89496612548828,17.20550537109375,41.46002197265625,40.13459777832031,10.298186302185059,-5.606390953063965,4.546144485473633,17.29663848876953,14.496175765991211,1.2545976638793945,-6.0672149658203125
Whisper - Dataset 1.m4a,whispering,170,0.0026223957538604736,0.029296875,776.7781636370398,-564.58349609375,107.63056182861328,32.09678649902344,18.155399322509766,43.53309631347656,38.70375061035156,5.319499969482422,-9.356090545654297,3.681903839111328,16.838321685791016,14.028787612915039,2.2350826263427734,-4.622872352600098
Whisper - Dataset 1.m4a,whispering,171,0.002139772055670619,0.0380859375,812.5894146802358,-566.4503784179688,103.8125228881836,27.42386245727539,15.457450866699219,43.42688751220703,40.31517791748047,8.92786693572998,-5.193300724029541,4.181084632873535,12.863215446472168,10.50169563293457,2.875701904296875,-1.7525877952575684
Whisper - Dataset 1.m4a,whispering,172,0.001959956483915448,0.04052734375,935.8572716520906,-566.7977905273438,104.34614562988281,28.420703887939453,13.260032653808594,36.4810676574707,31.962053298950195,4.182208061218262,-5.408876419067383,4.04142951965332,9.785303115844727,7.802259922027588,3.1012845039367676,-2.9345004558563232
Whisper - Dataset 1.m4a,whispering,173,0.0017421983648091555,0.03857421875,930.7190958914989,-567.503173828125,105.5890884399414,31.933149337768555,14.374077796936035,34.27637481689453,30.317180633544922,5.0478515625,-4.096436500549316,3.399963855743408,7.01318359375,4.861394882202148,2.2894535064697266,-1.729550838470459
Whisper - Dataset 1.m4a,whispering,174,0.0017902038525789976,0.0302734375,877.1887212259198,-568.13623046875,104.79322814941406,31.298625946044922,14.69330883026123,37.157928466796875,34.894168853759766,7.036394119262695,-6.800965309143066,-0.13929718732833862,7.243624687194824,8.064529418945312,4.855063438415527,-0.3210721015930176
Whisper - Dataset 1.m4a,whispering,175,0.002158555667847395,0.02490234375,947.3517986974483,-567.5633544921875,104.76274108886719,30.329078674316406,13.865716934204102,35.45728302001953,30.861186981201172,3.23827862739563,-6.273489952087402,3.6622211933135986,9.342174530029297,6.878697395324707,3.560539722442627,1.1761219501495361
Whisper - Dataset 1.m4a,whispering,176,0.0023770537227392197,0.02001953125,843.5366189345295,-564.6265869140625,110.003173828125,33.614078521728516,10.645147323608398,31.826805114746094,34.78462600708008,9.916478157043457,-4.270833969116211,5.067771911621094,14.964424133300781,10.993509292602539,2.1814026832580566,0.3468364477157593
Whisper - Dataset 1.m4a,whispering,177,0.0029814208392053843,0.01416015625,772.5726223044928,-562.0457763671875,113.7982177734375,36.4105224609375,10.297629356384277,29.316953659057617,34.084197998046875,12.033567428588867,-2.5508651733398438,5.041296005249023,15.45674991607666,13.074567794799805,4.6745123863220215,2.3486814498901367
Whisper - Dataset 1.m4a,whispering,178,0.003071981016546488,0.02001953125,743.2811934828401,-560.52001953125,115.41802978515625,37.599761962890625,12.101272583007812,31.93857192993164,37.06082534790039,13.497014999389648,-5.8975911140441895,-2.533677339553833,10.254415512084961,14.479429244995117,8.822325706481934,4.154693603515625
Whisper - Dataset 1.m4a,whispering,179,0.002884203800931573,0.02490234375,757.3644390252887,-565.3817749023438,110.74024963378906,35.4640007019043,10.359251022338867,33.10930252075195,42.76035690307617,17.928525924682617,-6.861771583557129,-3.881621837615967,13.354297637939453,18.50653076171875,8.597614288330078,0.5545120239257812
Whisper - Dataset 1.m4a,whispering,180,0.002865319140255451,0.03271484375,840.3942405923667,-565.634033203125,111.55479431152344,36.88129425048828,8.980953216552734,28.50944709777832,38.24013137817383,16.17041015625,-5.971563339233398,-2.5499186515808105,12.484106063842773,14.71335220336914,3.8516199588775635,-2.551259756088257
Whisper - Dataset 1.m4a,whispering,181,0.0030809342861175537,0.03271484375,844.962003562568,-564.0095825195312,111.93063354492188,34.99006271362305,8.340093612670898,29.241947174072266,36.292057037353516,11.721181869506836,-7.3718180656433105,-0.2434949278831482,12.003767013549805,9.162355422973633,-0.7602071762084961,-2.077375888824463
Whisper - Dataset 1.m4a,whispering,182,0.003535178489983082,0.02734375,710.2143085513444,-563.4315185546875,111.83419036865234,36.17949295043945,14.790129661560059,37.193084716796875,38.95622253417969,10.672025680541992,-6.550834655761719,1.1155190467834473,9.476421356201172,4.669540882110596,-2.000948429107666,0.9244128465652466
Whisper - Dataset 1.m4a,whispering,183,0.0037464292254298925,0.02490234375,632.7728473872447,-562.1118774414062,115.57902526855469,42.12422180175781,18.974761962890625,37.99774169921875,39.24661636352539,11.906660079956055,-6.4320068359375,0.055455684661865234,10.159832000732422,6.9877424240112305,-1.376436471939087,-0.49024948477745056
Whisper - Dataset 1.m4a,whispering,184,0.003970207646489143,0.02001953125,684.3384159214767,-561.0115356445312,117.10871887207031,41.354400634765625,14.797307014465332,35.712501525878906,41.68810272216797,12.777597427368164,-10.722488403320312,-2.777477979660034,13.335433959960938,11.49064826965332,0.954555869102478,1.8304357528686523
Whisper - Dataset 1.m4a,whispering,185,0.0036896627862006426,0.02392578125,753.3660556295246,-562.7127685546875,113.45442962646484,36.771453857421875,12.692750930786133,36.998653411865234,43.54139709472656,13.154569625854492,-11.212589263916016,-3.3005013465881348,12.823934555053711,11.234844207763672,0.9456281661987305,0.9926434755325317
Whisper - Dataset 1.m4a,whispering,186,0.0036641894839704037,0.029296875,739.1350791231196,-564.1879272460938,110.86730194091797,34.252174377441406,12.330587387084961,39.224815368652344,46.866859436035156,16.572113037109375,-8.079153060913086,-1.2558069229125977,13.76224136352539,12.528322219848633,2.814164161682129,1.027592420578003
Whisper - Dataset 1.m4a,whispering,187,0.004030280280858278,0.02490234375,705.5650478431762,-561.8783569335938,113.68856811523438,35.251224517822266,11.075141906738281,38.04005432128906,47.575050354003906,17.39404296875,-8.819355964660645,-1.4346580505371094,16.343734741210938,15.934069633483887,3.864023208618164,-0.1364985704421997
Whisper - Dataset 1.m4a,whispering,188,0.003845774568617344,0.02587890625,647.0969355018422,-558.048095703125,116.44878387451172,34.89970779418945,12.18134880065918,40.414215087890625,45.75931167602539,11.01803207397461,-13.043067932128906,0.1988391876220703,20.152294158935547,18.12311553955078,5.251612663269043,1.8913662433624268
Whisper - Dataset 1.m4a,whispering,189,0.0037005553022027016,0.02392578125,717.6411506157106,-560.7225341796875,115.34684753417969,37.37228012084961,13.228058815002441,36.947906494140625,40.07063293457031,5.952210426330566,-16.98336410522461,-2.219480276107788,19.705509185791016,18.06188201904297,3.692464590072632,-0.5672256946563721
Whisper - Dataset 1.m4a,whispering,190,0.0033262185752391815,0.0224609375,796.4865409535075,-562.366455078125,114.77734375,38.45057678222656,11.146522521972656,30.23625946044922,35.03577423095703,8.159233093261719,-11.463417053222656,-0.3473464846611023,18.512516021728516,18.034210205078125,3.7914581298828125,-2.638650894165039
Whisper - Dataset 1.m4a,whispering,191,0.002988204825669527,0.02294921875,771.278136515609,-560.9254150390625,116.61328887939453,39.737159729003906,11.33900260925293,29.10763931274414,34.14667510986328,9.471695899963379,-9.159570693969727,-0.31263619661331177,16.274412155151367,17.134628295898438,5.937493324279785,0.28129419684410095
Whisper - Dataset 1.m4a,whispering,192,0.0028416868299245834,0.02490234375,742.5840420435356,-560.466796875,115.36183166503906,37.67842483520508,13.71456527709961,34.945648193359375,37.06224060058594,8.170539855957031,-9.882808685302734,1.8165775537490845,18.558181762695312,17.60793685913086,5.324898719787598,-1.9385594129562378
Whisper - Dataset 1.m4a,whispering,193,0.0030218728352338076,0.0234375,753.2445271245165,-560.6785888671875,112.02094268798828,31.11627769470215,11.029532432556152,39.261016845703125,43.445045471191406,12.331588745117188,-7.187105178833008,2.823317050933838,15.056112289428711,10.987499237060547,1.315794587135315,-1.9183881282806396
Whisper - Dataset 1.m4a,whispering,194,0.002984048333019018,0.021484375,772.2103960768618,-563.8992919921875,107.87934875488281,28.37529945373535,10.17062759399414,39.166175842285156,42.974849700927734,12.766609191894531,-4.626660346984863,4.83402156829834,13.636280059814453,8.614797592163086,2.185976505279541,2.2514097690582275
Whisper - Dataset 1.m4a,whispering,195,0.0026807384565472603,0.02197265625,760.7749461745066,-565.0473022460938,108.18650817871094,32.474609375,14.50960636138916,37.83518981933594,36.426612854003906,7.361799716949463,-5.954010486602783,5.688138008117676,15.30208969116211,10.329973220825195,2.6194310188293457,1.808480143547058
Whisper - Dataset 1.m4a,whispering,196,0.0032423781231045723,0.0146484375,811.8087391044696,-563.5999755859375,111.17858123779297,34.84861755371094,12.992219924926758,34.163551330566406,33.44374084472656,3.977193832397461,-10.01728343963623,3.9790430068969727,17.083110809326172,12.956029891967773,3.287044048309326,-0.0629865825176239
Whisper - Dataset 1.m4a,whispering,197,0.0030341120436787605,0.01708984375,724.196480075957,-554.5097045898438,118.29701232910156,33.384159088134766,11.433023452758789,37.56172180175781,37.51821517944336,4.857483863830566,-10.432609558105469,4.304746627807617,17.350507736206055,12.760171890258789,3.006850242614746,-1.1690406799316406
Whisper - Dataset 1.m4a,whispering,198,0.0033155709970742464,0.01708984375,747.6456173769753,-553.5933227539062,118.16400909423828,31.57101821899414,9.739057540893555,35.98385238647461,36.64171600341797,6.762348651885986,-7.53840970993042,3.8327276706695557,14.307014465332031,11.033576965332031,2.2355074882507324,-2.4879918098449707
Whisper - Dataset 1.m4a,whispering,199,0.0037508110981434584,0.01318359375,749.0454865694223,-555.2348022460938,117.87825012207031,34.447837829589844,11.610954284667969,33.12228012084961,32.68695831298828,8.141639709472656,-1.9175256490707397,6.736711025238037,11.974681854248047,7.114066123962402,0.2816177308559418,-1.950425148010254
Whisper - Dataset 1.m4a,whispering,200,0.0040238238871097565,0.01318359375,671.2127792162771,-554.6356811523438,117.33924102783203,33.62384033203125,14.545740127563477,38.776832580566406,36.67860412597656,10.426013946533203,1.4654568433761597,10.431809425354004,12.657665252685547,4.635522365570068,-1.8511130809783936,-1.3518728017807007
Whisper - Dataset 1.m4a,whispering,201,0.004638472106307745,0.01025390625,669.6583686890043,-555.5867919921875,114.37261962890625,30.84389877319336,17.231182098388672,45.11176681518555,40.18238830566406,9.35035228729248,-1.6763360500335693,7.647241592407227,12.336590766906738,7.471127510070801,1.8558964729309082,0.40896981954574585
Whisper - Dataset 1.m4a,whispering,202,0.00455150892958045,0.00634765625,660.2247225257751,-556.0354614257812,111.80398559570312,28.30282211303711,19.80683708190918,49.84906768798828,41.73363494873047,8.312474250793457,-3.3381497859954834,6.081185340881348,12.690325736999512,10.406782150268555,5.783379554748535,3.4451661109924316
Whisper - Dataset 1.m4a,whispering,203,0.004199933726340532,0.01025390625,763.7800049197888,-560.9714965820312,105.38331604003906,22.332361221313477,13.734359741210938,45.334747314453125,40.549560546875,9.240252494812012,-2.057260274887085,8.137004852294922,15.712018966674805,12.949716567993164,7.432098388671875,5.145877838134766
Whisper - Dataset 1.m4a,whispering,204,0.0035056299529969692,0.0107421875,820.1163155661616,-561.4186401367188,109.36500549316406,28.85992431640625,11.598230361938477,36.625762939453125,36.859764099121094,11.979433059692383,0.062173351645469666,6.659359455108643,11.688207626342773,6.844063758850098,0.6394022703170776,1.3865455389022827
Whisper - Dataset 1.m4a,whispering,205,0.002756701782345772,0.01025390625,804.2690414387084,-560.37353515625,113.61567687988281,34.382293701171875,11.627655029296875,33.055419921875,36.29037094116211,13.411149978637695,-1.0454109907150269,3.711951732635498,9.637725830078125,5.794344902038574,0.15013158321380615,1.6146783828735352
Whisper - Dataset 1.m4a,whispering,206,0.002897634170949459,0.01123046875,827.5153954744051,-560.0623168945312,110.98307037353516,28.42026138305664,9.448563575744629,36.948944091796875,39.00469970703125,10.213150024414062,-5.013895034790039,4.394573211669922,13.595104217529297,10.377047538757324,4.626654148101807,4.617414474487305
Whisper - Dataset 1.m4a,whispering,207,0.003005824750289321,0.0107421875,797.311840170301,-560.2205810546875,109.453125,25.33877182006836,7.380758285522461,36.798728942871094,38.845951080322266,9.021932601928711,-5.7896833419799805,5.4643402099609375,16.245052337646484,13.14512825012207,6.02186918258667,4.9289703369140625
Whisper - Dataset 1.m4a,whispering,208,0.0031863292679190636,0.013671875,816.1511499052153,-561.3466796875,111.74320220947266,31.07084083557129,7.974964141845703,31.32160758972168,34.74748992919922,9.461047172546387,-3.812473773956299,6.965286731719971,17.418964385986328,13.476329803466797,4.328725814819336,1.0431811809539795
Whisper - Dataset 1.m4a,whispering,209,0.0032830361742526293,0.017578125,777.7233471519835,-558.8959350585938,113.64866638183594,32.16333770751953,11.443500518798828,35.47978210449219,36.40111541748047,9.46829891204834,-4.38289737701416,4.666014194488525,13.974864959716797,11.289372444152832,4.081603050231934,1.6385819911956787
Whisper - Dataset 1.m4a,whispering,210,0.0028483953792601824,0.025390625,793.7844304261869,-560.0265502929688,110.41313171386719,28.533695220947266,12.318133354187012,39.49530029296875,37.35939025878906,7.437713623046875,-3.7722129821777344,7.839943885803223,14.114258766174316,8.297487258911133,3.3230183124542236,3.7140378952026367
Whisper - Dataset 1.m4a,whispering,211,0.0026299136225134134,0.0283203125,817.2331434915145,-564.1421508789062,107.02015686035156,29.64752960205078,15.699128150939941,41.38561248779297,35.310211181640625,2.952404022216797,-6.465765476226807,8.232019424438477,15.663856506347656,10.116726875305176,4.140709400177002,1.3512479066848755
Whisper - Dataset 1.m4a,whispering,212,0.002683380851522088,0.02685546875,894.8857245804002,-564.7337646484375,107.7149887084961,32.984344482421875,19.557193756103516,43.14845275878906,34.211029052734375,-0.5556907653808594,-11.39427375793457,3.510927677154541,12.047870635986328,7.183472633361816,2.0598561763763428,0.4465087354183197
Whisper - Dataset 1.m4a,whispering,213,0.0022770382929593325,0.0234375,826.5959471030845,-563.5422973632812,107.65373992919922,30.79984474182129,18.172622680664062,43.05973815917969,33.11957550048828,-3.028707265853882,-13.07470703125,3.8849809169769287,13.735395431518555,9.568840026855469,5.858621597290039,5.674475193023682
Whisper - Dataset 1.m4a,whispering,214,0.0021586460061371326,0.01513671875,841.286134353227,-565.3804321289062,105.57425689697266,29.212596893310547,16.288511276245117,41.803367614746094,34.78022384643555,1.632345199584961,-9.253902435302734,3.0606861114501953,9.660311698913574,6.392055511474609,3.957098960876465,3.2433648109436035
Whisper - Dataset 1.m4a,whispering,215,0.001985961338505149,0.00634765625,1240.7573672024537,-566.6646728515625,106.27259063720703,30.653745651245117,10.86665153503418,31.064903259277344,28.812477111816406,3.1481475830078125,-7.0997748374938965,2.296627998352051,8.569748878479004,5.505244255065918,1.5157674551010132,0.8132785558700562
Whisper - Dataset 2.m4a,whispering,0,0.0010879336623474956,0.13134765625,1095.8164570052572,-775.7964477539062,118.17781829833984,32.71647644042969,2.0849087238311768,17.733545303344727,16.21963119506836,-7.4472246170043945,-10.717939376831055,10.12167739868164,18.128944396972656,2.90183162689209,-8.977569580078125,-4.4608564376831055
Whisper - Dataset 2.m4a,whispering,1,0.0016607875004410744,0.14111328125,857.8893674691249,-616.318115234375,175.41729736328125,4.52006196975708,8.387960433959961,25.254432678222656,26.963212966918945,-4.3433918952941895,-8.24938678741455,11.84531307220459,9.519315719604492,-1.32169771194458,-4.94687557220459,-6.387081623077393
Whisper - Dataset 2.m4a,whispering,2,0.001820997684262693,0.15771484375,811.5727175628634,-564.3836669921875,184.64532470703125,1.4632174968719482,8.024418830871582,26.95370864868164,28.11874008178711,-5.502058506011963,-8.430904388427734,10.09245491027832,4.967560768127441,-2.491229295730591,-8.155383110046387,-7.3066511154174805
Whisper - Dataset 2.m4a,whispering,3,0.002287453506141901,0.05859375,868.8922871613288,-569.53369140625,183.98904418945312,-1.8666433095932007,3.157658815383911,27.393545150756836,27.247835159301758,-5.447633743286133,-9.369155883789062,9.697016716003418,7.138440132141113,0.021441427990794182,-10.556690216064453,-10.217438697814941
Whisper - Dataset 2.m4a,whispering,4,0.0025351957883685827,0.0439453125,871.5983016805662,-569.8941040039062,183.04299926757812,0.5183876752853394,3.4653103351593018,24.76803970336914,22.694427490234375,-6.983786106109619,-7.521881103515625,14.416326522827148,11.136751174926758,2.564291477203369,-3.7428855895996094,-7.13925838470459
Whisper - Dataset 2.m4a,whispering,5,0.002581687644124031,0.04248046875,812.4430412227571,-560.8278198242188,188.1364288330078,7.139946460723877,7.300400733947754,21.451335906982422,24.15849494934082,-7.195892333984375,-13.442182540893555,14.735261917114258,12.933387756347656,1.8448861837387085,-1.8545682430267334,-6.299218654632568
Whisper - Dataset 2.m4a,whispering,6,0.0028554231394082308,0.03271484375,799.7037374471618,-557.0292358398438,189.0341796875,4.420500755310059,6.286113739013672,24.71048355102539,29.207765579223633,-4.442329406738281,-13.906085968017578,8.124110221862793,10.437458038330078,5.276310920715332,-0.4551728367805481,-2.047109603881836
Whisper - Dataset 2.m4a,whispering,7,0.00297974213026464,0.02978515625,805.8317204819364,-555.8519287109375,189.76119995117188,1.4968960285186768,9.182826042175293,26.56511688232422,27.69110870361328,-4.082967758178711,-9.48404312133789,9.598112106323242,8.800982475280762,1.7030320167541504,-0.9266181588172913,-5.911835670471191
Whisper - Dataset 2.m4a,whispering,8,0.0029826813843101263,0.02880859375,774.8868637164899,-555.7167358398438,183.60952758789062,8.60789966583252,9.97739315032959,28.90507698059082,28.434886932373047,-2.1288180351257324,-4.738524436950684,8.061649322509766,11.392160415649414,1.4729559421539307,-3.3310141563415527,-4.952826976776123
Whisper - Dataset 2.m4a,whispering,9,0.0028298748657107353,0.03369140625,791.9689146920261,-555.7494506835938,176.40634155273438,12.72541618347168,9.61334228515625,33.57841110229492,31.75616455078125,-8.491291046142578,-5.231518268585205,7.550016403198242,10.786773681640625,2.596933364868164,-6.961681842803955,2.5527710914611816
Whisper - Dataset 2.m4a,whispering,10,0.002745639067143202,0.03662109375,946.0552881562112,-559.8327026367188,172.3569793701172,16.561298370361328,2.2430834770202637,30.5719051361084,26.058929443359375,-23.277362823486328,-8.900811195373535,4.5586371421813965,9.292119026184082,-0.4349644184112549,-7.205540180206299,3.516280174255371
Whisper - Dataset 2.m4a,whispering,11,0.002571264049038291,0.0439453125,1017.954262424728,-557.5358276367188,168.82623291015625,23.213836669921875,-2.5923523902893066,24.838436126708984,21.649169921875,-22.16025161743164,-7.635337829589844,0.3371926248073578,15.001887321472168,4.933413028717041,-12.690301895141602,2.6823010444641113
Whisper - Dataset 2.m4a,whispering,12,0.0024980828166007996,0.0419921875,991.7438235069449,-553.7294921875,167.51409912109375,24.26146697998047,-2.7761030197143555,25.17813491821289,25.72610092163086,-16.285186767578125,-1.055152416229248,2.3515024185180664,16.444705963134766,9.178060531616211,-13.701465606689453,-0.4801385998725891
Whisper - Dataset 2.m4a,whispering,13,0.0025792086962610483,0.033203125,1004.2012290940867,-548.5443725585938,163.2435302734375,23.456371307373047,-0.36397796869277954,25.506664276123047,28.006786346435547,-14.436347961425781,0.5727651119232178,9.489316940307617,16.25096321105957,10.050021171569824,-8.819103240966797,-3.680211067199707
Whisper - Dataset 2.m4a,whispering,14,0.002657785080373287,0.03271484375,1032.6138437994182,-546.4556884765625,160.56228637695312,26.044950485229492,0.9969450235366821,27.075725555419922,26.755382537841797,-16.01781463623047,3.7862491607666016,8.482494354248047,13.668344497680664,4.742429733276367,-6.192294120788574,-3.80666446685791
Whisper - Dataset 2.m4a,whispering,15,0.002795486943796277,0.0283203125,1061.0806020527134,-543.42236328125,157.7059783935547,24.340190887451172,4.822203636169434,31.73914337158203,26.08321762084961,-26.38119125366211,-0.13794131577014923,6.2523345947265625,12.243595123291016,6.00828218460083,-3.6233954429626465,-10.671470642089844
Whisper - Dataset 2.m4a,whispering,16,0.0027426041197031736,0.03076171875,1135.4593528858336,-537.6158447265625,155.5915069580078,22.817523956298828,3.3572371006011963,28.539867401123047,22.362079620361328,-29.328441619873047,-3.0256781578063965,4.696231842041016,6.4613752365112305,4.464240074157715,-4.851099967956543,-9.592041015625
Whisper - Dataset 2.m4a,whispering,17,0.0029727735091000795,0.03955078125,1120.4323594881344,-534.4513549804688,155.39166259765625,20.151031494140625,2.197648048400879,28.18438148498535,24.272926330566406,-27.366853713989258,3.0978074073791504,4.544330596923828,1.085474967956543,-4.776488304138184,-11.984413146972656,-9.347323417663574
Whisper - Dataset 2.m4a,whispering,18,0.0029952675104141235,0.03955078125,1041.836410406561,-537.4525146484375,159.53176879882812,22.366880416870117,1.7410304546356201,30.852642059326172,31.9942626953125,-22.779266357421875,7.422903060913086,7.267213821411133,6.832680702209473,-2.152179718017578,-10.335427284240723,-5.242319583892822
Whisper - Dataset 2.m4a,whispering,19,0.0027814023196697235,0.0419921875,965.588790255072,-539.6143188476562,166.9833984375,21.14665985107422,1.2678827047348022,34.579795837402344,30.733970642089844,-23.407243728637695,5.867718696594238,9.49325942993164,10.678574562072754,0.13538655638694763,-7.610062599182129,-0.6600369215011597
Whisper - Dataset 2.m4a,whispering,20,0.0028249488677829504,0.04248046875,996.348553975548,-546.7348022460938,167.2709197998047,17.091590881347656,5.712611198425293,33.15126037597656,25.614959716796875,-27.547130584716797,10.224267959594727,14.305883407592773,14.325791358947754,-4.226777076721191,-9.559072494506836,-2.0075223445892334
Whisper - Dataset 2.m4a,whispering,21,0.0028644907288253307,0.03662109375,1020.074482635715,-547.778564453125,164.93844604492188,15.423406600952148,3.5800247192382812,30.021686553955078,24.860294342041016,-23.688114166259766,7.759818077087402,17.932453155517578,13.687540054321289,-4.508337020874023,-11.243694305419922,-8.938626289367676
Whisper - Dataset 2.m4a,whispering,22,0.0029637860134243965,0.0361328125,925.2345201073867,-546.2591552734375,172.2660369873047,18.026683807373047,-1.8604997396469116,27.51908302307129,28.69877052307129,-18.983848571777344,1.811049222946167,17.8109130859375,14.015695571899414,0.18417693674564362,-13.239410400390625,-12.483278274536133
Whisper - Dataset 2.m4a,whispering,23,0.0032450545113533735,0.03369140625,846.4483582781193,-548.2279663085938,178.73695373535156,21.243928909301758,2.543667793273926,28.80835723876953,24.69644546508789,-15.86810302734375,-1.8536258935928345,13.494867324829102,13.512717247009277,-0.2964024543762207,-15.26411247253418,-12.056337356567383
Whisper - Dataset 2.m4a,whispering,24,0.0031957081519067287,0.02978515625,795.5133539863621,-550.127685546875,187.04962158203125,15.346508026123047,-2.881455183029175,26.966493606567383,21.412425994873047,-8.267993927001953,-0.24709665775299072,10.22940731048584,11.330939292907715,3.4832923412323,-12.782044410705566,-7.056960105895996
Whisper - Dataset 2.m4a,whispering,25,0.003226529574021697,0.033203125,785.1966981720363,-556.696533203125,188.6041259765625,11.106334686279297,1.4577044248580933,29.282222747802734,21.03033447265625,-5.990818023681641,-0.6888227462768555,11.983890533447266,8.131983757019043,-1.3583613634109497,-9.621980667114258,-3.6761977672576904
Whisper - Dataset 2.m4a,whispering,26,0.0031730004120618105,0.03173828125,747.1494374700928,-557.101318359375,188.24505615234375,11.064647674560547,6.985885143280029,30.246509552001953,23.78246307373047,-6.922938346862793,-2.917097568511963,16.306053161621094,8.039936065673828,-3.3647255897521973,-8.605241775512695,-3.350155830383301
Whisper - Dataset 2.m4a,whispering,27,0.002964430721476674,0.02978515625,748.831661215866,-561.5105590820312,191.6494903564453,8.772880554199219,7.423840522766113,25.1072998046875,24.53018569946289,-6.901218414306641,-3.551393508911133,17.317899703979492,8.516195297241211,3.0320544242858887,-10.200096130371094,-6.852779388427734
Whisper - Dataset 2.m4a,whispering,28,0.0028879144228994846,0.03369140625,760.9952042790533,-564.9893798828125,193.31326293945312,7.772741794586182,5.670827865600586,27.729938507080078,21.832149505615234,-7.335951805114746,-4.31718635559082,12.17837905883789,12.144070625305176,2.94384765625,-10.697819709777832,-5.757116317749023
Whisper - Dataset 2.m4a,whispering,29,0.002794054802507162,0.03076171875,798.910408806297,-568.4069213867188,190.95022583007812,5.9759674072265625,1.0799299478530884,25.09717559814453,18.537010192871094,-6.367588996887207,-2.4800262451171875,8.374088287353516,18.010147094726562,4.857354164123535,-11.476312637329102,-8.008152961730957
Whisper - Dataset 2.m4a,whispering,30,0.0029801330529153347,0.02880859375,835.4509973279319,-567.3275146484375,187.15061950683594,3.519237995147705,2.8344502449035645,26.156980514526367,13.811748504638672,-9.614242553710938,-1.8873522281646729,10.662195205688477,22.04298210144043,9.214377403259277,-9.414057731628418,-7.050405502319336
Whisper - Dataset 2.m4a,whispering,31,0.0031492854468524456,0.02978515625,730.2268258063125,-564.5380859375,185.26980590820312,8.171664237976074,9.005256652832031,27.81258773803711,12.562698364257812,-7.659518241882324,-0.19469797611236572,11.015995025634766,19.80247688293457,12.52684497833252,-6.81464958190918,-8.604060173034668
Whisper - Dataset 2.m4a,whispering,32,0.003308518324047327,0.02587890625,719.5391545049057,-564.8341674804688,187.29396057128906,11.85203742980957,11.34994125366211,27.064403533935547,13.557523727416992,-10.814131736755371,0.3356724977493286,12.787975311279297,9.057027816772461,4.345856666564941,-10.099702835083008,-8.412034034729004
Whisper - Dataset 2.m4a,whispering,33,0.003148208372294903,0.0302734375,809.2534906185155,-556.6696166992188,183.89834594726562,9.19770622253418,6.88716983795166,29.854351043701172,14.9931640625,-11.768852233886719,0.7141537666320801,18.38791275024414,9.968221664428711,-5.899298191070557,-10.607431411743164,-6.7572855949401855
Whisper - Dataset 2.m4a,whispering,34,0.0063088866882026196,0.11474609375,3224.7212547007784,-415.223388671875,69.60810089111328,34.005104064941406,28.20905303955078,-0.866000771522522,14.723723411560059,1.3376972675323486,-19.241165161132812,11.461055755615234,11.775968551635742,-5.806891441345215,-3.877739429473877,-3.4201550483703613
Whisper - Dataset 2.m4a,whispering,35,0.011019721627235413,0.2412109375,5192.217552519389,-298.76068115234375,15.657835006713867,49.78126907348633,24.160415649414062,-0.6964911222457886,17.03360366821289,-1.8219074010849,-16.202030181884766,3.702636480331421,2.7000155448913574,-1.912164330482483,10.569343566894531,4.770931720733643
Whisper - Dataset 2.m4a,whispering,36,0.01663581281900406,0.38427734375,5746.066820026464,-239.00985717773438,3.6607608795166016,42.810386657714844,11.521343231201172,8.76084041595459,21.38868522644043,-10.500869750976562,-13.224259376525879,3.125567674636841,0.5155705809593201,2.4092824459075928,9.366371154785156,-0.6800590753555298
Whisper - Dataset 2.m4a,whispering,37,0.022080808877944946,0.52734375,5972.180074569276,-209.71861267089844,-5.5742597579956055,36.37059783935547,5.508802890777588,10.460865020751953,21.366649627685547,-13.53488540649414,-14.190977096557617,2.5678791999816895,2.7624382972717285,4.400242805480957,6.863773345947266,-3.9442474842071533
Whisper - Dataset 2.m4a,whispering,38,0.026819296181201935,0.59130859375,6245.3248664055145,-203.39707946777344,-16.250505447387695,39.356201171875,1.9177966117858887,6.835109710693359,20.553176879882812,-14.948135375976562,-12.449508666992188,3.8483572006225586,1.0071544647216797,2.2105820178985596,6.58311653137207,-7.08575439453125
Whisper - Dataset 2.m4a,whispering,39,0.028978625312447548,0.60986328125,6391.581765746553,-201.19407653808594,-18.69750213623047,42.50120162963867,-0.08183670043945312,0.3334469497203827,16.92259407043457,-11.479449272155762,-4.389584064483643,6.321686267852783,-3.1747279167175293,2.698765277862549,9.000773429870605,-10.56793212890625
Whisper - Dataset 2.m4a,whispering,40,0.026531442999839783,0.53564453125,6335.253316643607,-199.9830780029297,-14.656888961791992,46.05481719970703,0.6482734084129333,-9.119963645935059,15.231969833374023,-4.26481819152832,-7.62152099609375,7.181103229522705,-2.329594612121582,2.1012027263641357,7.253734588623047,-15.309731483459473
Whisper - Dataset 2.m4a,whispering,41,0.022257918491959572,0.4453125,6088.068253295171,-233.1544952392578,-8.473088264465332,48.59638214111328,10.806217193603516,-7.159302711486816,15.31141471862793,4.830232620239258,-16.849689483642578,-1.5283145904541016,-4.272073745727539,-6.359424591064453,2.4091110229492188,-21.265419006347656
Whisper - Dataset 2.m4a,whispering,42,0.01526482030749321,0.32666015625,5244.8027342469995,-319.2864685058594,17.83929443359375,49.8289680480957,21.00855255126953,8.293643951416016,20.320470809936523,8.598628997802734,-18.72934341430664,-3.477156639099121,2.4357752799987793,-10.267996788024902,0.6824686527252197,-12.866263389587402
Whisper - Dataset 2.m4a,whispering,43,0.009006675332784653,0.23974609375,4270.278659732568,-393.7021789550781,51.2891960144043,46.873985290527344,9.584678649902344,14.418527603149414,27.433494567871094,-4.08170747756958,-4.8651604652404785,4.069871425628662,3.918943405151367,-8.740242004394531,-0.7053604125976562,-13.891870498657227
Whisper - Dataset 2.m4a,whispering,44,0.015454922802746296,0.31982421875,5329.994420496851,-295.9616394042969,26.262481689453125,37.942447662353516,23.048694610595703,19.339282989501953,-3.11348819732666,11.100317001342773,-15.965433120727539,-1.7249926328659058,-1.916395664215088,-14.429296493530273,4.344779014587402,-22.58253288269043
Whisper - Dataset 2.m4a,whispering,45,0.021833324804902077,0.41796875,6068.332641887637,-222.77166748046875,1.146597981452942,44.898963928222656,18.610031127929688,4.994835376739502,1.670535683631897,7.623754501342773,-20.785675048828125,1.668439269065857,0.17257285118103027,-7.59619140625,7.532285690307617,-15.19230842590332
Whisper - Dataset 2.m4a,whispering,46,0.027271877974271774,0.546875,6416.209735524307,-210.13534545898438,-20.719905853271484,46.364990234375,8.2728271484375,-7.207685470581055,13.111906051635742,4.33077335357666,-12.13437271118164,5.166886329650879,-0.05129587650299072,-1.154005765914917,12.196500778198242,-6.048001289367676
Whisper - Dataset 2.m4a,whispering,47,0.031092576682567596,0.65380859375,6659.786596157301,-214.7278289794922,-31.568105697631836,45.868316650390625,-2.919330358505249,-9.220714569091797,21.64966583251953,3.481433868408203,-5.799814701080322,-0.7820123434066772,-6.0174455642700195,2.1158361434936523,10.826642990112305,-7.016103267669678
Whisper - Dataset 2.m4a,whispering,48,0.03193938359618187,0.662109375,6784.927283308233,-217.27015686035156,-35.42363739013672,44.33330535888672,-7.968433380126953,-8.850558280944824,19.184085845947266,0.8973543643951416,-1.8857839107513428,-2.4443278312683105,-0.6530352830886841,6.770452976226807,12.387747764587402,-5.730958461761475
Whisper - Dataset 2.m4a,whispering,49,0.0315999761223793,0.67041015625,6747.470260783973,-213.7001953125,-29.86240005493164,47.012969970703125,-5.608911991119385,-4.098672866821289,17.91120147705078,-4.168828010559082,-4.842812538146973,-6.251626014709473,-0.09048998355865479,10.67906379699707,21.047090530395508,-2.0331711769104004
Whisper - Dataset 2.m4a,whispering,50,0.029540905728936195,0.67236328125,6690.254732118365,-212.5416259765625,-20.643388748168945,51.76448059082031,-4.5351080894470215,-3.9832658767700195,14.635112762451172,-3.7747864723205566,-1.6436810493469238,-5.249591827392578,1.6775274276733398,10.076653480529785,16.958038330078125,-5.953388214111328
Whisper - Dataset 2.m4a,whispering,51,0.026588404551148415,0.662109375,6684.544550609642,-222.32936096191406,-21.076622009277344,50.690277099609375,-5.185203552246094,-5.3143205642700195,10.955877304077148,-6.7657294273376465,4.725035190582275,1.8870381116867065,4.1373515129089355,3.3235650062561035,7.834783554077148,-10.835782051086426
Whisper - Dataset 2.m4a,whispering,52,0.022553788498044014,0.65234375,6585.020103694294,-241.4355926513672,-17.347440719604492,52.18041229248047,-2.138996124267578,-3.681593418121338,10.515975952148438,-10.752958297729492,4.945387363433838,8.395978927612305,3.6091485023498535,-2.098482370376587,6.658336639404297,-12.328035354614258
Whisper - Dataset 2.m4a,whispering,53,0.017389873042702675,0.58544921875,6473.468355818801,-265.89825439453125,-9.587503433227539,53.68914031982422,-2.664132833480835,-6.093918800354004,11.362890243530273,-10.154361724853516,0.017976731061935425,2.873194456100464,0.32467788457870483,3.4279329776763916,12.430259704589844,-9.61418342590332
Whisper - Dataset 2.m4a,whispering,54,0.012741364538669586,0.517578125,5980.343990417818,-297.2490539550781,4.088057041168213,52.555171966552734,0.6061769723892212,-12.530271530151367,10.83658218383789,-15.587310791015625,-5.519231796264648,3.3788933753967285,5.334639549255371,4.718160629272461,8.787954330444336,-9.85407829284668
Whisper - Dataset 2.m4a,whispering,55,0.0074168965220451355,0.390625,5264.5187568313995,-333.3764953613281,19.42873764038086,49.986114501953125,12.883995056152344,-8.992907524108887,20.56102752685547,-14.030704498291016,-9.384248733520508,4.4895501136779785,4.7813215255737305,2.9453201293945312,4.497348308563232,-11.16489028930664
Whisper - Dataset 2.m4a,whispering,56,0.004849887453019619,0.25830078125,4287.8199975775515,-376.2589111328125,40.74447250366211,42.430938720703125,24.87256622314453,-3.9838147163391113,22.18008804321289,-5.774806022644043,-19.482738494873047,-0.04965031147003174,-0.2668265104293823,-6.501150131225586,-2.0987155437469482,-8.760063171386719
Whisper - Dataset 2.m4a,whispering,57,0.005627937614917755,0.173828125,2939.618109892966,-426.90771484375,73.71112060546875,39.195648193359375,27.176837921142578,6.3312554359436035,20.82545280456543,1.1618186235427856,-9.991771697998047,1.5314537286758423,4.433356285095215,-10.25546646118164,-12.13314151763916,-10.747503280639648
Whisper - Dataset 2.m4a,whispering,58,0.01236323919147253,0.20947265625,4172.988864182299,-324.57281494140625,43.75769805908203,32.39622497558594,26.53265380859375,11.294960975646973,14.430545806884766,9.62423324584961,-20.983196258544922,-11.655255317687988,-1.2334823608398438,-10.69547176361084,-0.1317204236984253,-17.86215591430664
Whisper - Dataset 2.m4a,whispering,59,0.017797721549868584,0.3291015625,5420.025598150989,-236.78895568847656,13.058462142944336,42.67822265625,20.292667388916016,-0.4785986542701721,6.4146270751953125,6.308302402496338,-26.256080627441406,-9.736034393310547,4.467596054077148,-5.128140926361084,6.116309642791748,-19.209455490112305
Whisper - Dataset 2.m4a,whispering,60,0.023732757195830345,0.47900390625,6063.411535147829,-209.8084259033203,-4.629736423492432,44.33177185058594,7.065976142883301,-13.972970962524414,5.774504661560059,4.737986087799072,-16.164846420288086,1.0235724449157715,5.613274574279785,1.8865385055541992,9.812423706054688,-13.23617172241211
Whisper - Dataset 2.m4a,whispering,61,0.027479084208607674,0.626953125,6525.796210077508,-211.78378295898438,-19.08075714111328,41.163368225097656,-0.6138539910316467,-8.012300491333008,9.983898162841797,0.4738079309463501,-3.5628650188446045,4.117131233215332,0.898383617401123,4.03149938583374,11.816577911376953,-10.697500228881836
Whisper - Dataset 2.m4a,whispering,62,0.028162173926830292,0.658203125,6730.280720732028,-221.66578674316406,-25.05295181274414,47.530738830566406,3.7680792808532715,6.520918846130371,15.920963287353516,0.9565736651420593,3.1458094120025635,3.064836025238037,2.6798696517944336,2.4079933166503906,12.406705856323242,-11.611298561096191
Whisper - Dataset 2.m4a,whispering,63,0.028040587902069092,0.66162109375,6698.757477088107,-226.46444702148438,-22.074405670166016,49.33980941772461,2.0845162868499756,7.051272392272949,13.920422554016113,1.1129229068756104,4.21848201751709,0.5865633487701416,5.500405311584473,5.224480628967285,10.151041030883789,-10.527238845825195
Whisper - Dataset 2.m4a,whispering,64,0.024690506979823112,0.64111328125,6571.179375548023,-232.06982421875,-15.101686477661133,50.874080657958984,-0.21971142292022705,4.221917152404785,16.66596221923828,1.4695277214050293,3.489410877227783,0.007622838020324707,6.745837211608887,3.362671375274658,11.759140014648438,-6.663255214691162
Whisper - Dataset 2.m4a,whispering,65,0.02078399620950222,0.58740234375,6307.729534286803,-246.47396850585938,-5.075534820556641,58.27449417114258,3.371563196182251,-0.8239265084266663,18.505271911621094,-3.391035795211792,1.1789937019348145,2.2242014408111572,9.01228141784668,1.0132120847702026,9.260702133178711,-5.517577648162842
Whisper - Dataset 2.m4a,whispering,66,0.016972698271274567,0.5205078125,5970.525390525508,-265.4556884765625,5.889348030090332,58.94349670410156,7.767038822174072,-3.8385283946990967,11.425795555114746,-9.548169136047363,0.20731356739997864,4.215902328491211,8.41685962677002,1.226683259010315,5.862260818481445,-7.283973217010498
Whisper - Dataset 2.m4a,whispering,67,0.01177793089300394,0.41357421875,5656.8376613114815,-291.3885498046875,13.151701927185059,56.82330322265625,10.837299346923828,-4.771982192993164,13.480695724487305,-8.429115295410156,-0.020611166954040527,1.3544429540634155,5.149613380432129,-2.025036096572876,6.087998390197754,-14.122520446777344
Whisper - Dataset 2.m4a,whispering,68,0.008599217981100082,0.2958984375,4869.330110714576,-324.60675048828125,33.249732971191406,58.503700256347656,14.011998176574707,-8.028090476989746,17.543987274169922,-7.329980850219727,-3.8667831420898438,-0.20604003965854645,2.1779584884643555,-6.272282123565674,2.720489501953125,-18.852262496948242
Whisper - Dataset 2.m4a,whispering,69,0.006401095539331436,0.2001953125,3709.2401070492856,-366.5003662109375,58.724517822265625,54.42879867553711,19.408042907714844,-2.5890259742736816,26.99771499633789,-9.089900970458984,-6.666537284851074,-1.6887712478637695,2.059041976928711,-6.796839714050293,-2.0589687824249268,-18.426788330078125
Whisper - Dataset 2.m4a,whispering,70,0.004944551736116409,0.115234375,2763.1496903360603,-419.3337707519531,84.46703338623047,46.111549377441406,19.469608306884766,-0.15549500286579132,27.21692657470703,-11.288480758666992,-2.783097743988037,0.1355886459350586,2.3684940338134766,-8.115913391113281,-3.9567055702209473,-22.580692291259766
Whisper - Dataset 2.m4a,whispering,71,0.0039826263673603535,0.06884765625,2068.1752252740644,-468.2706604003906,112.22917175292969,41.42958068847656,8.93925666809082,7.561794281005859,26.012657165527344,-11.946371078491211,-0.014679491519927979,3.979124069213867,7.422900199890137,-6.918841361999512,-2.329115390777588,-23.01321792602539
Whisper - Dataset 2.m4a,whispering,72,0.0030922528821974993,0.04736328125,1585.4170527946458,-496.7986145019531,128.81680297851562,37.53546905517578,4.264329433441162,16.121349334716797,29.80887794494629,-11.076452255249023,5.298108100891113,5.661074638366699,8.307229995727539,-11.01109504699707,-5.9890456199646,-17.46535301208496
Whisper - Dataset 2.m4a,whispering,73,0.0029208867345005274,0.03857421875,1274.848472287432,-514.0234375,145.30337524414062,28.44800567626953,0.6854212880134583,16.168907165527344,30.26155662536621,-7.5392889976501465,9.26106071472168,9.020528793334961,9.26446533203125,-10.156082153320312,-3.427824020385742,-16.51694679260254
Whisper - Dataset 2.m4a,whispering,74,0.002652390394359827,0.03515625,1117.794569438425,-527.6919555664062,155.55535888671875,21.862327575683594,3.711386203765869,17.632572174072266,30.39398956298828,-12.443273544311523,5.493335247039795,12.012407302856445,11.396921157836914,-9.850933074951172,-6.722142219543457,-17.57260513305664
Whisper - Dataset 2.m4a,whispering,75,0.0026704438496381044,0.0361328125,1108.4780984846045,-532.5040283203125,155.5140380859375,15.024251937866211,7.559767723083496,18.190053939819336,30.486831665039062,-14.217063903808594,1.0273300409317017,16.279890060424805,11.496452331542969,-9.383171081542969,-7.759173393249512,-17.69960594177246
Whisper - Dataset 2.m4a,whispering,76,0.002666474785655737,0.0341796875,969.4371388906486,-548.8331909179688,167.592529296875,10.718963623046875,6.588890075683594,19.893142700195312,23.581649780273438,-12.913359642028809,-0.37288975715637207,16.521196365356445,10.88831901550293,-5.232747554779053,-7.36165189743042,-13.826848983764648
Whisper - Dataset 2.m4a,whispering,77,0.0025812278036028147,0.03564453125,864.1730310673158,-555.1281127929688,182.39598083496094,10.482473373413086,2.1229286193847656,19.51605987548828,18.63067626953125,-10.161796569824219,-2.0654704570770264,13.818424224853516,7.568561553955078,-4.234710693359375,-7.983625411987305,-11.385414123535156
Whisper - Dataset 2.m4a,whispering,78,0.00285963318310678,0.033203125,795.5982516106519,-558.1852416992188,189.63027954101562,6.3496246337890625,4.217271327972412,24.871841430664062,18.93614387512207,-7.683696746826172,1.1880404949188232,18.270719528198242,6.109047889709473,-2.4775776863098145,-10.394617080688477,-12.73223876953125
Whisper - Dataset 2.m4a,whispering,79,0.0029679546132683754,0.03369140625,785.9989441414513,-565.7461547851562,191.824951171875,7.814306259155273,7.554973125457764,25.417797088623047,15.316848754882812,-6.775600433349609,-1.3082013130187988,15.702144622802734,6.786916732788086,-3.605125904083252,-12.30836009979248,-14.550872802734375
Whisper - Dataset 2.m4a,whispering,80,0.0029427211266011,0.03125,734.0532051417784,-564.3016967773438,192.1426239013672,14.464996337890625,9.916146278381348,21.486257553100586,14.625173568725586,-2.222595453262329,-3.336421251296997,8.989959716796875,3.22519588470459,-5.53503942489624,-13.155855178833008,-16.697031021118164
Whisper - Dataset 2.m4a,whispering,81,0.0031114218290895224,0.02685546875,740.9830254032333,-567.7618408203125,192.75704956054688,14.564922332763672,5.978752136230469,17.86644744873047,16.28768539428711,-0.37952518463134766,-7.010501861572266,4.185728549957275,3.336311101913452,-9.338048934936523,-14.995179176330566,-19.39970588684082
Whisper - Dataset 2.m4a,whispering,82,0.0031340632122009993,0.03271484375,994.8478232880618,-532.0133666992188,162.75372314453125,15.99003791809082,11.684338569641113,6.852944850921631,26.951194763183594,2.740285873413086,-5.481362342834473,0.4435936212539673,3.6841940879821777,-8.892524719238281,-16.081998825073242,-13.440542221069336
Whisper - Dataset 2.m4a,whispering,83,0.003097432665526867,0.037109375,1684.1474054075718,-472.3870849609375,120.87674713134766,16.548614501953125,21.843490600585938,-0.7671394348144531,23.09333038330078,0.06551337242126465,1.8590760231018066,-7.32358455657959,-0.30257081985473633,-6.900960922241211,-3.848233222961426,-5.718693733215332
Whisper - Dataset 2.m4a,whispering,84,0.0033261666540056467,0.037109375,1951.8046794835222,-460.4479675292969,108.32999420166016,15.242757797241211,25.69973373413086,4.75799560546875,22.469375610351562,-6.940937519073486,-0.074006587266922,-7.081414222717285,3.300241470336914,-7.180768966674805,-2.854935646057129,-4.489019393920898
Whisper - Dataset 2.m4a,whispering,85,0.0033580558374524117,0.037109375,1693.8046907874725,-474.8810729980469,118.44181823730469,16.226055145263672,25.594850540161133,9.163296699523926,24.00550079345703,-7.542730331420898,-0.040461465716362,-0.6088059544563293,9.60084342956543,-7.986003398895264,-7.780629634857178,-10.242517471313477
Whisper - Dataset 2.m4a,whispering,86,0.0033667734824121,0.03466796875,1266.0004037310848,-496.5694274902344,139.36990356445312,21.949010848999023,25.969526290893555,7.919061660766602,24.268463134765625,-6.742061138153076,-1.5116158723831177,-1.5424176454544067,12.440513610839844,-8.158853530883789,-11.281774520874023,-14.145735740661621
Whisper - Dataset 2.m4a,whispering,87,0.0033545244950801134,0.02783203125,1016.9667591238499,-518.5897827148438,155.45303344726562,24.86166000366211,22.132978439331055,12.476957321166992,23.875934600830078,-4.458904266357422,-2.238405227661133,0.9011276364326477,11.542871475219727,-7.158158302307129,-15.786467552185059,-12.256635665893555
Whisper - Dataset 2.m4a,whispering,88,0.003019309137016535,0.03271484375,874.270060506968,-538.864013671875,166.66592407226562,20.86699676513672,18.98091697692871,17.512632369995117,23.31197738647461,-4.743253707885742,1.5266083478927612,9.731855392456055,12.030476570129395,-1.8736149072647095,-12.781301498413086,-9.609539031982422
Whisper - Dataset 2.m4a,whispering,89,0.0027732630260288715,0.03515625,842.3978982508636,-560.2350463867188,171.15090942382812,13.910262107849121,12.360588073730469,22.1234130859375,25.059045791625977,-4.072690486907959,0.3747352361679077,10.898913383483887,7.821148872375488,0.9169522523880005,-3.796247959136963,-5.2532501220703125
Whisper - Dataset 2.m4a,whispering,90,0.0027765908744186163,0.03076171875,893.9619886155881,-572.9356689453125,173.1615447998047,9.209783554077148,7.420022010803223,29.504741668701172,23.72539710998535,-7.250819206237793,-3.1746878623962402,9.679693222045898,0.9917348623275757,-1.4996668100357056,-10.024589538574219,-8.040369987487793
Whisper - Dataset 2.m4a,whispering,91,0.002756215166300535,0.03515625,736.7506372663318,-570.489013671875,181.226318359375,13.555267333984375,12.53822135925293,31.9954833984375,24.51144790649414,-4.098637580871582,-5.445216178894043,7.382779598236084,4.266456127166748,-1.3044369220733643,-11.960088729858398,-10.746946334838867
Whisper - Dataset 2.m4a,whispering,92,0.002887678099796176,0.0322265625,705.3355715666438,-566.71484375,187.48562622070312,15.740926742553711,9.389283180236816,33.33369827270508,25.83646011352539,-3.7425570487976074,-7.532285213470459,6.48276948928833,3.631834030151367,-5.00960636138916,-9.349763870239258,-10.554545402526855
Whisper - Dataset 2.m4a,whispering,93,0.003187592141330242,0.0283203125,766.9934400022728,-571.3689575195312,187.3084716796875,11.354264259338379,7.927950859069824,29.42259979248047,24.248676300048828,-1.8637828826904297,-8.674169540405273,8.765819549560547,5.080143928527832,-5.587660789489746,-12.056252479553223,-13.112386703491211
Whisper - Dataset 2.m4a,whispering,94,0.0030314356554299593,0.02978515625,736.2227569287742,-564.5455322265625,189.30047607421875,12.35031509399414,9.058622360229492,30.058441162109375,20.83461570739746,-4.854397773742676,-4.50643253326416,11.454742431640625,6.938274383544922,-1.2747634649276733,-11.055582046508789,-15.353150367736816
Whisper - Dataset 2.m4a,whispering,95,0.0028738807886838913,0.02783203125,738.3395592951824,-561.1244506835938,191.59600830078125,12.780960083007812,4.494390487670898,26.162416458129883,22.694381713867188,-4.910313606262207,-1.5684921741485596,9.279084205627441,5.762143135070801,-6.17755126953125,-11.005045890808105,-13.310657501220703
Whisper - Dataset 2.m4a,whispering,96,0.002939712256193161,0.02880859375,787.9847250956351,-570.8956909179688,190.97103881835938,10.826040267944336,3.5542633533477783,23.54404067993164,19.023284912109375,-3.3066532611846924,-1.3839201927185059,6.964700222015381,10.494773864746094,-9.200824737548828,-13.750696182250977,-12.616168975830078
Whisper - Dataset 2.m4a,whispering,97,0.0026671516243368387,0.03564453125,754.2518953651737,-568.5990600585938,191.88763427734375,8.89173698425293,4.764880180358887,26.337902069091797,16.404767990112305,-0.30955028533935547,-1.4094313383102417,6.635847091674805,8.257330894470215,-9.576139450073242,-17.719335556030273,-12.53786849975586
Whisper - Dataset 2.m4a,whispering,98,0.00259544444270432,0.03515625,803.9871259380593,-567.9534912109375,192.96722412109375,2.172403335571289,3.0053353309631348,23.182111740112305,15.021147727966309,-3.111591100692749,-3.4120402336120605,4.9525861740112305,0.1944972276687622,-14.074441909790039,-22.713428497314453,-13.77367877960205
Whisper - Dataset 2.m4a,whispering,99,0.002582932123914361,0.0341796875,793.4421731339187,-569.8531494140625,192.25506591796875,6.082269191741943,3.9479522705078125,21.009166717529297,15.32830810546875,-3.079746723175049,-2.9262490272521973,6.7106428146362305,2.6215460300445557,-11.060274124145508,-18.94012451171875,-12.67735481262207
Whisper - Dataset 2.m4a,whispering,100,0.0025117401964962482,0.0322265625,778.0400073460968,-577.1306762695312,188.05264282226562,10.348538398742676,8.049057960510254,23.488624572753906,20.674488067626953,-3.8206968307495117,-4.843992233276367,6.09579610824585,2.792836904525757,-5.273136138916016,-15.34803295135498,-13.843034744262695
Whisper - Dataset 2.m4a,whispering,101,0.0023606636095792055,0.03125,760.506572025212,-579.0224609375,184.9085693359375,13.122142791748047,9.933055877685547,27.37903594970703,22.648399353027344,-3.585137128829956,-4.940485000610352,4.072897911071777,0.9082943797111511,-0.23731374740600586,-12.55456256866455,-14.169147491455078
Whisper - Dataset 2.m4a,whispering,102,0.0022803174797445536,0.03515625,775.8993916178321,-576.5697631835938,184.5556640625,12.08700180053711,8.548440933227539,29.600360870361328,22.65700340270996,2.694255828857422,-3.3284287452697754,0.9544063806533813,1.9308726787567139,-0.6904960870742798,-6.44535493850708,-11.440926551818848
Whisper - Dataset 2.m4a,whispering,103,0.002151859225705266,0.0380859375,797.3819597050536,-579.1355590820312,184.85128784179688,10.42859172821045,8.691384315490723,26.150630950927734,22.42041015625,4.577972412109375,-2.7335805892944336,0.8893383741378784,1.2882343530654907,-5.3332109451293945,-7.6546854972839355,-11.586360931396484
Whisper - Dataset 2.m4a,whispering,104,0.0019081708742305636,0.04296875,848.1268905256566,-582.8826293945312,181.42340087890625,12.255577087402344,6.8288984298706055,24.70730972290039,19.659767150878906,7.207246780395508,0.3815498352050781,0.3654317259788513,-2.07279109954834,-4.500479698181152,-9.38500690460205,-11.855009078979492
Whisper - Dataset 2.m4a,whispering,105,0.001919668517075479,0.04296875,871.1650634934141,-592.9920043945312,177.394287109375,11.575401306152344,6.127516746520996,28.385448455810547,20.25727653503418,5.5717973709106445,-1.3805652856826782,1.1649478673934937,-1.0240806341171265,-4.076638221740723,-15.233161926269531,-13.271321296691895
Whisper - Dataset 2.m4a,whispering,106,0.002519227098673582,0.10888671875,2048.7516371252677,-522.778076171875,107.65923309326172,37.03785705566406,17.73221206665039,7.87908935546875,36.85307312011719,3.6126346588134766,-22.945344924926758,16.117122650146484,6.766993522644043,-16.069255828857422,1.9888161420822144,-19.869062423706055
Whisper - Dataset 2.m4a,whispering,107,0.005535199772566557,0.22216796875,4467.7350782494395,-408.2031555175781,39.95585632324219,52.928741455078125,9.255735397338867,-6.003141403198242,45.499603271484375,0.11712181568145752,-23.79035186767578,11.117711067199707,6.3959808349609375,-4.83915376663208,12.04296588897705,-14.905461311340332
Whisper - Dataset 2.m4a,whispering,108,0.00943827349692583,0.35302734375,5549.026623162881,-329.1517639160156,1.0878850221633911,45.04602813720703,5.480166435241699,-7.0871381759643555,39.268341064453125,-11.36491870880127,-17.930679321289062,2.24013090133667,-0.26757025718688965,3.194068431854248,18.294322967529297,-5.817877292633057
Whisper - Dataset 2.m4a,whispering,109,0.013027822598814964,0.49609375,6063.299027892717,-284.223388671875,-18.96062660217285,44.00332260131836,0.7649333477020264,-4.233511924743652,30.071048736572266,-18.72623634338379,-11.024360656738281,-2.706531524658203,-2.938636541366577,4.138718128204346,10.222108840942383,-3.064049005508423
Whisper - Dataset 2.m4a,whispering,110,0.017085451632738113,0.58154296875,6363.7666943444365,-264.9372863769531,-25.505783081054688,44.96607971191406,-2.387511730194092,-1.5940017700195312,26.00220489501953,-12.354315757751465,1.6251230239868164,-2.7330219745635986,-3.4406917095184326,8.016244888305664,1.988361120223999,-7.249382972717285
Whisper - Dataset 2.m4a,whispering,111,0.021185658872127533,0.6298828125,6668.984697260967,-258.2691650390625,-36.929115295410156,42.731224060058594,-8.276724815368652,-1.975357174873352,21.157024383544922,-9.834856033325195,4.45720100402832,-6.820815086364746,-4.0769267082214355,8.047429084777832,4.732417583465576,-6.232561111450195
Whisper - Dataset 2.m4a,whispering,112,0.024940848350524902,0.66357421875,6924.0498765566845,-251.1431427001953,-40.368125915527344,45.36135482788086,-7.390150547027588,4.10462760925293,21.048784255981445,-1.9779186248779297,1.3261339664459229,-6.531835079193115,1.6106730699539185,5.028735160827637,2.04266619682312,-8.452642440795898
Whisper - Dataset 2.m4a,whispering,113,0.029030881822109222,0.6884765625,7069.942307503795,-242.01205444335938,-36.72366714477539,49.032630920410156,-8.686108589172363,6.840212821960449,18.69649887084961,2.55942440032959,0.8260505795478821,-1.6601022481918335,4.553449630737305,0.5699259042739868,1.7192291021347046,-3.544267177581787
Whisper - Dataset 2.m4a,whispering,114,0.032271213829517365,0.71044921875,7227.346672597096,-239.59007263183594,-36.87804412841797,53.26734924316406,-12.428081512451172,5.778859615325928,14.554572105407715,1.4092352390289307,4.796842575073242,-0.7137891054153442,2.6286416053771973,3.4782285690307617,8.01676082611084,2.2060065269470215
Whisper - Dataset 2.m4a,whispering,115,0.035305436700582504,0.7236328125,7418.096853392203,-240.466552734375,-35.554927825927734,53.69318389892578,-20.126636505126953,8.498369216918945,14.915821075439453,2.7798633575439453,3.7888991832733154,1.3133774995803833,6.049491882324219,8.11827278137207,6.585702419281006,0.97719407081604
Whisper - Dataset 2.m4a,whispering,116,0.03570617362856865,0.7373046875,7443.350752250357,-240.27154541015625,-32.489532470703125,57.573585510253906,-18.664779663085938,13.769548416137695,17.171546936035156,3.438973903656006,3.345850944519043,2.469973087310791,10.076600074768066,7.018072128295898,6.041643142700195,-5.980965614318848
Whisper - Dataset 2.m4a,whispering,117,0.03474665433168411,0.7421875,7424.156493752373,-241.22512817382812,-28.54694366455078,63.44541931152344,-15.788959503173828,15.353670120239258,19.73233413696289,4.538134574890137,1.518041729927063,-0.22784286737442017,8.68852710723877,1.5265079736709595,4.375128746032715,-4.705532550811768
Whisper - Dataset 2.m4a,whispering,118,0.03185753524303436,0.728515625,7439.870136612304,-249.5772247314453,-26.229473114013672,64.98687744140625,-14.952371597290039,18.65620994567871,17.297813415527344,5.945091247558594,2.8883025646209717,-6.397224426269531,5.809824466705322,0.8666349053382874,-0.5562940835952759,-5.910797119140625
Whisper - Dataset 2.m4a,whispering,119,0.02683747187256813,0.72119140625,7318.775080258853,-263.015869140625,-25.01095199584961,62.87958526611328,-11.982269287109375,14.928329467773438,11.519681930541992,2.4539520740509033,8.081220626831055,-2.3996808528900146,11.637613296508789,4.82334041595459,3.4056997299194336,-11.147619247436523
Whisper - Dataset 2.m4a,whispering,120,0.022392340004444122,0.67724609375,7145.057999613577,-280.5755615234375,-21.345239639282227,59.49658966064453,-9.122184753417969,10.752616882324219,12.115747451782227,5.25547456741333,6.064016342163086,-3.4391303062438965,11.978028297424316,4.660192966461182,7.209697723388672,-15.023303031921387
Whisper - Dataset 2.m4a,whispering,121,0.016556095331907272,0.5888671875,6827.240982218037,-289.4937438964844,-9.131216049194336,61.07549285888672,-5.648070335388184,12.725959777832031,16.689613342285156,5.778682708740234,7.193366050720215,-2.9917614459991455,8.761749267578125,-2.6093077659606934,7.317697048187256,-12.192924499511719
Whisper - Dataset 2.m4a,whispering,122,0.01211908645927906,0.47998046875,6268.003536097183,-315.949462890625,9.059614181518555,60.138572692871094,-1.5934443473815918,12.828853607177734,21.13127899169922,0.38989633321762085,4.4095072746276855,-6.537855625152588,6.200369358062744,1.6221903562545776,7.258596897125244,-9.718279838562012
Whisper - Dataset 2.m4a,whispering,123,0.007656430825591087,0.3291015625,5026.776526361475,-365.9355773925781,35.60321044921875,56.386695861816406,5.761747360229492,10.556896209716797,24.38532257080078,-3.676886558532715,4.051924228668213,-9.113901138305664,5.228421211242676,5.573909282684326,6.131277084350586,-15.170722961425781
Whisper - Dataset 2.m4a,whispering,124,0.004384355619549751,0.19677734375,3560.9447736682587,-413.6567687988281,71.8809814453125,58.89996337890625,8.797323226928711,9.638723373413086,24.19672393798828,-11.589187622070312,0.7080817818641663,-4.274147033691406,1.785215139389038,0.9950981140136719,4.160550117492676,-17.922149658203125
Whisper - Dataset 2.m4a,whispering,125,0.003655263688415289,0.10986328125,2591.185715481971,-464.16094970703125,96.73286437988281,56.256927490234375,4.7272138595581055,19.09067153930664,25.388031005859375,-7.864766597747803,-2.686565399169922,-8.302787780761719,1.5337430238723755,-4.79973030090332,1.2314705848693848,-16.427156448364258
Whisper - Dataset 2.m4a,whispering,126,0.003125500399619341,0.05810546875,2148.3296466038855,-508.22784423828125,111.02009582519531,48.99555587768555,0.8349807262420654,27.878612518310547,21.46181869506836,-6.153989791870117,-1.841666340827942,-14.42436408996582,1.5600128173828125,-9.813438415527344,-5.513589859008789,-17.417699813842773
Whisper - Dataset 2.m4a,whispering,127,0.0028741101268678904,0.03662109375,1643.29013934707,-532.0845336914062,128.1630859375,44.65171813964844,1.8787455558776855,29.751134872436523,23.552249908447266,-10.022154808044434,2.3564703464508057,-7.936004638671875,4.507856369018555,-4.697962760925293,-3.6120686531066895,-20.152362823486328
Whisper - Dataset 2.m4a,whispering,128,0.0028965880628675222,0.02880859375,1348.7601878803857,-544.0239868164062,142.55081176757812,37.993072509765625,0.5072216987609863,30.77587890625,22.660037994384766,-6.04910945892334,9.038568496704102,-1.8747551441192627,9.291669845581055,-4.8332109451293945,-5.551036834716797,-14.333002090454102
Whisper - Dataset 2.m4a,whispering,129,0.003019058844074607,0.0244140625,1010.4261280970288,-543.75390625,158.92181396484375,28.658496856689453,2.198340654373169,33.3160400390625,22.90127944946289,-1.6266705989837646,6.60249662399292,-0.8837577104568481,8.97135066986084,-6.840691566467285,-4.75213623046875,-7.1904449462890625
Whisper - Dataset 2.m4a,whispering,130,0.0032303440384566784,0.0205078125,880.3702448937927,-553.210205078125,172.10617065429688,22.293651580810547,5.382154941558838,29.65008544921875,22.637195587158203,-1.8433502912521362,0.1521891951560974,-1.1442980766296387,5.236248016357422,-5.549957275390625,-5.990185260772705,-9.890201568603516
Whisper - Dataset 2.m4a,whispering,131,0.0032788284588605165,0.02294921875,765.4501454406209,-560.455078125,179.4444122314453,20.94947624206543,11.564874649047852,29.89760971069336,25.025144577026367,0.22168764472007751,-1.205747365951538,3.579393148422241,6.039305686950684,-7.168709754943848,-11.149699211120605,-11.59430980682373
Whisper - Dataset 2.m4a,whispering,132,0.0029734771233052015,0.0322265625,693.3690977143757,-566.1443481445312,179.81283569335938,18.77045440673828,18.569040298461914,33.679473876953125,26.715473175048828,1.2295849323272705,1.575432538986206,5.710021018981934,5.531643867492676,-4.274627685546875,-9.72856616973877,-10.644265174865723
Whisper - Dataset 2.m4a,whispering,133,0.0031849495135247707,0.03125,729.3254665398731,-577.4946899414062,179.10916137695312,13.84235954284668,15.151504516601562,37.090370178222656,26.514795303344727,2.1018223762512207,-1.1983312368392944,1.881461262702942,2.0427541732788086,-1.1655235290527344,-5.916196346282959,-8.581578254699707
Whisper - Dataset 2.m4a,whispering,134,0.0032340839970856905,0.02978515625,725.6314666048469,-574.7548828125,178.00509643554688,15.911060333251953,12.646886825561523,36.34078598022461,27.9233455657959,1.7746829986572266,1.8300589323043823,1.295640230178833,-2.8707401752471924,-3.8470728397369385,-7.166415214538574,-8.168035507202148
Whisper - Dataset 2.m4a,whispering,135,0.0029522853437811136,0.03271484375,680.2723021137774,-569.5274047851562,178.84742736816406,11.178482055664062,16.120742797851562,38.79011535644531,27.928268432617188,-2.291595458984375,0.6400066614151001,5.967745780944824,5.01530647277832,3.371593475341797,-6.220798492431641,-3.5785365104675293
Whisper - Dataset 2.m4a,whispering,136,0.003000574419274926,0.02734375,763.8008865731107,-577.3857421875,178.79019165039062,11.690096855163574,12.358620643615723,36.76633071899414,24.710830688476562,-4.299914836883545,-1.6384663581848145,5.600497245788574,6.532918930053711,0.7618751525878906,-11.280373573303223,-6.0362348556518555
Whisper - Dataset 2.m4a,whispering,137,0.0025617487262934446,0.03369140625,759.3151718384826,-586.0103759765625,178.49774169921875,12.368339538574219,10.207372665405273,30.519306182861328,23.787456512451172,2.674455165863037,4.023118495941162,10.118185043334961,6.115569114685059,0.3894326686859131,-10.502374649047852,-7.918006896972656
Whisper - Dataset 2.m4a,whispering,138,0.002534053521230817,0.033203125,855.8360600890946,-583.50537109375,176.65469360351562,10.876407623291016,7.800673484802246,26.866395950317383,18.251903533935547,-1.6845080852508545,1.2146064043045044,10.304143905639648,5.297392845153809,-2.3761420249938965,-9.070338249206543,-7.961063385009766
Whisper - Dataset 2.m4a,whispering,139,0.002616703510284424,0.03076171875,765.2576285327931,-571.6661987304688,179.75848388671875,11.175360679626465,16.377552032470703,34.22043228149414,21.415157318115234,-4.248720645904541,-3.155202865600586,6.518482208251953,2.691309928894043,-2.7061619758605957,-6.4675211906433105,-9.220874786376953
Whisper - Dataset 2.m4a,whispering,140,0.0027504446916282177,0.02783203125,743.0063814968644,-574.689208984375,180.24288940429688,11.456592559814453,14.282153129577637,36.40483856201172,24.59313201904297,-2.706845283508301,-1.2512673139572144,6.041879653930664,3.9837019443511963,-5.730467796325684,-7.47506046295166,-10.446949005126953
Whisper - Dataset 2.m4a,whispering,141,0.00269220769405365,0.0283203125,777.3011631660797,-576.8444213867188,178.81494140625,10.552359580993652,11.192550659179688,37.161338806152344,24.09412384033203,-4.035058498382568,-4.061947822570801,2.6014418601989746,1.4412693977355957,-3.885432243347168,-8.123688697814941,-11.558877944946289
Whisper - Dataset 2.m4a,whispering,142,0.0024361819960176945,0.03271484375,850.4892143202696,-579.55419921875,176.78587341308594,6.524828910827637,8.500057220458984,34.03282928466797,24.963165283203125,-1.3166933059692383,-3.6173696517944336,-0.11976099014282227,1.3424955606460571,-1.2772870063781738,-8.893571853637695,-13.142592430114746
Whisper - Dataset 2.m4a,whispering,143,0.002320461208000779,0.0341796875,842.2114582776508,-588.8795776367188,175.5452880859375,11.614824295043945,8.26109504699707,33.27680206298828,27.331298828125,1.8488765954971313,-4.421135425567627,4.590947151184082,3.480112075805664,-0.9405663013458252,-9.973007202148438,-14.173913955688477
Whisper - Dataset 2.m4a,whispering,144,0.002190700499340892,0.03759765625,803.5297492019448,-588.8936157226562,174.2703857421875,13.379672050476074,15.125133514404297,34.758087158203125,30.416553497314453,-1.1099185943603516,-7.950425148010254,7.754330635070801,1.7814147472381592,-0.7337978482246399,-10.078943252563477,-8.846542358398438
Whisper - Dataset 2.m4a,whispering,145,0.002143959514796734,0.033203125,785.9765708208205,-588.3792114257812,176.34654235839844,13.194784164428711,17.104232788085938,34.686279296875,28.50570297241211,-4.002738952636719,-9.45072078704834,9.281550407409668,0.732627809047699,-2.5343475341796875,-6.903219699859619,-10.367111206054688
Whisper - Dataset 2.m4a,whispering,146,0.0019496347522363067,0.0341796875,801.2616097646153,-588.9736328125,176.26687622070312,15.629410743713379,18.337310791015625,33.9223747253418,24.658721923828125,-6.983063697814941,-13.740678787231445,4.113592147827148,0.7421395778656006,-1.2746130228042603,-4.559502601623535,-10.529629707336426
Whisper - Dataset 2.m4a,whispering,147,0.0021024723537266254,0.0322265625,856.8076625981387,-595.3397216796875,173.83753967285156,14.917702674865723,17.455228805541992,31.933223724365234,22.02386474609375,-6.994899272918701,-9.603540420532227,-0.07481265068054199,-3.037942886352539,-1.6503947973251343,-6.28388786315918,-17.007627487182617
Whisper - Dataset 2.m4a,whispering,148,0.0021327922586351633,0.03076171875,809.3011317539451,-596.7871704101562,171.87771606445312,17.297887802124023,18.57237434387207,35.450775146484375,21.916950225830078,-2.505143165588379,-2.2722208499908447,6.647658348083496,2.287417411804199,-1.8874245882034302,-4.428605079650879,-17.16362762451172
Whisper - Dataset 2.m4a,whispering,149,0.0025219907984137535,0.02880859375,732.9963197760437,-590.9292602539062,178.19094848632812,20.870088577270508,19.518470764160156,35.37689971923828,23.634506225585938,-2.7706143856048584,-5.785111904144287,4.239826202392578,2.717496871948242,-0.7905582189559937,-7.960471153259277,-15.354667663574219
Whisper - Dataset 2.m4a,whispering,150,0.0026590186171233654,0.025390625,716.6812545925301,-584.444091796875,181.99200439453125,19.69147491455078,16.443225860595703,33.64944839477539,26.26959228515625,0.7855337858200073,-6.522440433502197,-1.4871891736984253,1.3177458047866821,-0.1654912829399109,-4.5836076736450195,-13.08261775970459
Whisper - Dataset 2.m4a,whispering,151,0.0029948067385703325,0.02734375,713.746117758149,-582.9202880859375,185.2672119140625,17.076364517211914,14.227147102355957,34.277137756347656,24.72402000427246,0.6727574467658997,-4.816694259643555,0.8360855579376221,-0.3924866318702698,0.021113276481628418,-2.7031383514404297,-13.467411994934082
Whisper - Dataset 2.m4a,whispering,152,0.00338124786503613,0.02685546875,660.9384717883147,-580.2525634765625,185.50888061523438,16.985694885253906,21.795860290527344,34.466278076171875,25.325807571411133,1.8842848539352417,-5.7817583084106445,-0.508195698261261,-1.5695712566375732,-0.08575153350830078,-8.125419616699219,-12.575202941894531
Whisper - Dataset 2.m4a,whispering,153,0.0033898476976901293,0.02587890625,609.6897045414908,-574.7767944335938,185.28273010253906,19.493131637573242,20.097272872924805,35.931732177734375,30.28204345703125,6.995134353637695,0.434564471244812,0.5129787921905518,-0.8786695003509521,-2.138781785964966,-10.15699577331543,-10.1654691696167
Whisper - Dataset 2.m4a,whispering,154,0.003358777379617095,0.0302734375,670.8305566780487,-576.9583740234375,182.06134033203125,15.179590225219727,18.832073211669922,33.67815399169922,31.112268447875977,5.381690979003906,-1.7517277002334595,1.49721097946167,-1.8320810794830322,-4.09696102142334,-3.5190889835357666,-5.913681983947754
Whisper - Dataset 2.m4a,whispering,155,0.003179294755682349,0.02880859375,707.0622639430112,-580.4127197265625,176.09307861328125,11.107439041137695,23.044116973876953,38.79087829589844,27.323673248291016,0.4793606996536255,-6.887177467346191,2.356778860092163,7.107089519500732,4.67646598815918,3.6135518550872803,-3.825038433074951
Whisper - Dataset 2.m4a,whispering,156,0.0032319342717528343,0.02783203125,724.2018479672327,-581.3367309570312,175.77529907226562,10.999126434326172,20.16864776611328,41.866268157958984,28.176631927490234,3.3819406032562256,-3.825484275817871,1.8426343202590942,3.6921329498291016,5.0552077293396,1.2836130857467651,-5.238950729370117
Whisper - Dataset 2.m4a,whispering,157,0.003188410773873329,0.0322265625,638.0745959427586,-580.3136596679688,179.44168090820312,15.934925079345703,19.444150924682617,38.130706787109375,29.58216094970703,2.659215211868286,-2.1499459743499756,7.684468746185303,6.220376014709473,2.9663052558898926,-1.1428152322769165,-7.940633296966553
Whisper - Dataset 2.m4a,whispering,158,0.0033352046739310026,0.02685546875,640.5388916637638,-583.2586669921875,178.08251953125,22.136011123657227,20.99374771118164,34.34789276123047,30.51422882080078,1.1814875602722168,-7.433942794799805,7.224498271942139,8.377045631408691,5.110465049743652,-1.1280474662780762,-12.349628448486328
Whisper - Dataset 2.m4a,whispering,159,0.0032129071187227964,0.0263671875,680.0985976933973,-587.6603393554688,175.12786865234375,20.134716033935547,20.09188461303711,32.527610778808594,33.58304214477539,4.160179138183594,-5.9237823486328125,5.577052593231201,6.1535468101501465,6.671213626861572,-0.9417502284049988,-8.959396362304688
Whisper - Dataset 2.m4a,whispering,160,0.002695679198950529,0.02880859375,727.3594515384912,-591.9280395507812,170.7638397216797,13.687586784362793,16.51264190673828,36.37237548828125,35.12861633300781,5.545158386230469,-3.4775524139404297,7.160384178161621,8.418905258178711,6.190676689147949,0.50822913646698,-3.3663697242736816
Whisper - Dataset 2.m4a,whispering,161,0.002583753550425172,0.02197265625,774.7081173681033,-597.7699584960938,172.24801635742188,12.576980590820312,11.521976470947266,37.1402587890625,32.479347229003906,3.6662228107452393,-6.466616153717041,7.073790550231934,8.900157928466797,4.213781356811523,1.7737098932266235,-3.557138442993164
Whisper - Dataset 2.m4a,whispering,162,0.0025006260257214308,0.0234375,710.4790464919129,-598.8885498046875,172.81829833984375,13.69813346862793,12.209522247314453,35.953670501708984,38.51924133300781,6.31197452545166,-5.191672325134277,7.5771942138671875,11.126972198486328,8.896492004394531,5.71376895904541,-4.2757720947265625
Whisper - Dataset 2.m4a,whispering,163,0.002332933247089386,0.0283203125,724.4954762163343,-601.6729125976562,167.760009765625,15.152702331542969,13.358165740966797,35.78473663330078,39.489410400390625,7.247601509094238,-6.280296802520752,8.910048484802246,12.465476989746094,10.275606155395508,4.866326332092285,-4.334298610687256
Whisper - Dataset 2.m4a,whispering,164,0.00273114419542253,0.0244140625,807.7859817026722,-601.7103271484375,167.31591796875,14.18841552734375,14.919600486755371,32.89302062988281,37.028297424316406,4.389791011810303,-9.352945327758789,4.839144706726074,11.538583755493164,8.159196853637695,-1.6923257112503052,-1.7857558727264404
Whisper - Dataset 2.m4a,whispering,165,0.003080708673223853,0.0244140625,711.2676401506418,-594.7735595703125,168.5504913330078,15.9720458984375,19.47134780883789,37.14337921142578,37.12975311279297,2.578982353210449,-11.629629135131836,-3.4082038402557373,6.597142219543457,3.0080955028533936,-2.742544412612915,-3.4794981479644775
Whisper - Dataset 2.m4a,whispering,166,0.0034554016310721636,0.02294921875,596.8050654803151,-583.89208984375,176.34628295898438,20.660003662109375,25.066497802734375,37.22852325439453,37.74314880371094,2.802938938140869,-12.448104858398438,1.7744606733322144,12.739971160888672,9.927484512329102,-0.4610811471939087,-2.686919689178467
Whisper - Dataset 2.m4a,whispering,167,0.003764379071071744,0.0166015625,600.6256014609676,-586.5380859375,174.5816650390625,22.269376754760742,25.230541229248047,34.37083435058594,35.61480712890625,4.444908142089844,-11.670204162597656,9.010604858398438,19.7196102142334,16.840774536132812,1.1503344774246216,-4.95293664932251
Whisper - Dataset 2.m4a,whispering,168,0.003520841244608164,0.02001953125,625.874000651272,-587.8062133789062,173.38055419921875,23.284055709838867,22.284385681152344,34.73504638671875,35.47386932373047,4.135604381561279,-10.325011253356934,8.565295219421387,15.982721328735352,19.163372039794922,4.709383487701416,-7.01595401763916
Whisper - Dataset 2.m4a,whispering,169,0.0037609057035297155,0.021484375,693.3932053743717,-590.0589599609375,173.5500946044922,19.78325080871582,21.479440689086914,35.244815826416016,34.251895904541016,1.893799901008606,-10.843156814575195,1.5095349550247192,10.763189315795898,11.960311889648438,2.9326233863830566,-3.2348289489746094
Whisper - Dataset 2.m4a,whispering,170,0.0035942138638347387,0.02001953125,625.0165740978614,-583.505615234375,174.2452850341797,19.048294067382812,25.190404891967773,39.349205017089844,35.004859924316406,3.870401382446289,-5.117248058319092,4.491164207458496,10.360525131225586,9.968477249145508,1.0819835662841797,-4.240041732788086
Whisper - Dataset 2.m4a,whispering,171,0.0037662240210920572,0.0205078125,598.676702965547,-585.2942504882812,168.48049926757812,16.99944305419922,32.40557861328125,46.807891845703125,39.02791213989258,7.652364730834961,-3.9801836013793945,7.706745624542236,7.0967206954956055,7.93286657333374,2.461332321166992,-6.154561996459961
Whisper - Dataset 2.m4a,whispering,172,0.00390019197948277,0.01904296875,601.6564375359244,-593.237548828125,166.79006958007812,18.101791381835938,34.36208724975586,50.46508026123047,41.7040901184082,4.677332401275635,-9.37557601928711,6.445441246032715,6.702079772949219,4.965198040008545,2.973278522491455,-6.855495452880859
Whisper - Dataset 2.m4a,whispering,173,0.0038087943103164434,0.01953125,619.156148252898,-589.6218872070312,167.6177978515625,17.6239013671875,28.09561538696289,49.74339294433594,42.03619384765625,3.126218795776367,-8.378061294555664,7.2207441329956055,8.689046859741211,6.495032787322998,3.7785983085632324,-4.67138671875
Whisper - Dataset 2.m4a,whispering,174,0.004431345034390688,0.0185546875,611.9153549270807,-592.2881469726562,164.68917846679688,13.357294082641602,28.17635726928711,47.70693588256836,42.369964599609375,8.803910255432129,-2.3669049739837646,11.766572952270508,12.60621452331543,7.860018730163574,3.8286874294281006,-4.75310754776001
Whisper - Dataset 2.m4a,whispering,175,0.004219993017613888,0.01904296875,551.4982605512116,-585.6566162109375,167.46978759765625,16.33957290649414,25.999004364013672,45.38750457763672,45.13877487182617,10.07307243347168,-2.9830408096313477,11.57839298248291,11.985406875610352,8.205950736999512,7.112600326538086,-0.8883998394012451
Whisper - Dataset 2.m4a,whispering,176,0.0041616265662014484,0.017578125,582.1556451661158,-587.4185180664062,168.95425415039062,15.704948425292969,26.517536163330078,46.182952880859375,44.386756896972656,8.850122451782227,-6.265223503112793,6.480565071105957,11.611434936523438,10.133879661560059,10.649801254272461,-0.3430488109588623
Whisper - Dataset 2.m4a,whispering,177,0.003778622718527913,0.01904296875,650.063738046541,-591.2723388671875,173.22525024414062,15.7886381149292,24.69106674194336,39.99776077270508,34.37466049194336,5.9174418449401855,-8.726821899414062,3.781416416168213,10.049800872802734,8.774694442749023,7.344764709472656,-0.7241127490997314
Whisper - Dataset 2.m4a,whispering,178,0.0028322297148406506,0.02294921875,722.5196684294796,-590.116943359375,173.1671142578125,13.427029609680176,21.27109146118164,40.95885467529297,30.935016632080078,0.16300615668296814,-10.798115730285645,4.771355628967285,8.164254188537598,8.514808654785156,6.132269382476807,0.058712780475616455
Whisper - Dataset 2.m4a,whispering,179,0.002877598162740469,0.02099609375,723.4003715563142,-589.4542236328125,173.19546508789062,10.047677993774414,20.470666885375977,37.81452178955078,31.967121124267578,4.6697998046875,-11.124631881713867,4.521491050720215,11.188490867614746,8.96732234954834,6.474851608276367,-0.45732778310775757
Whisper - Dataset 2.m4a,whispering,180,0.0032313340343534946,0.02294921875,722.3156590449978,-594.1189575195312,169.83804321289062,10.104272842407227,21.260944366455078,41.35711669921875,33.59635925292969,8.835472106933594,-11.9205322265625,2.7947068214416504,14.4991455078125,9.763786315917969,4.160632610321045,-5.027824401855469
Whisper - Dataset 2.m4a,whispering,181,0.004015699028968811,0.02099609375,626.8790570577075,-586.8258666992188,172.752197265625,12.744330406188965,28.71929168701172,45.791778564453125,33.27239990234375,4.783951282501221,-9.819923400878906,4.577856063842773,12.830696105957031,11.39421558380127,3.421391248703003,-2.479675531387329
Whisper - Dataset 2.m4a,whispering,182,0.0041573126800358295,0.021484375,560.2170845593778,-579.501953125,175.6396484375,14.572261810302734,28.062307357788086,45.31407165527344,31.264049530029297,4.200483322143555,-9.586669921875,5.580650806427002,13.990972518920898,14.556435585021973,6.610635280609131,1.7812135219573975
Whisper - Dataset 2.m4a,whispering,183,0.003978966269642115,0.0283203125,620.5362791101122,-589.1478271484375,168.71170043945312,16.449565887451172,26.7010440826416,42.77923583984375,33.767234802246094,5.8211517333984375,-8.757804870605469,4.508947372436523,15.803727149963379,16.44202995300293,10.215105056762695,-0.2747404873371124
Whisper - Dataset 2.m4a,whispering,184,0.0038092604372650385,0.03076171875,699.4458052500629,-600.1068115234375,159.79693603515625,15.081050872802734,24.705842971801758,41.77680206298828,32.22014236450195,8.542325019836426,-1.2421808242797852,4.326936721801758,14.46006965637207,13.575187683105469,13.288310050964355,-3.642343282699585
Whisper - Dataset 2.m4a,whispering,185,0.003263140097260475,0.03173828125,693.2588240722333,-596.0813598632812,159.78761291503906,14.518532752990723,25.997867584228516,41.37464141845703,30.084014892578125,8.049522399902344,-2.143949031829834,8.53315544128418,13.947912216186523,12.294084548950195,13.08639907836914,-0.7689437866210938
Whisper - Dataset 2.m4a,whispering,186,0.0029796031303703785,0.02734375,666.8715675138543,-593.437255859375,163.5668182373047,14.419394493103027,26.09711456298828,40.30742645263672,34.426856994628906,6.482970237731934,-5.691957473754883,8.663283348083496,15.048568725585938,10.682347297668457,12.273826599121094,3.3041603565216064
Whisper - Dataset 2.m4a,whispering,187,0.0029127304442226887,0.03173828125,710.4056155371636,-596.1189575195312,163.13235473632812,14.44524097442627,19.488357543945312,36.88643264770508,39.222312927246094,8.433995246887207,-6.251039505004883,6.204159736633301,14.34788990020752,9.16506290435791,10.310099601745605,-0.4852018356323242
Whisper - Dataset 2.m4a,whispering,188,0.002540494780987501,0.03076171875,855.0600074229726,-597.5570678710938,162.15457153320312,12.44437026977539,13.955850601196289,36.48358917236328,37.95387268066406,6.3831682205200195,-11.161457061767578,4.488408088684082,8.690638542175293,4.330837726593018,7.015995979309082,-5.078782558441162
Whisper - Dataset 2.m4a,whispering,189,0.00207393616437912,0.03076171875,877.2784859591663,-601.2764282226562,164.73980712890625,9.025426864624023,13.830732345581055,37.972999572753906,39.50434112548828,5.2237701416015625,-16.216739654541016,-0.43444228172302246,4.295550346374512,3.116429090499878,6.357707977294922,-3.7066123485565186
Whisper - Dataset 2.m4a,whispering,190,0.002351519651710987,0.03564453125,841.3597119373367,-601.2671508789062,165.9212646484375,10.41897201538086,12.966527938842773,40.14686584472656,39.65541458129883,4.66530179977417,-13.75712776184082,-0.47454798221588135,5.3307271003723145,8.538614273071289,11.109171867370605,-3.0121068954467773
Whisper - Dataset 2.m4a,whispering,191,0.0027072427328675985,0.02294921875,683.2446896486858,-595.32470703125,169.6833953857422,15.877700805664062,21.863229751586914,43.66979217529297,38.36737823486328,5.320555686950684,-9.122745513916016,0.7123456001281738,7.183944225311279,9.522764205932617,9.670926094055176,-4.52381706237793
Whisper - Dataset 2.m4a,whispering,192,0.003345447825267911,0.01904296875,687.5673618905671,-596.5531616210938,166.96728515625,15.879655838012695,24.797279357910156,46.130165100097656,36.52332305908203,3.0954556465148926,-8.472219467163086,4.637184143066406,6.810197830200195,8.029937744140625,8.981000900268555,-3.1760993003845215
Whisper - Dataset 2.m4a,whispering,193,0.0034668592270463705,0.0205078125,650.9958677697106,-591.412841796875,163.87277221679688,10.073871612548828,27.484378814697266,47.10353088378906,39.6754264831543,10.98769760131836,-4.996304035186768,1.7856061458587646,2.5632176399230957,9.19933795928955,9.280633926391602,0.8209813237190247
Whisper - Dataset 2.m4a,whispering,194,0.0033184110652655363,0.0244140625,665.6348466984327,-591.43603515625,163.39141845703125,8.870748519897461,29.850597381591797,49.16700744628906,41.10723114013672,9.252326011657715,-8.136229515075684,-1.5437445640563965,3.0531482696533203,6.995170593261719,5.591942310333252,0.7839113473892212
Whisper - Dataset 2.m4a,whispering,195,0.0031683966517448425,0.0283203125,721.064437683348,-591.1610107421875,162.06109619140625,12.461355209350586,30.070655822753906,44.749515533447266,36.249481201171875,5.5637125968933105,-8.783823013305664,-0.9348593354225159,2.9970028400421143,4.684544086456299,2.1974997520446777,0.12145805358886719
Whisper - Dataset 2.m4a,whispering,196,0.0027451403439044952,0.0263671875,786.5769256999647,-596.5167846679688,161.29769897460938,12.201600074768066,29.624292373657227,43.354129791259766,35.196170806884766,3.270155429840088,-11.351317405700684,-5.523593902587891,-0.6283977627754211,7.170618057250977,3.7006330490112305,-2.4278512001037598
Whisper - Dataset 2.m4a,whispering,197,0.0029879845678806305,0.0244140625,712.2442968970154,-597.3717041015625,163.0877685546875,13.768561363220215,22.077104568481445,45.315284729003906,38.14288330078125,7.93463134765625,-8.949350357055664,-5.410506248474121,3.334555149078369,8.016916275024414,6.479674339294434,3.81002140045166
Whisper - Dataset 2.m4a,whispering,198,0.0030813447665423155,0.01806640625,701.1357585637991,-589.145751953125,168.33238220214844,15.448047637939453,16.2025203704834,37.7242546081543,37.41473388671875,6.443584442138672,-6.930081367492676,1.6823159456253052,7.640292167663574,8.915164947509766,10.55022144317627,2.081650495529175
Whisper - Dataset 2.m4a,whispering,199,0.0029436941258609295,0.017578125,677.8650468857534,-586.3792724609375,172.54257202148438,15.23944091796875,17.948566436767578,32.824989318847656,33.955596923828125,4.986016750335693,-6.08028507232666,5.864204406738281,10.145772933959961,11.378890991210938,13.736857414245605,-0.7450556755065918
Whisper - Dataset 2.m4a,whispering,200,0.0030991819221526384,0.02197265625,815.9342322420455,-593.3477783203125,167.2567138671875,12.23974895477295,16.36569595336914,33.76446533203125,30.319896697998047,4.281617164611816,-6.193115711212158,10.906396865844727,9.946517944335938,5.92917537689209,3.476335048675537,-2.0968222618103027
Whisper - Dataset 2.m4a,whispering,201,0.0026609308551996946,0.02392578125,701.2831649346372,-594.4146118164062,168.60009765625,14.330316543579102,21.8800048828125,36.167701721191406,32.320030212402344,12.613577842712402,-7.0417256355285645,6.061247825622559,10.860597610473633,6.828643798828125,-0.46999916434288025,-0.969739556312561
Whisper - Dataset 2.m4a,whispering,202,0.0024882780853658915,0.02490234375,705.1648661552549,-600.2677612304688,167.16815185546875,12.914060592651367,23.195404052734375,42.021236419677734,33.008995056152344,13.67449951171875,-8.56843376159668,-0.46005550026893616,7.45872688293457,8.915107727050781,2.571260690689087,0.10083961486816406
Whisper - Dataset 2.m4a,whispering,203,0.002765609184280038,0.02587890625,804.6429130492772,-605.3464965820312,165.35574340820312,10.801620483398438,24.006088256835938,47.12152862548828,36.36689758300781,5.753303050994873,-11.46274185180664,-3.1416516304016113,-0.3617451786994934,4.356932163238525,-1.879305124282837,-5.340999603271484
Whisper - Dataset 2.m4a,whispering,204,0.002373537514358759,0.02734375,681.3515350501385,-600.6934814453125,167.25347900390625,19.43551254272461,28.268203735351562,46.03367614746094,38.79389953613281,3.171255111694336,-10.886922836303711,-0.6463521718978882,1.4062548875808716,0.15622606873512268,-3.735950469970703,-7.718839168548584
Whisper - Dataset 2.m4a,whispering,205,0.002773179206997156,0.0263671875,722.4658743500047,-597.9873657226562,166.81060791015625,17.42943572998047,25.84209442138672,44.09601593017578,37.481136322021484,1.3026491403579712,-11.133811950683594,1.4405906200408936,5.097299575805664,2.162809371948242,0.7077046036720276,-4.940011024475098
Whisper - Dataset 2.m4a,whispering,206,0.0032280986197292805,0.0234375,682.4399898923708,-599.2162475585938,165.42684936523438,16.150470733642578,29.608535766601562,46.58888244628906,37.86833953857422,0.30979421734809875,-12.737317085266113,2.0742549896240234,8.823343276977539,7.003104209899902,8.920751571655273,-0.10746920108795166
Whisper - Dataset 2.m4a,whispering,207,0.0030134818516671658,0.0234375,599.8893844882047,-591.1177978515625,169.09619140625,19.843236923217773,29.168006896972656,46.68077087402344,37.586082458496094,3.3493010997772217,-9.089210510253906,5.323457717895508,8.736869812011719,7.968080043792725,7.219735145568848,-0.9922274351119995
Whisper - Dataset 2.m4a,whispering,208,0.003668427001684904,0.0185546875,681.572289015688,-590.9879760742188,171.26284790039062,17.635507583618164,23.419984817504883,41.67987060546875,36.396453857421875,0.4608394205570221,-9.578914642333984,7.725666046142578,7.177547931671143,6.136602401733398,3.2767302989959717,-1.8208191394805908
Whisper - Dataset 2.m4a,whispering,209,0.0036000823602080345,0.015625,647.8866244169392,-589.3125,172.82350158691406,17.154178619384766,24.91891098022461,43.94013214111328,38.32621765136719,-0.8073201179504395,-13.365270614624023,6.459414482116699,5.717311382293701,7.851008892059326,2.3938841819763184,-4.603789329528809
Whisper - Dataset 2.m4a,whispering,210,0.003719220170751214,0.017578125,619.171412267837,-594.3642578125,167.6990509033203,16.371292114257812,26.903282165527344,46.696075439453125,41.74633026123047,4.983371257781982,-8.690893173217773,5.019209861755371,3.1425604820251465,11.811323165893555,8.653915405273438,0.34592270851135254
Whisper - Dataset 2.m4a,whispering,211,0.0040201712399721146,0.015625,554.2768509966426,-597.1985473632812,165.8970947265625,19.8585205078125,33.696067810058594,49.376251220703125,40.2825927734375,7.005962371826172,-8.240632057189941,2.8890717029571533,8.509157180786133,12.371845245361328,9.416259765625,-0.7811667919158936
Whisper - Dataset 2.m4a,whispering,212,0.0036072097718715668,0.015625,575.9482795187361,-600.3674926757812,164.4425048828125,23.492183685302734,32.79633331298828,50.27042007446289,42.12467956542969,3.6033198833465576,-11.897603988647461,2.527796983718872,10.579387664794922,11.93587875366211,8.522297859191895,0.6495607495307922
Whisper - Dataset 2.m4a,whispering,213,0.003628916572779417,0.0146484375,669.8912171526431,-599.806396484375,165.10690307617188,18.557209014892578,26.022151947021484,44.08299255371094,40.399009704589844,-1.2572146654129028,-12.19277572631836,6.029479026794434,8.287705421447754,11.827388763427734,10.735363006591797,2.2530221939086914
Whisper - Dataset 2.m4a,whispering,214,0.002997538773342967,0.009765625,655.3770646786872,-596.7012939453125,166.5299072265625,17.356430053710938,27.10077667236328,42.82688903808594,39.92223358154297,2.8775243759155273,-11.506406784057617,6.287808418273926,8.513124465942383,10.585409164428711,5.682684898376465,-2.9451470375061035
Whisper - Dataset 2.m4a,whispering,215,0.002380237216129899,0.005859375,736.4193713405892,-607.223388671875,161.89920043945312,16.26934051513672,22.376163482666016,42.46104431152344,39.05408477783203,4.822132110595703,-12.79673957824707,4.630039691925049,7.960263729095459,10.492439270019531,3.6219003200531006,-1.9579706192016602
Whisper - Dataset 3.m4a,whispering,0,0.0006213168380782008,0.15673828125,1744.2763698884469,-754.399169921875,65.50901794433594,30.98509979248047,14.647412300109863,19.47045135498047,22.8287353515625,12.70040512084961,0.06540782749652863,-2.0660815238952637,2.9559996128082275,4.270879745483398,0.654668390750885,-0.9417238235473633
Whisper - Dataset 3.m4a,whispering,1,0.0011444129049777985,0.16015625,1406.2066021587534,-627.2294921875,117.27530670166016,6.237391471862793,28.52117156982422,20.70801544189453,26.54986000061035,19.071765899658203,-4.355395317077637,-0.8321167826652527,9.568302154541016,3.532327175140381,5.592548370361328,4.9468817710876465
Whisper - Dataset 3.m4a,whispering,2,0.0013197187799960375,0.16650390625,1179.98274885226,-595.11474609375,128.6863250732422,4.626107215881348,31.674327850341797,23.677661895751953,29.36225128173828,13.591107368469238,-10.049972534179688,5.642474174499512,14.875139236450195,-0.07066938281059265,12.46788501739502,11.282777786254883
Whisper - Dataset 3.m4a,whispering,3,0.0014666472561657429,0.0576171875,1007.2962934554644,-610.5240478515625,140.68072509765625,10.727206230163574,29.86538314819336,27.784374237060547,29.253173828125,10.153335571289062,-15.018333435058594,10.418519973754883,14.281850814819336,-6.429924011230469,13.295291900634766,13.91168212890625
Whisper - Dataset 3.m4a,whispering,4,0.00150785141158849,0.02294921875,986.1062947589803,-618.348876953125,144.3214111328125,19.858488082885742,26.478788375854492,26.232988357543945,31.7841796875,11.326963424682617,-15.859991073608398,1.3016011714935303,5.653833866119385,-4.962904930114746,13.51690673828125,17.6982421875
Whisper - Dataset 3.m4a,whispering,5,0.0013705861056223512,0.02734375,1056.8124909176843,-614.4508056640625,147.4507598876953,26.25571632385254,14.41370964050293,9.2495698928833,31.721920013427734,8.764820098876953,-14.165109634399414,-2.261632204055786,7.00397253036499,3.900702476501465,12.717348098754883,19.443206787109375
Whisper - Dataset 3.m4a,whispering,6,0.0013424669159576297,0.025390625,1078.4975855782568,-611.0161743164062,148.7081298828125,30.54169464111328,12.80135726928711,1.0330430269241333,27.240737915039062,8.306356430053711,-9.65904426574707,-8.403258323669434,4.517586708068848,9.906049728393555,11.47935962677002,18.70693016052246
Whisper - Dataset 3.m4a,whispering,7,0.0012524514459073544,0.02783203125,956.3060658392518,-629.2596435546875,146.06666564941406,32.07801818847656,15.31925106048584,10.975401878356934,29.46685028076172,16.625957489013672,-6.078679084777832,-7.386253356933594,5.029892921447754,9.006118774414062,11.292694091796875,14.704582214355469
Whisper - Dataset 3.m4a,whispering,8,0.0011304952204227448,0.02587890625,1028.7267538419162,-638.4971923828125,141.8382568359375,31.73306655883789,14.89581298828125,14.349103927612305,32.34977722167969,20.366344451904297,-5.546114921569824,-11.712152481079102,2.7108407020568848,7.402483940124512,8.76677417755127,7.9004411697387695
Whisper - Dataset 3.m4a,whispering,9,0.0009411222999915481,0.02880859375,1122.874291791738,-647.4087524414062,137.16673278808594,28.779035568237305,10.66628360748291,17.6728458404541,33.566654205322266,23.630538940429688,-4.402365684509277,-14.98324966430664,3.0077762603759766,6.5812225341796875,3.461033344268799,0.7229997515678406
Whisper - Dataset 3.m4a,whispering,10,0.0009533540578559041,0.0263671875,1155.960054033127,-649.3328857421875,135.49107360839844,28.378116607666016,11.32975959777832,19.945404052734375,35.46543884277344,22.447917938232422,-5.4718337059021,-11.42110538482666,7.608726501464844,4.398796081542969,-1.7817251682281494,0.6241662502288818
Whisper - Dataset 3.m4a,whispering,11,0.0009833042277023196,0.0283203125,1142.3435601610659,-647.0175170898438,129.63162231445312,25.38020133972168,16.280242919921875,23.201847076416016,39.805450439453125,25.08987808227539,-4.497234344482422,-8.676156044006348,10.34040641784668,6.412858009338379,-0.4956798553466797,0.25587427616119385
Whisper - Dataset 3.m4a,whispering,12,0.0009748968295753002,0.04296875,1252.7497293787847,-641.1507568359375,120.80940246582031,20.37961196899414,24.80157470703125,29.437463760375977,42.36381530761719,18.73689842224121,-13.341699600219727,-5.715995788574219,13.942238807678223,8.303912162780762,5.396982192993164,-0.45104897022247314
Whisper - Dataset 3.m4a,whispering,13,0.001118641928769648,0.04443359375,1649.4559167697148,-612.0546264648438,106.08428192138672,18.507896423339844,27.08154296875,23.952524185180664,46.009986877441406,6.9861297607421875,-13.001256942749023,-0.8119680881500244,21.68194007873535,4.174352169036865,4.385420322418213,0.4587416350841522
Whisper - Dataset 3.m4a,whispering,14,0.001014961046166718,0.06103515625,1593.6755337067461,-584.2774658203125,113.09989166259766,16.13924789428711,30.672637939453125,16.832059860229492,42.59772491455078,-3.13375186920166,-20.020545959472656,-1.3458069562911987,23.168251037597656,2.9500231742858887,6.873663425445557,0.8229931592941284
Whisper - Dataset 3.m4a,whispering,15,0.0009719916270114481,0.07470703125,1565.427778382107,-584.7737426757812,116.59857177734375,11.883830070495605,32.95978546142578,13.966658592224121,40.50867462158203,-6.068368911743164,-24.70408821105957,3.074197292327881,23.75172233581543,1.3461073637008667,6.3482465744018555,-1.005060076713562
Whisper - Dataset 3.m4a,whispering,16,0.0010975931072607636,0.0634765625,1715.336957990005,-586.254150390625,116.8268051147461,6.7362380027771,27.817317962646484,7.962656497955322,38.719398498535156,-11.482280731201172,-30.214393615722656,1.983632206916809,20.961105346679688,-1.024385690689087,2.8323769569396973,-0.8235363960266113
Whisper - Dataset 3.m4a,whispering,17,0.001181875355541706,0.05859375,1490.351218366788,-585.2792358398438,123.31108093261719,7.194402694702148,32.43689727783203,14.310844421386719,36.41712188720703,-10.354103088378906,-29.366073608398438,0.7055727243423462,17.596294403076172,-2.1514267921447754,3.4329726696014404,3.475188732147217
Whisper - Dataset 3.m4a,whispering,18,0.0013454504078254104,0.05029296875,1155.4657781634548,-588.8229370117188,133.78729248046875,12.842426300048828,36.3701171875,26.562950134277344,35.398529052734375,-8.083759307861328,-26.26865577697754,1.1478924751281738,14.748257637023926,-2.1117799282073975,6.82833194732666,3.0642685890197754
Whisper - Dataset 3.m4a,whispering,19,0.0016287276521325111,0.02978515625,1081.3292364346962,-593.8366088867188,143.58963012695312,12.50219440460205,33.244873046875,32.074974060058594,34.90209197998047,-7.6777143478393555,-34.760337829589844,-1.7406178712844849,15.797551155090332,-4.393033981323242,8.215438842773438,3.786491870880127
Whisper - Dataset 3.m4a,whispering,20,0.0016371328383684158,0.03125,989.9706372095438,-597.2421875,146.31961059570312,14.181171417236328,33.160438537597656,35.63566589355469,32.48346710205078,-10.243683815002441,-38.20196533203125,1.9216818809509277,22.126052856445312,-1.390775442123413,9.476563453674316,8.414274215698242
Whisper - Dataset 3.m4a,whispering,21,0.0016268104081973433,0.03125,976.9163709682947,-608.3145141601562,145.907958984375,17.424724578857422,31.07317352294922,38.15738296508789,34.13935089111328,-10.353918075561523,-34.506103515625,6.983221054077148,23.258731842041016,-2.3386106491088867,8.417298316955566,7.010272026062012
Whisper - Dataset 3.m4a,whispering,22,0.0015665401006117463,0.0263671875,939.0974254513712,-621.9334716796875,148.2359619140625,20.396854400634766,24.885765075683594,37.548614501953125,35.996368408203125,-1.4338815212249756,-31.089393615722656,2.5490894317626953,20.265317916870117,-2.3774337768554688,5.770694732666016,6.508912086486816
Whisper - Dataset 3.m4a,whispering,23,0.0017557183746248484,0.0234375,886.4434335342546,-629.1231079101562,148.1685333251953,22.226051330566406,23.089954376220703,44.00682830810547,40.06383514404297,-0.601425290107727,-27.46255111694336,1.694024920463562,12.737064361572266,-5.0189008712768555,5.315604209899902,7.5851616859436035
Whisper - Dataset 3.m4a,whispering,24,0.0019089649431407452,0.01904296875,791.6806035566447,-624.3333129882812,153.1111297607422,25.079973220825195,22.915081024169922,41.86334991455078,35.88746643066406,-2.4646201133728027,-22.314226150512695,3.1137466430664062,9.881455421447754,-3.4683573246002197,3.326516628265381,6.383810997009277
Whisper - Dataset 3.m4a,whispering,25,0.0019335601245984435,0.0146484375,760.0498952635758,-618.072509765625,157.88360595703125,30.830476760864258,19.528099060058594,32.50257110595703,31.67892837524414,-3.066962718963623,-18.223299026489258,0.46244531869888306,6.413991928100586,-2.0858843326568604,1.7289854288101196,5.226844787597656
Whisper - Dataset 3.m4a,whispering,26,0.001961178844794631,0.01220703125,777.0567512353626,-623.037353515625,156.39486694335938,33.20618438720703,19.801414489746094,28.60625457763672,32.48762893676758,-2.5596811771392822,-20.6595401763916,-3.408047676086426,6.17474365234375,6.779894828796387,8.141838073730469,7.9450507164001465
Whisper - Dataset 3.m4a,whispering,27,0.0017848338466137648,0.013671875,815.7949931042208,-634.2626342773438,151.79302978515625,33.283409118652344,20.143993377685547,29.308616638183594,37.74275207519531,7.100144386291504,-23.232864379882812,-4.524351119995117,10.493958473205566,12.845725059509277,12.781444549560547,7.369110107421875
Whisper - Dataset 3.m4a,whispering,28,0.0015968626830726862,0.01318359375,820.5832027343648,-640.838134765625,148.3033447265625,35.87783432006836,20.145214080810547,29.402849197387695,36.37294006347656,10.173041343688965,-15.027318954467773,-1.5983909368515015,9.510370254516602,11.444963455200195,9.521947860717773,2.771390438079834
Whisper - Dataset 3.m4a,whispering,29,0.0015248956624418497,0.01416015625,794.1298361456539,-647.4280395507812,147.1241455078125,38.509971618652344,23.622032165527344,32.7889518737793,31.844993591308594,11.778934478759766,-9.632452011108398,-3.388212203979492,5.942746162414551,6.394766330718994,8.72610855102539,8.155708312988281
Whisper - Dataset 3.m4a,whispering,30,0.0014467379078269005,0.01708984375,846.4253983760362,-652.9246826171875,144.53152465820312,37.130985260009766,24.435508728027344,33.31753158569336,25.48421859741211,8.252965927124023,-13.457792282104492,-9.844709396362305,8.055466651916504,11.866865158081055,12.786907196044922,10.243977546691895
Whisper - Dataset 3.m4a,whispering,31,0.0014490459579974413,0.02001953125,903.5817170137313,-654.744384765625,143.4395751953125,34.965328216552734,20.250709533691406,33.01806640625,27.78331756591797,5.101123809814453,-18.809585571289062,-12.10525131225586,7.947518348693848,13.167407035827637,10.624171257019043,6.444277763366699
Whisper - Dataset 3.m4a,whispering,32,0.0014749780530110002,0.021484375,751.0614582768997,-649.1809692382812,149.8090057373047,39.43897247314453,22.145559310913086,36.67231750488281,34.81110382080078,8.310477256774902,-17.657733917236328,-10.034185409545898,10.221580505371094,12.030111312866211,7.453136444091797,5.426457405090332
Whisper - Dataset 3.m4a,whispering,33,0.0014184101019054651,0.02099609375,784.1088966839602,-651.3204956054688,147.06716918945312,41.64318084716797,23.112401962280273,35.221710205078125,35.63654708862305,9.257025718688965,-16.22083282470703,-7.571878433227539,14.943914413452148,14.521718978881836,5.6140313148498535,4.54384708404541
Whisper - Dataset 3.m4a,whispering,34,0.001409111195243895,0.0205078125,896.5163300192181,-659.0361328125,142.29380798339844,41.44099426269531,22.812427520751953,30.993629455566406,27.643653869628906,7.5663886070251465,-11.181652069091797,-3.275869607925415,13.49085807800293,11.987905502319336,2.4653449058532715,3.9883759021759033
Whisper - Dataset 3.m4a,whispering,35,0.0012325935531407595,0.0205078125,937.5919509668852,-660.302490234375,141.8250732421875,42.79443359375,21.18236541748047,31.21453094482422,26.667682647705078,5.518282890319824,-10.725252151489258,-2.455916166305542,11.894814491271973,13.185992240905762,1.4869184494018555,0.0691225528717041
Whisper - Dataset 3.m4a,whispering,36,0.0013161470415070653,0.0205078125,859.1735249978334,-659.8023681640625,142.98785400390625,45.484764099121094,25.033748626708984,28.088462829589844,24.523883819580078,6.9195637702941895,-12.212313652038574,-3.827303409576416,13.323447227478027,13.407709121704102,2.082951545715332,1.8242297172546387
Whisper - Dataset 3.m4a,whispering,37,0.0013215322978794575,0.02587890625,766.4564692295583,-656.1189575195312,145.37466430664062,49.11376190185547,31.24425506591797,31.277074813842773,26.804832458496094,8.497502326965332,-14.383549690246582,-5.5277628898620605,12.453279495239258,9.536226272583008,2.434576988220215,1.8805785179138184
Whisper - Dataset 3.m4a,whispering,38,0.0013983636163175106,0.025390625,772.3746236501865,-652.5100708007812,148.24549865722656,47.17552947998047,27.40423583984375,33.60723876953125,29.607120513916016,9.03636646270752,-14.224287033081055,-8.727741241455078,8.322785377502441,2.643345594406128,-2.4031121730804443,-3.8262991905212402
Whisper - Dataset 3.m4a,whispering,39,0.001262664794921875,0.02734375,849.8201999412078,-655.4420776367188,144.60223388671875,41.694297790527344,25.465003967285156,35.13975524902344,31.76087188720703,8.846360206604004,-15.702113151550293,-12.20318603515625,0.5390848517417908,-4.288836479187012,-11.254005432128906,-9.109491348266602
Whisper - Dataset 3.m4a,whispering,40,0.001124754548072815,0.029296875,842.1886843394407,-656.6765747070312,144.04039001464844,42.95660400390625,24.99797248840332,33.60997772216797,30.81488800048828,8.081677436828613,-14.549043655395508,-10.540035247802734,-0.12280213832855225,-4.5175676345825195,-10.727974891662598,-7.767139434814453
Whisper - Dataset 3.m4a,whispering,41,0.00124252843670547,0.02587890625,891.0652161064328,-658.1488647460938,144.61566162109375,44.660831451416016,22.437519073486328,28.262706756591797,26.413585662841797,7.250583648681641,-8.676443099975586,-4.116312026977539,3.494783401489258,0.004712820053100586,-7.156665802001953,-7.907469749450684
Whisper - Dataset 3.m4a,whispering,42,0.0012832207139581442,0.0234375,854.0278807242784,-658.5846557617188,142.9021759033203,45.56531524658203,26.680221557617188,32.76466751098633,29.91434669494629,8.181133270263672,-9.624176025390625,-2.4873809814453125,4.579111576080322,4.200246334075928,-2.008009433746338,-3.718773365020752
Whisper - Dataset 3.m4a,whispering,43,0.0013472678838297725,0.0185546875,746.7948552271473,-659.2875366210938,144.11874389648438,46.359230041503906,25.997299194335938,37.85548782348633,34.65946960449219,9.194144248962402,-10.71362018585205,-5.266634941101074,8.624489784240723,11.529088020324707,3.4692625999450684,0.5495811700820923
Whisper - Dataset 3.m4a,whispering,44,0.0013859655009582639,0.017578125,795.1937962239462,-658.17724609375,144.9779052734375,42.83502960205078,23.600692749023438,36.20017623901367,30.679107666015625,8.353401184082031,-13.273177146911621,-6.440651893615723,11.707931518554688,10.804473876953125,3.586639881134033,0.16475233435630798
Whisper - Dataset 3.m4a,whispering,45,0.0013747831108048558,0.01513671875,826.4566898411259,-652.357177734375,144.89576721191406,39.82286834716797,27.15199851989746,36.25798797607422,29.67677879333496,9.676980972290039,-11.734993934631348,-6.341438293457031,6.637696266174316,6.323081970214844,4.229187965393066,-4.063015460968018
Whisper - Dataset 3.m4a,whispering,46,0.0012834829976782203,0.0185546875,788.7193783165213,-645.7661743164062,148.09640502929688,38.435081481933594,28.552139282226562,36.036231994628906,30.65182113647461,11.761219024658203,-13.423443794250488,-7.983029365539551,6.048251152038574,2.3810501098632812,0.9076482057571411,-3.8597936630249023
Whisper - Dataset 3.m4a,whispering,47,0.0012871501967310905,0.02197265625,816.3054502233185,-643.880615234375,149.62432861328125,36.59947204589844,23.962291717529297,34.65995788574219,30.50733184814453,9.865377426147461,-12.850133895874023,-6.873779773712158,5.9779744148254395,-0.7706832885742188,-2.5726094245910645,-0.9497851133346558
Whisper - Dataset 3.m4a,whispering,48,0.0012464651372283697,0.01953125,856.0094354612702,-650.02587890625,149.0309600830078,40.910606384277344,21.44620132446289,31.62527847290039,30.453166961669922,6.818439483642578,-15.416667938232422,-4.962121963500977,3.550546646118164,-4.45471715927124,-2.3828840255737305,1.5113449096679688
Whisper - Dataset 3.m4a,whispering,49,0.0010853505227714777,0.02490234375,906.9178042993493,-652.6099243164062,148.1173553466797,42.51304626464844,22.108139038085938,29.62318229675293,25.038951873779297,0.7822696566581726,-20.88080596923828,-10.408561706542969,4.562473297119141,0.9833201169967651,-3.404076099395752,0.5033704042434692
Whisper - Dataset 3.m4a,whispering,50,0.0010929900454357266,0.029296875,924.4309747473119,-649.337890625,148.29586791992188,37.94108581542969,19.34815788269043,31.823665618896484,26.05773162841797,-1.746752142906189,-22.65550994873047,-14.454025268554688,4.264618396759033,7.122706413269043,-3.046226739883423,-3.450838088989258
Whisper - Dataset 3.m4a,whispering,51,0.0012115966528654099,0.02685546875,934.7247340302093,-643.6717529296875,151.59359741210938,36.42163848876953,16.953853607177734,29.34890365600586,28.111412048339844,-2.3674371242523193,-26.381013870239258,-14.570053100585938,3.8621039390563965,6.127894878387451,0.2713890075683594,-1.6924443244934082
Whisper - Dataset 3.m4a,whispering,52,0.0014316081069409847,0.02685546875,810.9000106049837,-644.0962524414062,155.5496826171875,43.23979187011719,19.350387573242188,29.717805862426758,31.14026641845703,4.453761100769043,-21.92089080810547,-13.242019653320312,1.764831304550171,1.7450530529022217,1.6754997968673706,3.0949602127075195
Whisper - Dataset 3.m4a,whispering,53,0.0021762517280876637,0.0205078125,669.2676502513723,-643.3624877929688,158.72979736328125,48.442657470703125,24.232162475585938,30.588462829589844,30.865997314453125,12.385995864868164,-14.004846572875977,-11.530841827392578,1.5490686893463135,1.1115001440048218,4.8299946784973145,7.034006595611572
Whisper - Dataset 3.m4a,whispering,54,0.0024500484578311443,0.01171875,585.9684007015828,-635.8055419921875,158.155029296875,48.432350158691406,33.109901428222656,37.87499237060547,34.384735107421875,12.601701736450195,-13.801408767700195,-9.332566261291504,6.709031105041504,2.346264362335205,4.034115791320801,6.518777847290039
Whisper - Dataset 3.m4a,whispering,55,0.0028152959421277046,0.0087890625,601.6453639742706,-637.5934448242188,154.4048309326172,49.386932373046875,35.17303466796875,38.38177490234375,31.41817283630371,6.509342670440674,-13.578916549682617,-4.9108734130859375,8.225667953491211,5.420217514038086,4.5864338874816895,5.883368492126465
Whisper - Dataset 3.m4a,whispering,56,0.002811116399243474,0.0107421875,635.7365104537931,-640.3013916015625,155.29345703125,49.7781982421875,32.83085632324219,33.53969955444336,25.85500717163086,3.996746063232422,-12.585336685180664,-3.1989431381225586,6.566978454589844,9.349302291870117,8.11813735961914,6.396000385284424
Whisper - Dataset 3.m4a,whispering,57,0.0024381426628679037,0.013671875,595.7569551496998,-637.82275390625,158.9896240234375,50.41868209838867,31.624126434326172,32.29188537597656,27.397512435913086,8.762939453125,-10.978057861328125,-4.593742847442627,7.074317455291748,10.796941757202148,5.4070210456848145,4.558408737182617
Whisper - Dataset 3.m4a,whispering,58,0.0025941047351807356,0.01611328125,685.2954626071908,-642.586669921875,151.97836303710938,44.874839782714844,31.946266174316406,38.559288024902344,32.1215705871582,12.083796501159668,-9.076887130737305,-6.387101650238037,5.363406181335449,8.80711841583252,1.0890750885009766,-0.1424729824066162
Whisper - Dataset 3.m4a,whispering,59,0.0022504469379782677,0.02294921875,610.132172124829,-640.8721923828125,151.38101196289062,46.644344329833984,37.83460235595703,41.790557861328125,34.384822845458984,13.497971534729004,-12.692882537841797,-10.50815486907959,6.844112396240234,9.639429092407227,2.478071928024292,3.057502508163452
Whisper - Dataset 3.m4a,whispering,60,0.002618937287479639,0.01904296875,596.8170336874,-642.8416137695312,153.17881774902344,48.88468933105469,38.66746520996094,44.54686737060547,36.68913269042969,12.752182006835938,-16.290386199951172,-13.277751922607422,7.556271553039551,8.90349006652832,3.9413089752197266,1.3223536014556885
Whisper - Dataset 3.m4a,whispering,61,0.002869983436539769,0.01611328125,600.1860248201015,-639.0997924804688,153.0543670654297,45.96736526489258,35.247039794921875,38.46211242675781,35.52977752685547,10.995040893554688,-17.93526268005371,-11.337947845458984,8.491649627685547,10.724835395812988,9.507593154907227,4.422255039215088
Whisper - Dataset 3.m4a,whispering,62,0.0027724860701709986,0.01416015625,607.1890588017791,-634.6441040039062,154.6961669921875,42.84678649902344,28.946468353271484,34.67683029174805,35.19291305541992,15.009340286254883,-13.250375747680664,-12.726119041442871,5.396733283996582,11.92156982421875,13.144126892089844,7.914525985717773
Whisper - Dataset 3.m4a,whispering,63,0.002900272374972701,0.0078125,616.0504844586576,-638.7893676757812,156.69351196289062,49.57376480102539,29.23377799987793,34.90221405029297,34.421356201171875,15.875808715820312,-10.084678649902344,-10.568977355957031,2.079756259918213,10.4153413772583,8.635085105895996,0.5208473205566406
Whisper - Dataset 3.m4a,whispering,64,0.0024555290583521128,0.0146484375,591.1752307050126,-642.9436645507812,157.16552734375,53.27037811279297,30.253379821777344,36.130958557128906,35.20191955566406,13.759681701660156,-10.287432670593262,-7.762894630432129,0.17467111349105835,8.479734420776367,5.914714813232422,0.7421774864196777
Whisper - Dataset 3.m4a,whispering,65,0.00223314156755805,0.01611328125,655.1482957620576,-649.0394897460938,153.1434326171875,52.849403381347656,30.249176025390625,36.489158630371094,32.30377197265625,9.833463668823242,-11.813060760498047,-11.97778034210205,2.6453192234039307,12.186914443969727,2.9618160724639893,-1.217286229133606
Whisper - Dataset 3.m4a,whispering,66,0.0022470662370324135,0.015625,705.4306714889772,-653.6661376953125,150.9266357421875,51.9595947265625,32.14733123779297,36.386962890625,29.207412719726562,9.976207733154297,-10.05101203918457,-11.521627426147461,1.5925672054290771,6.766575813293457,-0.41466349363327026,-4.105688095092773
Whisper - Dataset 3.m4a,whispering,67,0.0020090932957828045,0.015625,586.7591116027444,-647.7030029296875,151.56289672851562,52.0972900390625,36.24411392211914,40.849754333496094,29.905941009521484,10.391517639160156,-7.74037504196167,-6.613739013671875,5.6810078620910645,6.608066558837891,4.776963233947754,-0.4506518542766571
Whisper - Dataset 3.m4a,whispering,68,0.002265219110995531,0.00927734375,631.9064062739171,-647.6865844726562,150.09317016601562,47.89265441894531,33.161014556884766,37.87553405761719,30.23711395263672,11.0867919921875,-5.289668083190918,-4.308307647705078,6.372886657714844,9.59243392944336,3.931194305419922,-1.5549627542495728
Whisper - Dataset 3.m4a,whispering,69,0.0029322111513465643,0.00732421875,703.7590520040203,-649.8821411132812,146.16854858398438,41.6164665222168,29.984495162963867,39.92933654785156,30.888416290283203,12.265512466430664,-3.8552656173706055,-6.10872745513916,3.6481871604919434,8.408435821533203,2.4064605236053467,1.5267887115478516
Whisper - Dataset 3.m4a,whispering,70,0.0031580945942550898,0.0078125,559.590558220689,-641.1190795898438,149.91436767578125,40.794517517089844,30.99557876586914,41.371849060058594,34.11967468261719,15.636463165283203,-5.553715705871582,-8.03325080871582,4.667120933532715,10.208089828491211,2.783092737197876,4.666489601135254
Whisper - Dataset 3.m4a,whispering,71,0.003312481800094247,0.00927734375,511.4475568337495,-638.7117309570312,154.33770751953125,44.016048431396484,29.889989852905273,38.872764587402344,38.04155731201172,17.826753616333008,-6.8489837646484375,-4.105899810791016,6.514099597930908,9.185054779052734,4.090230941772461,7.02286434173584
Whisper - Dataset 3.m4a,whispering,72,0.0034075723960995674,0.009765625,575.4048435940596,-640.3306884765625,152.15541076660156,47.390586853027344,31.504154205322266,37.17338562011719,39.541847229003906,20.951452255249023,-8.404563903808594,-3.973968029022217,8.43116569519043,3.8860132694244385,0.43734925985336304,3.098954200744629
Whisper - Dataset 3.m4a,whispering,73,0.003212598618119955,0.00927734375,603.3327118055289,-638.4637451171875,154.6163330078125,48.316410064697266,28.675277709960938,33.40747833251953,36.44761657714844,17.697580337524414,-12.756757736206055,-4.817737579345703,7.804500579833984,2.1697561740875244,1.1765284538269043,5.880152225494385
Whisper - Dataset 3.m4a,whispering,74,0.002904936671257019,0.0126953125,563.5987315306777,-636.754150390625,157.1370086669922,48.926780700683594,28.59349822998047,33.5208740234375,33.354713439941406,14.945945739746094,-10.07419204711914,-1.9322097301483154,6.974801063537598,2.640167713165283,1.4919675588607788,5.243226528167725
Whisper - Dataset 3.m4a,whispering,75,0.0029294381383806467,0.01171875,618.968922348393,-640.3497924804688,151.28305053710938,46.29454803466797,32.03125762939453,34.019248962402344,28.917400360107422,14.196041107177734,-4.028867244720459,-0.7352501749992371,7.308712959289551,1.653602957725525,2.258188247680664,-4.036418914794922
Whisper - Dataset 3.m4a,whispering,76,0.003008782397955656,0.01123046875,682.5296003494061,-640.0764770507812,151.97177124023438,49.32746124267578,34.559574127197266,32.94705581665039,27.575733184814453,10.778945922851562,-5.829690456390381,-3.435814380645752,2.788330554962158,1.5768373012542725,5.47744083404541,-1.4594981670379639
Whisper - Dataset 3.m4a,whispering,77,0.0026587778702378273,0.01171875,618.0441041194243,-634.0350341796875,153.90548706054688,50.914180755615234,38.486873626708984,34.64524841308594,30.422943115234375,10.156373977661133,-14.735631942749023,-8.229593276977539,2.065913438796997,3.4287776947021484,5.935112953186035,4.811521530151367
Whisper - Dataset 3.m4a,whispering,78,0.002516161184757948,0.01025390625,655.6876085425685,-632.3263549804688,155.76182556152344,47.475074768066406,31.383068084716797,32.721229553222656,32.01250076293945,9.581889152526855,-14.61591911315918,-8.461514472961426,1.1425235271453857,8.532505989074707,9.432952880859375,3.9428696632385254
Whisper - Dataset 3.m4a,whispering,79,0.002387414686381817,0.01171875,727.9247467770526,-639.0914916992188,153.31716918945312,44.36211395263672,26.482887268066406,33.72758483886719,33.92809295654297,10.049201965332031,-12.093390464782715,-7.932003021240234,5.14946174621582,11.542110443115234,7.227995872497559,4.071004390716553
Whisper - Dataset 3.m4a,whispering,80,0.0019678801763802767,0.01611328125,750.8320559383479,-640.3799438476562,148.7620849609375,39.94099426269531,24.843544006347656,35.2073974609375,39.9231071472168,14.265642166137695,-13.972967147827148,-9.2315034866333,10.037355422973633,8.686056137084961,1.8766204118728638,3.8042845726013184
Whisper - Dataset 3.m4a,whispering,81,0.002571609802544117,0.015625,702.1554180356597,-638.8876953125,151.83827209472656,43.88174057006836,26.4884033203125,33.83220672607422,40.36975860595703,14.220890045166016,-18.49423599243164,-13.19415283203125,6.60913610458374,7.076277732849121,4.0379638671875,4.892679214477539
Whisper - Dataset 3.m4a,whispering,82,0.0031675337813794613,0.01318359375,597.8031455193805,-633.0654907226562,153.39859008789062,47.52174377441406,32.19744873046875,36.52752685546875,39.77619552612305,13.065353393554688,-17.159912109375,-15.753602981567383,2.0025477409362793,9.006767272949219,11.202844619750977,5.591372966766357
Whisper - Dataset 3.m4a,whispering,83,0.003224900458008051,0.01171875,584.7064814195031,-629.7530517578125,153.78460693359375,45.059383392333984,32.770774841308594,34.94602966308594,33.38496398925781,10.44454574584961,-11.193778991699219,-10.31782341003418,5.131911754608154,9.498085021972656,11.222243309020996,8.371463775634766
Whisper - Dataset 3.m4a,whispering,84,0.003220232669264078,0.00927734375,608.5869740810643,-633.0465087890625,149.39295959472656,41.608009338378906,33.50261306762695,37.32212829589844,30.164825439453125,9.50907039642334,-8.017473220825195,-6.529648780822754,6.6909589767456055,9.267240524291992,10.490535736083984,11.330144882202148
Whisper - Dataset 3.m4a,whispering,85,0.0026295322459191084,0.01220703125,781.6878657192683,-641.9165649414062,144.2318115234375,39.40082931518555,31.514606475830078,42.472511291503906,34.28049087524414,8.181333541870117,-10.128705978393555,-7.789163589477539,0.04085707664489746,4.271054267883301,7.331433296203613,5.831188678741455
Whisper - Dataset 3.m4a,whispering,86,0.0018069057259708643,0.017578125,779.5886960397028,-648.0086059570312,146.2012481689453,45.45789337158203,32.933067321777344,42.848602294921875,35.39640808105469,6.477382659912109,-11.450578689575195,-9.601067543029785,-4.620723724365234,3.9833428859710693,3.5328426361083984,-0.01967523992061615
Whisper - Dataset 3.m4a,whispering,87,0.0019209964666515589,0.01806640625,777.2780758858836,-649.4990844726562,147.67515563964844,46.023597717285156,31.01386260986328,37.02002716064453,31.46861457824707,8.396134376525879,-11.403233528137207,-10.652341842651367,-1.2576310634613037,3.324244499206543,-0.16988234221935272,0.06745421886444092
Whisper - Dataset 3.m4a,whispering,88,0.0025149534922093153,0.01611328125,754.3011688537829,-630.0406494140625,150.32080078125,40.85670471191406,23.90803337097168,25.86334991455078,29.893299102783203,12.139754295349121,-4.304929256439209,-2.5816054344177246,9.979901313781738,4.487663269042969,1.818708062171936,1.3693474531173706
Whisper - Dataset 3.m4a,whispering,89,0.0026959485840052366,0.01318359375,838.3801219493561,-601.6795043945312,145.43637084960938,35.436805725097656,18.479049682617188,20.45844078063965,37.06874465942383,16.043899536132812,-1.045892596244812,0.9583717584609985,15.82973575592041,-2.327430248260498,0.738030195236206,-0.035863351076841354
Whisper - Dataset 3.m4a,whispering,90,0.0031682997941970825,0.0078125,845.6605442682909,-601.6694946289062,148.39341735839844,32.4265022277832,13.383890151977539,14.93399715423584,37.458656311035156,17.045351028442383,-2.4648027420043945,2.6257519721984863,14.873090744018555,-2.578566551208496,0.9966632127761841,-0.2317071408033371
Whisper - Dataset 3.m4a,whispering,91,0.003146473551169038,0.00830078125,730.9761361883396,-613.2564697265625,154.95999145507812,37.97227096557617,15.819426536560059,20.555158615112305,37.17657470703125,16.825153350830078,-4.059265613555908,-2.2307519912719727,6.901864051818848,-1.2642673254013062,1.8850462436676025,5.230350971221924
Whisper - Dataset 3.m4a,whispering,92,0.0028541714418679476,0.01025390625,649.8572280150745,-628.4020385742188,154.75926208496094,42.461971282958984,21.1364688873291,30.84514617919922,39.501548767089844,16.18560028076172,-8.984134674072266,-5.0473408699035645,6.146883964538574,4.6553144454956055,3.924818754196167,5.3918561935424805
Whisper - Dataset 3.m4a,whispering,93,0.002797646913677454,0.01025390625,709.9050620909798,-643.54248046875,150.96311950683594,41.282588958740234,24.88524627685547,37.33763885498047,39.3828125,12.196533203125,-12.060577392578125,-6.923113822937012,3.3351588249206543,9.906042098999023,5.030265808105469,0.8202075958251953
Whisper - Dataset 3.m4a,whispering,94,0.0024127683136612177,0.01318359375,660.1837761642589,-644.4959106445312,152.32870483398438,48.46076202392578,28.55996322631836,36.87854766845703,37.035526275634766,11.550283432006836,-10.956199645996094,-7.435149669647217,5.181020259857178,11.639859199523926,5.43470573425293,2.6681315898895264
Whisper - Dataset 3.m4a,whispering,95,0.002404262078925967,0.01123046875,691.9950117016298,-645.1920166015625,149.36492919921875,46.27769088745117,29.614540100097656,34.81596374511719,36.10560607910156,17.339359283447266,-8.204873085021973,-5.898932456970215,6.755201816558838,5.054521083831787,3.596146583557129,3.576110601425171
Whisper - Dataset 3.m4a,whispering,96,0.0022921343334019184,0.01025390625,678.2371438969575,-641.7059326171875,149.814208984375,43.402610778808594,25.89128875732422,33.433868408203125,34.828887939453125,21.435333251953125,-4.9107584953308105,-5.483033657073975,9.766658782958984,7.926980018615723,5.743801116943359,2.5365610122680664
Whisper - Dataset 3.m4a,whispering,97,0.002262233756482601,0.01025390625,693.4632084001298,-645.216796875,150.03359985351562,41.90385437011719,24.75126075744629,37.240020751953125,32.41214370727539,15.488273620605469,-4.427242279052734,-0.22740352153778076,13.546095848083496,10.949342727661133,5.486298561096191,-0.26061761379241943
Whisper - Dataset 3.m4a,whispering,98,0.002488755853846669,0.01220703125,709.5529889661778,-651.2448120117188,147.14447021484375,39.77678298950195,23.505962371826172,41.83605194091797,34.896812438964844,11.005887985229492,-7.209652900695801,0.17344927787780762,7.804969310760498,5.169934272766113,2.8450865745544434,0.8378069996833801
Whisper - Dataset 3.m4a,whispering,99,0.002889716997742653,0.01123046875,708.4706859056671,-648.1465454101562,142.7321319580078,37.997283935546875,24.88650894165039,42.83287048339844,42.302818298339844,16.475074768066406,-9.736793518066406,-3.433061122894287,6.649167060852051,4.984487533569336,3.3649513721466064,2.121004581451416
Whisper - Dataset 3.m4a,whispering,100,0.0032456887420266867,0.0107421875,614.372062158774,-644.3516235351562,143.24365234375,37.092529296875,28.816165924072266,45.04084777832031,42.541404724121094,17.10642433166504,-8.79605484008789,-1.6709868907928467,9.191524505615234,7.636375904083252,8.980291366577148,5.592046737670898
Whisper - Dataset 3.m4a,whispering,101,0.00352487713098526,0.01318359375,571.5048645759505,-637.9217529296875,151.77256774902344,42.99281311035156,27.98371124267578,42.81281280517578,36.63819885253906,13.883504867553711,-8.130165100097656,0.34888124465942383,10.388507843017578,11.857434272766113,8.531311988830566,0.2630354166030884
Whisper - Dataset 3.m4a,whispering,102,0.004600298125296831,0.01025390625,544.9543502973419,-631.0921630859375,155.25665283203125,44.60968017578125,29.601634979248047,39.049530029296875,35.53823471069336,16.040302276611328,-5.784839153289795,-3.53993558883667,9.628915786743164,13.072927474975586,6.905736446380615,-1.5171974897384644
Whisper - Dataset 3.m4a,whispering,103,0.008163318037986755,0.01171875,557.0968901784422,-593.6209716796875,164.0819091796875,46.25996398925781,26.65212631225586,33.65995407104492,35.239410400390625,9.474565505981445,-8.254926681518555,0.1426314115524292,14.702058792114258,8.756561279296875,11.331743240356445,-2.5952627658843994
Whisper - Dataset 3.m4a,whispering,104,0.011071150191128254,0.01318359375,638.3683356990093,-523.4421997070312,165.4427490234375,35.800804138183594,24.446271896362305,26.03050994873047,26.034603118896484,7.791319847106934,-4.333418369293213,-2.2280383110046387,16.530075073242188,0.8599988222122192,18.44072151184082,-9.138142585754395
Whisper - Dataset 3.m4a,whispering,105,0.01190638355910778,0.013671875,715.4853151394125,-479.335693359375,163.03619384765625,23.186805725097656,28.451885223388672,24.31121063232422,19.08612823486328,8.894003868103027,-5.676900863647461,-7.4247026443481445,21.72053337097168,-2.416167974472046,22.959999084472656,-12.929540634155273
Whisper - Dataset 3.m4a,whispering,106,0.011662700213491917,0.01611328125,754.6696671679072,-472.30865478515625,160.7035675048828,20.88530731201172,36.385536193847656,33.63161849975586,15.151265144348145,3.4250991344451904,-14.070971488952637,-10.977433204650879,23.745479583740234,-5.582327365875244,24.81497573852539,-8.87781810760498
Whisper - Dataset 3.m4a,whispering,107,0.009420552290976048,0.02001953125,790.6249967470873,-499.3876953125,162.62657165527344,22.53536605834961,32.02372741699219,31.810535430908203,17.472190856933594,2.916975498199463,-17.094615936279297,-9.59877872467041,21.44479751586914,-3.581531047821045,23.471431732177734,-4.951236724853516
Whisper - Dataset 3.m4a,whispering,108,0.0056110555306077,0.02587890625,785.9089228567207,-540.1253662109375,163.62966918945312,22.754121780395508,25.8305606842041,29.367450714111328,27.182498931884766,6.880667686462402,-13.38034725189209,-2.2887966632843018,15.060266494750977,-4.577465057373047,17.594451904296875,-1.9136056900024414
Whisper - Dataset 3.m4a,whispering,109,0.007536193821579218,0.02783203125,998.8355395098322,-533.3121948242188,159.52430725097656,6.307950973510742,15.691726684570312,28.68808937072754,28.690128326416016,11.7014741897583,-10.651318550109863,-0.4791508913040161,12.262407302856445,-3.820995807647705,22.452972412109375,8.302143096923828
Whisper - Dataset 3.m4a,whispering,110,0.011402435600757599,0.0302734375,666.0673169429972,-466.871826171875,193.08543395996094,22.3905029296875,22.42837905883789,22.4583683013916,22.133943557739258,17.262996673583984,-23.052087783813477,-6.135649681091309,7.689842224121094,-14.577569961547852,15.21240234375,7.9521660804748535
Whisper - Dataset 3.m4a,whispering,111,0.012105913832783699,0.03125,700.6653445745401,-425.0299377441406,197.45509338378906,19.33273696899414,24.940542221069336,19.208351135253906,16.046646118164062,16.679584503173828,-31.331497192382812,-3.0845022201538086,10.651458740234375,-19.67170524597168,13.452792167663574,7.487029075622559
Whisper - Dataset 3.m4a,whispering,112,0.01313200406730175,0.03173828125,775.2780998770157,-440.8398132324219,189.10275268554688,15.150965690612793,25.844297409057617,20.572933197021484,12.910438537597656,14.47220516204834,-33.79844665527344,0.36708205938339233,12.881807327270508,-20.150178909301758,11.998924255371094,6.426096439361572
Whisper - Dataset 3.m4a,whispering,113,0.012750023044645786,0.0361328125,875.3631527989858,-467.08978271484375,171.56591796875,8.965527534484863,42.15011215209961,30.588539123535156,12.743186950683594,7.039080619812012,-27.32288932800293,10.558035850524902,8.707496643066406,-26.98756980895996,16.111141204833984,7.735557556152344
Whisper - Dataset 3.m4a,whispering,114,0.009510749019682407,0.0361328125,998.5284330266985,-450.1607971191406,142.75265502929688,7.434788227081299,74.59829711914062,34.61506652832031,7.58963680267334,1.3361315727233887,-12.514286041259766,-0.2719988226890564,-0.8196333646774292,-27.614723205566406,20.365602493286133,2.1740529537200928
Whisper - Dataset 3.m4a,whispering,115,0.008558756671845913,0.0380859375,1129.7619173636076,-452.2945556640625,120.91244506835938,20.10782241821289,81.92481994628906,28.59755516052246,12.348336219787598,-1.9262986183166504,-5.819812774658203,-2.1191062927246094,-2.4771742820739746,-23.984085083007812,10.207023620605469,-4.460422992706299
Whisper - Dataset 3.m4a,whispering,116,0.007023232523351908,0.0751953125,2368.0679717938688,-475.793212890625,65.5720443725586,51.71678161621094,66.74275970458984,21.70787811279297,32.08320236206055,-4.827863693237305,-8.330617904663086,2.818516731262207,-4.635786056518555,-9.45627212524414,1.8088510036468506,-14.35897445678711
Whisper - Dataset 3.m4a,whispering,117,0.010069752112030983,0.0830078125,3779.715685998749,-433.0202941894531,27.36054229736328,51.530914306640625,70.3858413696289,18.70113182067871,33.451904296875,-11.545799255371094,-22.095624923706055,-10.556249618530273,-3.0488243103027344,2.027434825897217,10.756624221801758,-10.674670219421387
Whisper - Dataset 3.m4a,whispering,118,0.016954505816102028,0.08349609375,1813.3534808479067,-363.9660339355469,89.405517578125,35.99418258666992,62.728668212890625,22.890268325805664,24.169076919555664,-19.62256622314453,-24.25154685974121,-16.409025192260742,0.2619476020336151,-2.0649077892303467,-0.17114520072937012,-21.726722717285156
Whisper - Dataset 3.m4a,whispering,119,0.019979096949100494,0.0810546875,1029.1500126471828,-342.4188232421875,142.42367553710938,10.23167896270752,45.775394439697266,23.277509689331055,21.016761779785156,-10.421804428100586,-16.468257904052734,-29.029298782348633,-0.8746680021286011,-13.301490783691406,0.832097053527832,-12.246822357177734
Whisper - Dataset 3.m4a,whispering,120,0.021144310012459755,0.0419921875,928.5886205830203,-356.0848693847656,161.00592041015625,8.614818572998047,23.97554588317871,10.059306144714355,22.13660430908203,4.024064540863037,3.6951704025268555,-22.891437530517578,-10.176140785217285,-17.857757568359375,-1.6464951038360596,4.018064498901367
Whisper - Dataset 3.m4a,whispering,121,0.01950143091380596,0.02783203125,747.8243369981025,-402.3370056152344,180.7398681640625,29.337465286254883,22.245296478271484,-3.0883901119232178,15.302637100219727,7.37028694152832,19.34756088256836,-11.20911979675293,-11.096721649169922,-22.30792999267578,-5.848442554473877,10.825616836547852
Whisper - Dataset 3.m4a,whispering,122,0.014204761944711208,0.0244140625,630.2940393704451,-462.19482421875,187.84530639648438,36.50803756713867,22.903778076171875,-0.9101411700248718,21.991451263427734,14.004201889038086,11.742956161499023,-7.139312744140625,-4.862372398376465,-15.581864356994629,-7.261921405792236,5.9490766525268555
Whisper - Dataset 3.m4a,whispering,123,0.011246558278799057,0.0224609375,583.5317331633657,-517.8482666015625,180.8470458984375,41.029266357421875,22.25235366821289,15.24262809753418,31.413341522216797,14.816051483154297,3.168985366821289,-8.500605583190918,-1.2550795078277588,-1.6087567806243896,0.8703864216804504,5.7313127517700195
Whisper - Dataset 3.m4a,whispering,124,0.013178371824324131,0.02001953125,598.3541595417653,-487.9532165527344,189.00924682617188,48.73233413696289,15.93333625793457,18.318965911865234,28.004995346069336,-2.882251262664795,3.819279670715332,-11.690047264099121,-3.3449277877807617,-5.52338981628418,2.870940685272217,2.2850236892700195
Whisper - Dataset 3.m4a,whispering,125,0.015632178634405136,0.0205078125,778.9898567459556,-433.2680969238281,171.04066467285156,49.70140075683594,8.408451080322266,19.658584594726562,28.07760238647461,-2.613607883453369,-2.69891619682312,-15.466650009155273,5.518436431884766,-15.627819061279297,3.447399616241455,-2.436185836791992
Whisper - Dataset 3.m4a,whispering,126,0.01712753064930439,0.0185546875,962.2617031345953,-427.669677734375,146.7736053466797,48.948612213134766,11.747810363769531,22.739437103271484,33.54520797729492,-0.44648081064224243,-7.894169330596924,-10.638212203979492,16.075428009033203,-18.948528289794922,4.621891975402832,-3.627135753631592
Whisper - Dataset 3.m4a,whispering,127,0.016604889184236526,0.0205078125,882.4455426164641,-458.0135192871094,145.95870971679688,42.663909912109375,19.513031005859375,22.966758728027344,40.663761138916016,-1.2667951583862305,-6.955071926116943,-5.05183219909668,17.311668395996094,-18.503162384033203,8.446935653686523,1.3936570882797241
Whisper - Dataset 3.m4a,whispering,128,0.013914713636040688,0.02001953125,817.2376907608559,-486.4922180175781,150.30007934570312,40.77320861816406,22.423110961914062,20.942424774169922,40.55497741699219,0.17194925248622894,-0.9688124656677246,0.770431399345398,12.265066146850586,-21.10633659362793,7.6211137771606445,5.587311744689941
Whisper - Dataset 3.m4a,whispering,129,0.011465568095445633,0.02197265625,831.9109172786413,-503.1669006347656,153.57742309570312,44.147125244140625,14.357528686523438,23.499935150146484,38.247215270996094,0.36185890436172485,-1.3815205097198486,-5.418395042419434,13.831936836242676,-20.2891788482666,8.288818359375,8.13428783416748
Whisper - Dataset 3.m4a,whispering,130,0.010168474167585373,0.0234375,923.4040716579401,-492.4997863769531,150.98318481445312,54.35109329223633,11.269807815551758,31.31414794921875,31.52060317993164,-2.0664753913879395,-5.599698066711426,-19.73520278930664,13.82338809967041,-18.564983367919922,7.246026039123535,5.709777355194092
Whisper - Dataset 3.m4a,whispering,131,0.010508265346288681,0.021484375,1076.2723784068833,-471.19647216796875,140.42373657226562,52.74055099487305,13.170110702514648,32.82826614379883,22.53160285949707,-11.213537216186523,-9.27720832824707,-21.192834854125977,23.21311378479004,-13.22736930847168,9.418066024780273,-4.389606475830078
Whisper - Dataset 3.m4a,whispering,132,0.0114229004830122,0.01904296875,1144.2967419438132,-460.7845153808594,136.8314208984375,45.11097717285156,19.851215362548828,36.22256851196289,21.088468551635742,-12.27255630493164,-4.211965084075928,-7.587250709533691,25.269989013671875,-17.55691909790039,7.605788230895996,-7.940644264221191
Whisper - Dataset 3.m4a,whispering,133,0.010249006561934948,0.015625,1013.2374394529783,-477.3102722167969,133.36199951171875,38.85283660888672,32.16632843017578,36.63212585449219,24.51420021057129,-7.476401329040527,1.921569585800171,6.221202373504639,21.538345336914062,-18.199363708496094,14.16429328918457,-5.720733165740967
Whisper - Dataset 3.m4a,whispering,134,0.008710975758731365,0.01416015625,960.5288511828535,-505.6515197753906,135.05218505859375,31.987808227539062,43.20500946044922,30.332935333251953,19.365047454833984,-6.979113578796387,2.5346784591674805,15.541685104370117,21.6961669921875,-15.062948226928711,17.250160217285156,-1.7009689807891846
Whisper - Dataset 3.m4a,whispering,135,0.007112625986337662,0.01318359375,957.3888508511188,-538.371337890625,140.87319946289062,28.468284606933594,46.816062927246094,25.81401252746582,14.91427993774414,-6.699033737182617,-1.4214699268341064,15.184032440185547,17.637666702270508,-10.320764541625977,17.059627532958984,1.637762427330017
Whisper - Dataset 3.m4a,whispering,136,0.0038602903950959444,0.0146484375,835.7837325234821,-563.4464721679688,142.64759826660156,28.248092651367188,46.62788772583008,32.37606430053711,20.477760314941406,-2.632279396057129,-4.428961277008057,13.449386596679688,13.175500869750977,-10.15321159362793,14.541826248168945,3.026332378387451
Whisper - Dataset 3.m4a,whispering,137,0.0030547811184078455,0.01708984375,851.0846286563417,-593.874755859375,143.89559936523438,32.510372161865234,45.23097229003906,33.07008743286133,23.617198944091797,-0.4216573238372803,-11.615930557250977,9.061659812927246,10.66107177734375,-12.729454040527344,7.06226110458374,-0.29520294070243835
Whisper - Dataset 3.m4a,whispering,138,0.002371417358517647,0.01708984375,820.2177373140942,-620.1380004882812,147.9493408203125,37.49315643310547,36.99620056152344,29.815319061279297,24.0269832611084,2.727370262145996,-12.243242263793945,7.973562240600586,11.432265281677246,-7.980861663818359,3.295095920562744,4.715274810791016
Whisper - Dataset 3.m4a,whispering,139,0.002582630142569542,0.0166015625,721.8014998339045,-636.6856689453125,146.0310516357422,44.41964340209961,35.2213134765625,33.510528564453125,29.99435043334961,3.419971466064453,-13.889058113098145,6.413216590881348,15.28973388671875,3.70097017288208,5.954692840576172,6.4965362548828125
Whisper - Dataset 3.m4a,whispering,140,0.0024868077598512173,0.013671875,574.0624081704216,-634.7267456054688,151.3660888671875,40.756927490234375,28.87969970703125,38.85097885131836,38.35619354248047,13.2306547164917,-5.5696916580200195,4.584797382354736,15.43242073059082,7.88641357421875,5.371650218963623,5.1313629150390625
Whisper - Dataset 3.m4a,whispering,141,0.002989318687468767,0.009765625,629.1194006565813,-640.9203491210938,147.7259063720703,38.893524169921875,26.41078758239746,40.47419357299805,41.53585433959961,17.68800163269043,-4.013238906860352,2.4595437049865723,11.91316032409668,5.439544677734375,3.6200833320617676,3.119866371154785
Whisper - Dataset 3.m4a,whispering,142,0.0031041926704347134,0.00830078125,678.1838616455427,-647.3685913085938,141.32992553710938,41.940982818603516,32.0861701965332,44.8114013671875,35.039981842041016,13.753396034240723,-7.943608283996582,-0.4603108763694763,9.65332317352295,7.874855041503906,5.869791507720947,0.35398221015930176
Whisper - Dataset 3.m4a,whispering,143,0.002939047524705529,0.00634765625,613.1455380735453,-642.3062133789062,145.23208618164062,42.084251403808594,32.62091827392578,44.584449768066406,35.323150634765625,15.317534446716309,-7.503650665283203,-4.723483085632324,9.307717323303223,7.695008277893066,5.2433247566223145,2.11519455909729
Whisper - Dataset 3.m4a,whispering,144,0.002982757054269314,0.0078125,659.2226190481024,-648.9073486328125,139.25814819335938,38.304168701171875,30.447650909423828,42.898277282714844,42.31774139404297,18.312732696533203,-9.309738159179688,-7.5151472091674805,3.367842197418213,5.553735256195068,10.370423316955566,6.076230049133301
Whisper - Dataset 3.m4a,whispering,145,0.0026631890796124935,0.00830078125,682.0397889577712,-651.8948974609375,138.82003784179688,35.97489929199219,26.665664672851562,42.17540740966797,43.360137939453125,23.188325881958008,-6.605876445770264,-3.9929280281066895,3.15887451171875,9.629217147827148,11.516462326049805,4.4287824630737305
Whisper - Dataset 3.m4a,whispering,146,0.002350390423089266,0.01025390625,679.6944291232312,-649.77685546875,145.28884887695312,40.94566345214844,24.183860778808594,35.19740295410156,36.50141906738281,22.436723709106445,-1.547029972076416,-0.5078858733177185,10.717765808105469,11.440597534179688,2.2339916229248047,-4.130547523498535
Whisper - Dataset 3.m4a,whispering,147,0.0022434366401284933,0.01025390625,697.834055830514,-652.7322998046875,143.30491638183594,39.66765594482422,27.536312103271484,38.43075180053711,37.69068908691406,21.89181137084961,-3.08919620513916,-0.20186829566955566,11.501581192016602,9.58765983581543,0.4739123582839966,-6.692597389221191
Whisper - Dataset 3.m4a,whispering,148,0.002823972376063466,0.00927734375,720.3543068616009,-653.1427001953125,141.4241943359375,34.542259216308594,22.908370971679688,42.01447296142578,42.461639404296875,20.801897048950195,-4.1219353675842285,-2.164215564727783,10.07383918762207,8.738191604614258,5.355090141296387,-1.0465196371078491
Whisper - Dataset 3.m4a,whispering,149,0.003203496104106307,0.00830078125,588.3059475803813,-647.9454345703125,147.13348388671875,37.651119232177734,21.73714828491211,41.73754119873047,42.872100830078125,21.638561248779297,-1.5193378925323486,-0.3593006730079651,13.58444881439209,8.757301330566406,5.366067886352539,1.8873310089111328
Whisper - Dataset 3.m4a,whispering,150,0.003780195489525795,0.0068359375,578.1739705700859,-646.9711303710938,144.33346557617188,34.53533172607422,23.891355514526367,44.66605758666992,43.6080322265625,23.737010955810547,1.1916887760162354,4.282932758331299,13.247170448303223,7.605929374694824,3.1916980743408203,-0.34871143102645874
Whisper - Dataset 3.m4a,whispering,151,0.0042463503777980804,0.00634765625,515.2289580120342,-644.572509765625,140.5196075439453,36.54782485961914,35.12614440917969,49.34083557128906,45.245880126953125,24.399028778076172,-0.837201714515686,5.136163711547852,18.387489318847656,11.002887725830078,4.1216607093811035,-6.137885093688965
Whisper - Dataset 3.m4a,whispering,152,0.004140084609389305,0.00634765625,478.89059843727864,-639.7876586914062,147.53407287597656,41.06421661376953,36.487945556640625,49.63258361816406,45.569984436035156,20.18988037109375,-8.305679321289062,0.7881223559379578,18.725173950195312,16.195110321044922,5.459095478057861,-3.895174503326416
Whisper - Dataset 3.m4a,whispering,153,0.0041960543021559715,0.005859375,586.6087275619032,-641.607177734375,149.00439453125,44.607547760009766,31.60101890563965,44.861976623535156,44.49440002441406,15.146406173706055,-13.794289588928223,-6.711642742156982,14.452774047851562,13.906830787658691,3.835404634475708,-0.9369642734527588
Whisper - Dataset 3.m4a,whispering,154,0.0038823322393000126,0.00634765625,570.3082773095488,-636.4009399414062,152.94264221191406,45.59302520751953,31.073503494262695,36.13729476928711,36.243934631347656,13.459129333496094,-11.115846633911133,-3.2744932174682617,14.521469116210938,12.692075729370117,2.798656463623047,-2.696146249771118
Whisper - Dataset 3.m4a,whispering,155,0.0036650989204645157,0.00634765625,570.7476027747376,-635.4288330078125,154.43780517578125,44.61141586303711,26.703330993652344,35.70848083496094,34.568641662597656,14.826658248901367,-8.589051246643066,0.9596632122993469,15.205667495727539,10.107137680053711,2.681328058242798,-1.8456542491912842
Whisper - Dataset 3.m4a,whispering,156,0.003769138129428029,0.00634765625,612.1006296739896,-637.4785766601562,152.45632934570312,42.183799743652344,24.570796966552734,36.239356994628906,38.04901885986328,17.960941314697266,-9.954639434814453,0.608354926109314,16.19454574584961,8.231513977050781,5.397882461547852,0.9057895541191101
Whisper - Dataset 3.m4a,whispering,157,0.0035289637744426727,0.00732421875,610.475730717692,-637.6644897460938,149.6636505126953,39.52271270751953,24.817575454711914,39.600242614746094,41.89929962158203,15.960444450378418,-11.465907096862793,-1.9960331916809082,14.317480087280273,16.981735229492188,11.141805648803711,-0.4852089285850525
Whisper - Dataset 3.m4a,whispering,158,0.0035290878731757402,0.00634765625,604.9932383969715,-639.5752563476562,148.24209594726562,41.417076110839844,31.624101638793945,43.78540802001953,40.60114669799805,14.664366722106934,-10.863166809082031,-3.5980052947998047,13.422967910766602,16.465354919433594,9.904022216796875,-1.9913126230239868
Whisper - Dataset 3.m4a,whispering,159,0.004110413603484631,0.00634765625,622.6456315830624,-643.0864868164062,146.85379028320312,46.51178741455078,34.84040832519531,43.42253875732422,37.2772216796875,16.852825164794922,-9.41745662689209,-3.8535594940185547,14.887628555297852,15.959747314453125,6.0667901039123535,-2.353644847869873
Whisper - Dataset 3.m4a,whispering,160,0.004218418151140213,0.00537109375,558.2971698211729,-634.6592407226562,148.3880615234375,46.490692138671875,31.828895568847656,40.19617462158203,37.794246673583984,21.511348724365234,-6.345953941345215,0.5282560586929321,17.829124450683594,13.580326080322266,3.474492073059082,-1.3691432476043701
Whisper - Dataset 3.m4a,whispering,161,0.0042440867982804775,0.00439453125,499.999601651035,-631.4742431640625,148.6544647216797,45.96282196044922,31.321975708007812,41.195716857910156,43.323516845703125,21.731800079345703,-4.772982120513916,0.3848103880882263,16.881038665771484,7.857381820678711,4.677890777587891,-2.215266704559326
Whisper - Dataset 3.m4a,whispering,162,0.004276095423847437,0.00439453125,580.4633956258074,-632.2999877929688,153.8877410888672,40.04328918457031,24.678607940673828,45.146644592285156,44.50688552856445,18.39356231689453,-9.564186096191406,-3.365375518798828,16.064590454101562,8.23635482788086,5.196132659912109,-6.566485404968262
Whisper - Dataset 3.m4a,whispering,163,0.003438409650698304,0.00634765625,671.6728086965289,-620.8208618164062,154.6073760986328,21.04534912109375,17.35561180114746,49.48015213012695,44.7516975402832,15.507915496826172,-9.569101333618164,-3.6213090419769287,13.199777603149414,8.786286354064941,10.613717079162598,5.017485618591309
Whisper - Dataset 3.m4a,whispering,164,0.003051667008548975,0.0068359375,755.000921728222,-620.19091796875,153.55972290039062,16.37969398498535,15.035859107971191,45.060386657714844,41.939056396484375,12.703752517700195,-11.473845481872559,-4.833133220672607,10.286538124084473,8.422859191894531,11.731363296508789,12.017366409301758
Whisper - Dataset 3.m4a,whispering,165,0.00287618488073349,0.00830078125,720.9254615023427,-625.7561645507812,153.42123413085938,27.61471176147461,18.367965698242188,38.4897346496582,41.504783630371094,13.957847595214844,-12.326848983764648,-5.779078483581543,10.254836082458496,13.101266860961914,10.989624977111816,8.227466583251953
Whisper - Dataset 3.m4a,whispering,166,0.002711139852181077,0.01123046875,708.7415101372444,-635.5947265625,151.26223754882812,31.972042083740234,22.452564239501953,38.73554992675781,38.210044860839844,13.143078804016113,-12.564188003540039,-4.602069854736328,11.890016555786133,15.595857620239258,9.68193244934082,4.5789103507995605
Whisper - Dataset 3.m4a,whispering,167,0.0026976028457283974,0.01220703125,660.5503715373725,-635.3536376953125,152.1085205078125,34.363922119140625,27.40294075012207,41.82780075073242,36.44664001464844,9.974157333374023,-14.06357192993164,-3.4981772899627686,13.916853904724121,15.139381408691406,4.542569160461426,2.251929521560669
Whisper - Dataset 3.m4a,whispering,168,0.0026680128648877144,0.01611328125,710.4161909894578,-632.0737915039062,152.78404235839844,34.656898498535156,27.78277587890625,41.124237060546875,38.939422607421875,9.806917190551758,-15.142230987548828,-4.855074405670166,13.289109230041504,10.1264009475708,-0.2981576919555664,3.107388973236084
Whisper - Dataset 3.m4a,whispering,169,0.0027031460776925087,0.01416015625,655.7380323953616,-624.59619140625,155.82168579101562,32.557167053222656,29.489059448242188,41.63792419433594,38.478485107421875,9.500885009765625,-17.418888092041016,-3.6210336685180664,12.864296913146973,9.289125442504883,2.118439197540283,5.3904008865356445
Whisper - Dataset 3.m4a,whispering,170,0.003031514585018158,0.01123046875,668.2645535443737,-625.4893188476562,151.2404327392578,31.484851837158203,33.333160400390625,43.29241943359375,36.045719146728516,3.916858196258545,-20.356307983398438,-2.314018964767456,14.962244033813477,9.928352355957031,9.177324295043945,9.301979064941406
Whisper - Dataset 3.m4a,whispering,171,0.0032473348546773195,0.009765625,696.6132004190983,-624.1460571289062,149.1244354248047,24.71685791015625,25.19588851928711,39.85847473144531,35.07155227661133,2.2460427284240723,-17.801448822021484,2.9252047538757324,18.793453216552734,10.960846900939941,13.693251609802246,15.739177703857422
Whisper - Dataset 3.m4a,whispering,172,0.0031619123183190823,0.00830078125,682.5296622775642,-625.1939086914062,147.03878784179688,24.45831298828125,23.626953125,42.810489654541016,40.98826599121094,5.635733604431152,-16.74485206604004,1.9428222179412842,18.384075164794922,9.39651870727539,8.909912109375,14.91171646118164
Whisper - Dataset 3.m4a,whispering,173,0.0036742661613970995,0.00830078125,662.9896151655928,-631.8023071289062,148.7454071044922,30.69088363647461,23.724201202392578,41.958091735839844,41.471778869628906,8.487100601196289,-16.649925231933594,1.2339091300964355,19.306325912475586,12.86902141571045,7.611297130584717,10.173518180847168
Whisper - Dataset 3.m4a,whispering,174,0.003442363813519478,0.00927734375,597.978727667582,-631.9011840820312,151.4813232421875,34.430519104003906,27.803882598876953,45.51459884643555,35.823055267333984,5.91409969329834,-15.905142784118652,2.1475207805633545,17.026151657104492,11.401749610900879,6.310510635375977,9.148308753967285
Whisper - Dataset 3.m4a,whispering,175,0.0032381427008658648,0.0107421875,595.4364451747239,-629.1876220703125,154.548095703125,38.185585021972656,26.648433685302734,42.604583740234375,30.995189666748047,0.7646560072898865,-13.58878231048584,4.923412322998047,17.38802719116211,9.281498908996582,6.608806610107422,8.19650650024414
Whisper - Dataset 3.m4a,whispering,176,0.0032520845998078585,0.00830078125,664.6266891615363,-628.7508544921875,158.0605926513672,42.06005859375,28.331649780273438,34.155147552490234,28.176319122314453,0.5939414501190186,-15.213722229003906,4.520259857177734,15.459508895874023,4.654104232788086,1.5290071964263916,6.127387046813965
Whisper - Dataset 3.m4a,whispering,177,0.0026245336048305035,0.00830078125,706.0269377585311,-628.193115234375,153.58493041992188,37.146236419677734,31.223108291625977,33.974246978759766,27.290203094482422,3.5811398029327393,-16.74371910095215,-0.2692687511444092,12.332624435424805,3.2335448265075684,3.7347378730773926,5.086678504943848
Whisper - Dataset 3.m4a,whispering,178,0.0025254646316170692,0.0078125,742.1865771200323,-625.0827026367188,143.61184692382812,30.859371185302734,38.79258728027344,44.684669494628906,35.400238037109375,4.666208267211914,-11.403657913208008,0.3127286434173584,13.435118675231934,3.6921308040618896,4.677075386047363,5.530642986297607
Whisper - Dataset 3.m4a,whispering,179,0.0024302699603140354,0.0087890625,757.341866268187,-615.3286743164062,142.97702026367188,24.123733520507812,38.08512878417969,45.385780334472656,35.59376525878906,2.2741682529449463,-8.042076110839844,1.0861220359802246,7.167634963989258,2.3655507564544678,8.537796974182129,12.793499946594238
Whisper - Dataset 3.m4a,whispering,180,0.0025114077143371105,0.00927734375,766.9395687396056,-616.2667846679688,143.92550659179688,20.480865478515625,33.847572326660156,42.67487335205078,32.221153259277344,3.3044238090515137,-7.251970291137695,3.780794143676758,11.081611633300781,6.725034713745117,12.95470142364502,17.303325653076172
Whisper - Dataset 3.m4a,whispering,181,0.002743824850767851,0.00927734375,715.7353539069334,-621.6873168945312,147.6074676513672,21.748523712158203,33.12974548339844,47.17167663574219,32.89594650268555,4.469819068908691,-7.515990734100342,2.135117769241333,11.817841529846191,10.563514709472656,12.407638549804688,13.620837211608887
Whisper - Dataset 3.m4a,whispering,182,0.0026062075048685074,0.01220703125,633.3701258137766,-620.7938842773438,150.33726501464844,28.350032806396484,33.51932907104492,44.02811813354492,32.45667266845703,5.466949462890625,-3.626774787902832,3.261463165283203,8.890178680419922,13.140698432922363,13.21859359741211,13.142329216003418
Whisper - Dataset 3.m4a,whispering,183,0.0026679188013076782,0.01025390625,710.750685863202,-630.1478881835938,148.43978881835938,30.278125762939453,28.859464645385742,41.03168487548828,30.294700622558594,5.793566703796387,-3.757448434829712,2.253476619720459,10.297679901123047,15.973271369934082,11.776219367980957,7.282332897186279
Whisper - Dataset 3.m4a,whispering,184,0.0024070008657872677,0.01318359375,789.5905292361426,-642.3132934570312,140.50103759765625,30.277786254882812,27.04153823852539,39.88433074951172,33.87173080444336,13.255265235900879,-3.8085222244262695,0.13242977857589722,13.77206802368164,16.28845977783203,12.01336669921875,2.240410327911377
Whisper - Dataset 3.m4a,whispering,185,0.001838176161982119,0.01513671875,774.6500774999306,-650.5133056640625,134.8272705078125,30.085113525390625,25.48834991455078,35.08700942993164,35.45043182373047,22.246034622192383,-0.7969015836715698,-0.10671865940093994,14.54037094116211,12.078837394714355,11.84080982208252,3.0406951904296875
Whisper - Dataset 3.m4a,whispering,186,0.001758818281814456,0.01513671875,870.1850108934984,-656.0062866210938,135.20065307617188,28.65230941772461,19.52194595336914,33.695228576660156,34.79448699951172,17.184688568115234,-2.7238962650299072,2.661471366882324,15.057374954223633,12.109562873840332,7.185728073120117,1.481855034828186
Whisper - Dataset 3.m4a,whispering,187,0.0014769812114536762,0.01708984375,835.9089155283464,-651.7630615234375,140.1652069091797,30.584613800048828,21.307796478271484,34.55839538574219,33.38389587402344,14.449576377868652,-8.09780502319336,0.11242148280143738,15.766413688659668,13.055465698242188,7.005712509155273,0.47741103172302246
Whisper - Dataset 3.m4a,whispering,188,0.001385512761771679,0.02001953125,880.8666328690535,-655.7177734375,138.6038818359375,33.583648681640625,24.344947814941406,35.738800048828125,31.4384708404541,12.680513381958008,-9.43286418914795,-2.85091495513916,14.718700408935547,13.336050033569336,5.951572895050049,-1.312545895576477
Whisper - Dataset 3.m4a,whispering,189,0.0014393293531611562,0.021484375,866.6338595738439,-660.343017578125,137.82537841796875,36.71907043457031,25.80792808532715,37.80125045776367,33.095603942871094,16.494064331054688,-5.454793930053711,-3.586850166320801,12.6920166015625,11.921515464782715,-1.7192859649658203,-6.355515003204346
Whisper - Dataset 3.m4a,whispering,190,0.0016038273461163044,0.01806640625,908.9556623566021,-645.6629028320312,142.06442260742188,30.86467933654785,21.760826110839844,41.19245529174805,30.882709503173828,15.1227388381958,-3.9715559482574463,-6.812947750091553,7.3756866455078125,7.428915023803711,-2.4600143432617188,-5.173300743103027
Whisper - Dataset 3.m4a,whispering,191,0.0017931039910763502,0.01416015625,1116.720487427576,-618.8345336914062,128.74642944335938,35.924705505371094,24.776844024658203,31.416269302368164,42.14869689941406,8.1812162399292,-6.432409763336182,1.3720811605453491,-3.3090410232543945,13.821268081665039,4.438702583312988,-8.778131484985352
Whisper - Dataset 3.m4a,whispering,192,0.001843189587816596,0.00927734375,1435.1321820559567,-610.9677124023438,114.61903381347656,47.060203552246094,29.55377197265625,22.192991256713867,48.03142547607422,1.9826465845108032,-8.856344223022461,1.524667501449585,-3.650242805480957,11.683797836303711,7.967307090759277,-7.530076026916504
Whisper - Dataset 3.m4a,whispering,193,0.00272047845646739,0.00830078125,1180.0948300292202,-621.823486328125,123.0509033203125,49.80084228515625,27.030481338500977,24.148380279541016,44.51342010498047,2.4549856185913086,-10.619119644165039,0.7946417331695557,-0.48554882407188416,13.348491668701172,8.43316650390625,-2.4385147094726562
Whisper - Dataset 3.m4a,whispering,194,0.0043000164441764355,0.01318359375,676.0721394100726,-618.908203125,149.62820434570312,54.32854461669922,28.76854705810547,29.73895263671875,42.691566467285156,10.915861129760742,-6.663694381713867,-2.721526861190796,7.117671489715576,10.668603897094727,2.048503875732422,-2.6872243881225586
Whisper - Dataset 3.m4a,whispering,195,0.005759992636740208,0.017578125,479.6911399549084,-583.7764282226562,179.10736083984375,60.628990173339844,27.68189811706543,22.119163513183594,30.253250122070312,7.254668235778809,-1.3879218101501465,-2.7231767177581787,14.157886505126953,7.496525287628174,-4.686203956604004,-6.166111946105957
Whisper - Dataset 3.m4a,whispering,196,0.007497421000152826,0.02001953125,530.9658136142209,-553.1017456054688,190.5701904296875,51.833831787109375,25.013240814208984,17.763763427734375,17.398527145385742,-0.27583685517311096,5.264349460601807,-3.322498321533203,16.989315032958984,7.437768459320068,-3.4029619693756104,-4.390986919403076
Whisper - Dataset 3.m4a,whispering,197,0.008871827274560928,0.02099609375,567.3626713097422,-532.3162841796875,188.17501831054688,44.292015075683594,29.11433219909668,23.80147933959961,9.505826950073242,-8.119585037231445,14.660266876220703,-0.7858706712722778,19.042516708374023,2.172760009765625,-5.652895927429199,-4.789403915405273
Whisper - Dataset 3.m4a,whispering,198,0.009426220320165157,0.0185546875,570.5376352841529,-517.9979248046875,193.64085388183594,43.84660339355469,28.49384307861328,21.13283348083496,2.000711441040039,-10.223552703857422,14.555304527282715,-0.9807171821594238,18.457733154296875,-1.379119873046875,-6.894133567810059,-2.603710651397705
Whisper - Dataset 3.m4a,whispering,199,0.009671829640865326,0.017578125,599.5394174343128,-506.861083984375,196.17697143554688,47.10227966308594,18.967098236083984,14.24754524230957,-1.431410551071167,-6.058722496032715,19.593074798583984,0.5146085023880005,11.914702415466309,-5.644589424133301,-6.254720211029053,-0.07013946771621704
Whisper - Dataset 3.m4a,whispering,200,0.008983911946415901,0.0185546875,638.0547091929088,-499.07598876953125,192.976318359375,40.942718505859375,12.038495063781738,18.164295196533203,1.575873613357544,2.4933853149414062,19.191986083984375,0.7678978443145752,3.269618511199951,-9.83517074584961,-0.15127979218959808,-3.137401580810547
Whisper - Dataset 3.m4a,whispering,201,0.008575833402574062,0.01806640625,683.4610796942343,-495.98779296875,188.51385498046875,31.401508331298828,10.167381286621094,23.801414489746094,15.514923095703125,-0.5228216648101807,5.799284934997559,-2.5543737411499023,3.7394323348999023,-5.098381996154785,1.3529309034347534,2.197694778442383
Whisper - Dataset 3.m4a,whispering,202,0.008284065872430801,0.01806640625,744.243153125035,-487.5028076171875,170.68276977539062,26.46929168701172,15.664647102355957,33.85858917236328,31.645034790039062,-5.165187358856201,-3.7338221073150635,-7.738587856292725,11.474283218383789,6.275422096252441,2.479074716567993,7.413242340087891
Whisper - Dataset 3.m4a,whispering,203,0.0072055901400744915,0.0771484375,1317.1617152186664,-463.3668518066406,128.81085205078125,46.569339752197266,13.49382495880127,31.15620231628418,38.94970703125,-12.702220916748047,-7.4828996658325195,-3.3398890495300293,16.622589111328125,5.002326965332031,10.486966133117676,-3.4214160442352295
Whisper - Dataset 3.m4a,whispering,204,0.0069450200535357,0.12939453125,3521.9355616584317,-418.5387268066406,70.00711059570312,60.067359924316406,8.996570587158203,27.956398010253906,35.37957763671875,-21.63867950439453,-6.5218424797058105,13.933183670043945,10.888652801513672,-2.406862735748291,14.538250923156738,-7.328407287597656
Whisper - Dataset 3.m4a,whispering,205,0.005641721189022064,0.16552734375,4656.874002182593,-384.1804504394531,45.213096618652344,45.47166442871094,4.387960910797119,21.49129867553711,19.927440643310547,-24.679061889648438,7.171518325805664,30.618412017822266,7.151053428649902,-7.746503829956055,17.256343841552734,-6.936285018920898
Whisper - Dataset 3.m4a,whispering,206,0.004704385530203581,0.18115234375,4027.7542980849103,-376.8693542480469,59.85810852050781,35.5807991027832,-4.148222923278809,12.143798828125,14.800857543945312,-27.136341094970703,10.311655044555664,35.30309295654297,13.909187316894531,-5.212681770324707,17.024024963378906,-3.885951042175293
Whisper - Dataset 3.m4a,whispering,207,0.006495570298284292,0.13037109375,2452.7257163355516,-397.6865234375,107.45877838134766,37.761070251464844,-5.7090277671813965,1.9189255237579346,21.25185775756836,-20.27517318725586,3.4758496284484863,21.049365997314453,12.979656219482422,-1.4446125030517578,14.151771545410156,-10.436695098876953
Whisper - Dataset 3.m4a,whispering,208,0.007929976098239422,0.08349609375,1211.493448104807,-396.9241943359375,159.68896484375,31.147653579711914,-8.450748443603516,-0.7648657560348511,11.893835067749023,-7.848026275634766,-2.5198192596435547,11.71049976348877,6.5371198654174805,3.43774676322937,18.23983383178711,-18.584228515625
Whisper - Dataset 3.m4a,whispering,209,0.008263344876468182,0.05224609375,1076.5780636274924,-402.3532409667969,173.53494262695312,29.19827651977539,-6.559255599975586,-7.726808071136475,11.110237121582031,-5.953976631164551,-2.8727357387542725,10.281299591064453,4.899350166320801,2.5484249591827393,20.92710304260254,-19.80288314819336
Whisper - Dataset 3.m4a,whispering,210,0.007930384017527103,0.0390625,956.5096009072895,-418.69482421875,178.77227783203125,40.75066375732422,-4.448397159576416,-13.731484413146973,16.499040603637695,-3.866943597793579,-4.907790660858154,9.70695686340332,6.704629421234131,4.8914475440979,16.7491455078125,-19.387496948242188
Whisper - Dataset 3.m4a,whispering,211,0.006386423949152231,0.03076171875,1218.0570986335579,-460.9463806152344,158.6129608154297,49.015663146972656,-1.4711954593658447,-9.1517333984375,25.037933349609375,-3.5930824279785156,-5.46846866607666,10.373616218566895,6.541823387145996,6.5222883224487305,14.665008544921875,-15.251960754394531
Whisper - Dataset 3.m4a,whispering,212,0.003856841940432787,0.02294921875,1296.5305447000828,-540.841552734375,140.90481567382812,47.883758544921875,6.1423869132995605,7.3373003005981445,32.2617073059082,1.9344112873077393,-2.7595021724700928,10.683774948120117,7.469971656799316,3.1939117908477783,15.721163749694824,-5.8220133781433105
Whisper - Dataset 3.m4a,whispering,213,0.0030359122902154922,0.02880859375,1414.6754449102564,-534.8856811523438,132.68333435058594,38.1796875,27.04140853881836,-11.407159805297852,36.232032775878906,-2.627000331878662,-12.87506103515625,17.50724983215332,4.220643043518066,-2.1259450912475586,10.972012519836426,-2.4487688541412354
Whisper - Dataset 3.m4a,whispering,214,0.0026834115851670504,0.0283203125,1919.1934180078197,-476.65814208984375,115.24111938476562,36.22962188720703,29.91045379638672,-20.045082092285156,34.01744079589844,-14.727022171020508,-19.099580764770508,21.007972717285156,5.643984794616699,-4.205658912658691,1.2668259143829346,-2.6639206409454346
Whisper - Dataset 3.m4a,whispering,215,0.0023509948514401913,0.02392578125,2064.888726614691,-477.269287109375,108.79141998291016,33.459991455078125,23.84708023071289,-11.934215545654297,25.006671905517578,-9.340858459472656,-15.717119216918945,14.705143928527832,5.51969051361084,-0.0680239200592041,0.3205195963382721,-1.2600904703140259
